m,change
500,56
500,75
500,-35
500,-34
500,25
500,1
500,28
500,54
500,8
500,-112
500,-63
500,-44
500,11
500,-7
500,29
500,34
500,-65
500,-26
500,89
500,-51
525,-85
525,-43
525,-30
525,100
525,5
525,-10
525,-20
525,-15
525,33
525,-27
525,-25
525,20
525,14
525,-11
525,-30
525,-6
525,-99
525,-18
525,52
525,26
550,-82
550,-30
550,-12
550,-56
550,-44
550,68
550,-126
550,-99
550,37
550,-23
550,-33
550,-32
550,-120
550,-137
550,-37
550,-52
550,32
550,45
550,26
550,-37
575,-57
575,35
575,-139
575,-9
575,19
575,52
575,16
575,-30
575,41
575,-51
575,68
575,1
575,-50
575,-42
575,39
575,4
575,-109
575,41
575,-12
575,-54
600,-18
600,-58
600,-123
600,50
600,-82
600,-95
600,7
600,102
600,-132
600,18
600,-66
600,-82
600,-35
600,-56
600,-67
600,55
600,146
600,-36
600,-32
600,-110
625,6
625,-27
625,-68
625,-2
625,-28
625,12
625,136
625,-42
625,-26
625,0
625,-175
625,-13
625,-8
625,84
625,64
625,-81
625,-149
625,-56
625,-89
625,-15
650,44
650,19
650,12
650,-26
650,-72
650,-39
650,28
650,-34
650,2
650,-109
650,-65
650,-16
650,67
650,-38
650,27
650,20
650,-32
650,-3
650,-21
650,-89
675,-131
675,-56
675,-70
675,-8
675,54
675,-174
675,-9
675,-5
675,-142
675,43
675,-52
675,-82
675,-46
675,41
675,50
675,-39
675,-71
675,-49
675,-187
675,-10
700,-219
700,-56
700,1
700,-42
700,-165
700,15
700,32
700,-226
700,-23
700,29
700,84
700,-3
700,38
700,-212
700,-153
700,-108
700,32
700,-17
700,-65
700,-4
725,195
725,59
725,-43
725,-220
725,-16
725,90
725,-215
725,32
725,-41
725,-167
725,-67
725,53
725,-4
725,28
725,35
725,80
725,-231
725,67
725,10
725,-132
750,-336
750,41
750,-30
750,-301
750,-219
750,-296
750,105
750,-35
750,-100
750,36
750,-226
750,42
750,-39
750,-241
750,-83
750,-8
750,5
750,-243
750,-34
750,18
775,-5
775,47
775,51
775,12
775,-12
775,114
775,-340
775,-12
775,-157
775,-26
775,-140
775,81
775,82
775,0
775,47
775,52
775,170
775,66
775,-21
775,79
800,1
800,67
800,95
800,30
800,-13
800,109
800,-419
800,-473
800,-92
800,52
800,-410
800,39
800,24
800,-3
800,-67
800,-26
800,-136
800,78
800,-24
800,-333
825,83
825,26
825,-320
825,-63
825,36
825,-470
825,42
825,31
825,100
825,28
825,17
825,131
825,21
825,-132
825,46
825,-59
825,-419
825,5
825,-50
825,-37
850,80
850,-3
850,-527
850,163
850,33
850,-420
850,-29
850,-27
850,-5
850,-539
850,41
850,-544
850,-39
850,44
850,-51
850,63
850,-489
850,-167
850,-64
850,-459
875,130
875,-562
875,-101
875,-48
875,1
875,29
875,-26
875,-29
875,-688
875,-16
875,-465
875,-665
875,-548
875,-46
875,-475
875,110
875,-567
875,51
875,-2
875,-86
900,-17
900,-574
900,188
900,-21
900,88
900,-577
900,-66
900,-6
900,-3
900,14
900,-486
900,50
900,28
900,-587
900,16
900,-87
900,133
900,31
900,-13
900,142
925,-577
925,-3
925,-631
925,101
925,-660
925,63
925,-451
925,-654
925,86
925,21
925,-101
925,21
925,103
925,39
925,66
925,-654
925,-682
925,3
925,58
925,179
950,-54
950,25
950,-111
950,5
950,-715
950,0
950,-28
950,-94
950,50
950,-45
950,-664
950,21
950,-64
950,-33
950,-582
950,51
950,52
950,54
950,30
950,116
951,-665
951,-666
951,-13
951,68
951,-46
951,117
951,-3
951,-618
951,64
951,54
951,51
951,-5
951,107
951,130
951,-57
951,-20
951,-10
951,34
951,26
951,-577
952,-86
952,-636
952,96
952,-600
952,109
952,-739
952,-626
952,18
952,-661
952,28
952,-592
952,67
952,-679
952,73
952,-84
952,149
952,138
952,167
952,-40
952,-70
953,-90
953,-52
953,25
953,-633
953,39
953,48
953,-20
953,-48
953,2
953,70
953,49
953,-104
953,-47
953,-597
953,31
953,-711
953,-697
953,28
953,-3
953,-24
954,-565
954,-22
954,-84
954,7
954,-604
954,-9
954,-54
954,-10
954,-705
954,-26
954,-637
954,-682
954,-63
954,-61
954,4
954,-161
954,-187
954,-652
954,-67
954,-48
955,-36
955,-642
955,-608
955,-81
955,-608
955,-14
955,-647
955,-122
955,46
955,-99
955,-66
955,-49
955,51
955,-550
955,-688
955,19
955,77
955,55
955,58
955,16
956,-50
956,88
956,-664
956,-619
956,50
956,-40
956,-529
956,25
956,53
956,10
956,-594
956,-40
956,-716
956,0
956,110
956,-730
956,17
956,35
956,-680
956,131
957,29
957,-12
957,93
957,50
957,-65
957,-646
957,-146
957,-483
957,100
957,-682
957,-14
957,-372
957,103
957,-46
957,92
957,-717
957,-75
957,45
957,-33
957,0
958,30
958,-635
958,-620
958,70
958,-598
958,9
958,-68
958,118
958,-721
958,180
958,52
958,65
958,-82
958,-53
958,-747
958,-92
958,-24
958,-10
958,-509
958,-39
959,-629
959,23
959,-661
959,-618
959,-636
959,-52
959,-602
959,236
959,-651
959,99
959,56
959,67
959,66
959,-5
959,-630
959,49
959,-723
959,49
959,-8
959,-25
960,189
960,13
960,188
960,-622
960,-646
960,-700
960,-184
960,38
960,82
960,-10
960,-545
960,-535
960,-37
960,-47
960,-113
960,-18
960,-50
960,-86
960,108
960,-752
961,10
961,-105
961,-56
961,49
961,111
961,24
961,-77
961,-16
961,-600
961,35
961,-75
961,-25
961,3
961,171
961,132
961,3
961,100
961,-93
961,52
961,-46
962,-60
962,-98
962,-36
962,-2
962,-53
962,42
962,104
962,-85
962,-46
962,28
962,-628
962,-23
962,30
962,94
962,-775
962,25
962,-598
962,-681
962,-445
962,9
963,45
963,134
963,-597
963,104
963,-619
963,-49
963,-669
963,-634
963,42
963,-595
963,89
963,1
963,33
963,-41
963,11
963,84
963,-57
963,-601
963,-358
963,16
964,-590
964,-15
964,113
964,-90
964,105
964,205
964,32
964,-189
964,211
964,-650
964,4
964,-25
964,-546
964,13
964,113
964,70
964,100
964,101
964,186
964,60
965,-41
965,-45
965,68
965,63
965,91
965,-671
965,97
965,-12
965,-643
965,114
965,-131
965,79
965,-669
965,-613
965,44
965,107
965,110
965,62
965,26
965,131
966,-12
966,-3
966,107
966,-99
966,49
966,73
966,-53
966,29
966,55
966,-29
966,-30
966,-20
966,56
966,69
966,-14
966,-194
966,-555
966,-72
966,-682
966,-660
967,101
967,-627
967,-599
967,-1
967,25
967,9
967,10
967,-119
967,-673
967,89
967,77
967,-70
967,-54
967,62
967,-64
967,-692
967,95
967,-64
967,118
967,-45
968,-6
968,16
968,-16
968,-655
968,-616
968,43
968,-24
968,-102
968,-10
968,144
968,-521
968,39
968,-113
968,-142
968,3
968,65
968,-93
968,-61
968,-16
968,-21
969,72
969,5
969,-602
969,58
969,33
969,-97
969,46
969,-699
969,-600
969,-80
969,-41
969,177
969,-762
969,-145
969,80
969,-19
969,-5
969,5
969,54
969,143
970,-4
970,-90
970,-83
970,-576
970,163
970,24
970,-579
970,5
970,-77
970,-708
970,4
970,102
970,-4
970,47
970,7
970,-666
970,-211
970,-656
970,70
970,2
971,133
971,-515
971,72
971,-39
971,-668
971,-539
971,-43
971,-28
971,-417
971,83
971,-130
971,-28
971,7
971,8
971,-70
971,-83
971,-1
971,-10
971,-1
971,-136
972,4
972,18
972,29
972,-654
972,128
972,36
972,106
972,39
972,16
972,-10
972,40
972,-47
972,146
972,96
972,-33
972,-42
972,1
972,-618
972,5
972,-688
973,113
973,-23
973,-728
973,-597
973,-7
973,125
973,-704
973,-569
973,-574
973,72
973,43
973,96
973,-21
973,-92
973,-30
973,41
973,-669
973,-584
973,43
973,-54
974,-648
974,127
974,-83
974,123
974,21
974,-570
974,27
974,38
974,22
974,-647
974,44
974,-577
974,71
974,-10
974,23
974,110
974,60
974,-650
974,-679
974,105
975,-680
975,96
975,45
975,-137
975,76
975,-579
975,41
975,37
975,-32
975,-592
975,160
975,-17
975,-58
975,55
975,-79
975,45
975,49
975,-636
975,-2
975,-91
976,102
976,68
976,-48
976,-706
976,55
976,-30
976,-28
976,-649
976,-73
976,-24
976,-60
976,-45
976,79
976,-620
976,-622
976,21
976,142
976,-101
976,17
976,-2
977,-613
977,-532
977,18
977,-97
977,39
977,68
977,-5
977,11
977,47
977,-700
977,-86
977,-660
977,43
977,-684
977,160
977,70
977,70
977,11
977,-706
977,31
978,143
978,-13
978,38
978,68
978,-92
978,-682
978,-589
978,34
978,96
978,-45
978,76
978,5
978,-682
978,-105
978,-35
978,-692
978,32
978,-559
978,8
978,-592
979,35
979,120
979,-581
979,-56
979,-42
979,2
979,31
979,-648
979,115
979,107
979,83
979,93
979,-37
979,-16
979,-648
979,119
979,-615
979,-64
979,24
979,52
980,-37
980,-36
980,44
980,-615
980,-59
980,-570
980,246
980,29
980,-556
980,18
980,63
980,-692
980,-2
980,-649
980,55
980,-1
980,127
980,-17
980,3
980,24
981,-781
981,-10
981,118
981,-4
981,-759
981,-14
981,67
981,-694
981,-586
981,57
981,-656
981,-32
981,56
981,55
981,63
981,-153
981,-32
981,-30
981,-47
981,-651
982,50
982,-639
982,-133
982,-640
982,194
982,-68
982,-19
982,-749
982,30
982,-654
982,33
982,-55
982,173
982,153
982,-628
982,-717
982,-44
982,64
982,-677
982,121
983,-685
983,-783
983,-707
983,88
983,-93
983,-29
983,-741
983,-646
983,18
983,21
983,8
983,-663
983,20
983,-648
983,54
983,-43
983,-45
983,-521
983,-711
983,91
984,-674
984,63
984,1
984,-3
984,-4
984,-641
984,63
984,-35
984,156
984,-117
984,-50
984,-619
984,-654
984,-696
984,-72
984,-77
984,8
984,60
984,-651
984,11
985,-61
985,1
985,-103
985,-9
985,96
985,101
985,76
985,118
985,38
985,9
985,-612
985,-582
985,-627
985,-692
985,185
985,30
985,112
985,-18
985,-56
985,-126
986,36
986,52
986,-44
986,17
986,-636
986,146
986,1
986,26
986,118
986,-609
986,-87
986,-37
986,-640
986,211
986,65
986,-603
986,36
986,-18
986,-94
986,-607
987,-709
987,-65
987,-654
987,-128
987,-71
987,-23
987,95
987,39
987,58
987,74
987,17
987,39
987,-577
987,-27
987,-679
987,-608
987,-2
987,-15
987,-731
987,173
988,15
988,101
988,108
988,28
988,93
988,89
988,-664
988,85
988,137
988,92
988,135
988,-76
988,-40
988,13
988,72
988,-546
988,40
988,-142
988,148
988,84
989,70
989,-659
989,75
989,3
989,-609
989,-32
989,-658
989,-178
989,69
989,-616
989,-608
989,-87
989,-34
989,54
989,-78
989,-691
989,-566
989,-668
989,-41
989,101
990,-94
990,-68
990,124
990,-47
990,-8
990,67
990,-584
990,46
990,-46
990,-588
990,-38
990,39
990,44
990,-9
990,90
990,-2
990,11
990,-15
990,-6
990,-626
991,164
991,68
991,171
991,114
991,94
991,52
991,-642
991,32
991,47
991,64
991,-615
991,-125
991,2
991,-697
991,-582
991,-662
991,-661
991,-659
991,-125
991,-79
992,40
992,45
992,-3
992,22
992,-30
992,-138
992,159
992,79
992,101
992,-154
992,-24
992,-45
992,-28
992,-662
992,80
992,-46
992,-34
992,-33
992,290
992,-599
993,73
993,151
993,-661
993,51
993,108
993,125
993,-699
993,14
993,82
993,55
993,-78
993,22
993,31
993,-68
993,-96
993,-119
993,-593
993,86
993,-630
993,-653
994,-108
994,-68
994,151
994,-91
994,16
994,84
994,-738
994,8
994,-82
994,88
994,24
994,20
994,60
994,35
994,-540
994,53
994,130
994,-37
994,-645
994,70
995,-79
995,125
995,-631
995,9
995,95
995,-681
995,-40
995,158
995,-637
995,-646
995,62
995,-670
995,33
995,-69
995,-32
995,72
995,-636
995,18
995,-606
995,-157
996,-116
996,-677
996,125
996,-612
996,38
996,-631
996,-591
996,-34
996,-53
996,-78
996,100
996,0
996,93
996,-674
996,-629
996,18
996,-18
996,88
996,60
996,-41
997,-18
997,-536
997,-628
997,-114
997,133
997,-662
997,-519
997,75
997,-19
997,-713
997,-70
997,61
997,15
997,10
997,36
997,-128
997,120
997,-538
997,-647
997,7
998,-649
998,78
998,173
998,-153
998,-63
998,-36
998,40
998,86
998,-136
998,81
998,-710
998,-70
998,145
998,7
998,-21
998,39
998,-618
998,-688
998,116
998,-648
999,-590
999,-705
999,-644
999,-647
999,14
999,206
999,-689
999,-583
999,41
999,-31
999,-612
999,-607
999,-16
999,33
999,-616
999,111
999,-663
999,-677
999,-128
999,12
1000,-655
1000,52
1000,-411
1000,27
1000,42
1000,5
1000,-586
1000,204
1000,10
1000,-27
1000,54
1000,92
1000,-36
1000,81
1000,-595
1000,-51
1000,-678
1000,34
1000,-610
1000,49
1001,44
1001,-647
1001,3
1001,78
1001,-592
1001,55
1001,-86
1001,-648
1001,64
1001,78
1001,-78
1001,73
1001,-621
1001,35
1001,15
1001,107
1001,167
1001,-563
1001,0
1001,26
1002,-43
1002,-601
1002,-634
1002,-26
1002,-654
1002,22
1002,25
1002,-13
1002,-714
1002,145
1002,-50
1002,-568
1002,-692
1002,-622
1002,150
1002,-72
1002,-8
1002,-607
1002,41
1002,26
1003,44
1003,-706
1003,-136
1003,-105
1003,-686
1003,-71
1003,-627
1003,-1
1003,42
1003,-645
1003,15
1003,127
1003,-690
1003,-612
1003,117
1003,-674
1003,-48
1003,-616
1003,-2
1003,-21
1004,-81
1004,80
1004,-549
1004,-645
1004,-58
1004,-133
1004,166
1004,128
1004,141
1004,192
1004,57
1004,-83
1004,181
1004,-26
1004,-17
1004,39
1004,19
1004,16
1004,35
1004,-693
1005,110
1005,-40
1005,109
1005,111
1005,82
1005,-658
1005,-716
1005,47
1005,88
1005,-613
1005,-17
1005,-763
1005,20
1005,55
1005,5
1005,118
1005,17
1005,76
1005,-619
1005,-722
1006,-546
1006,109
1006,-616
1006,-624
1006,-125
1006,73
1006,112
1006,-27
1006,-641
1006,25
1006,67
1006,-593
1006,40
1006,-12
1006,-660
1006,-682
1006,-605
1006,48
1006,169
1006,38
1007,8
1007,90
1007,-46
1007,-86
1007,4
1007,-46
1007,-33
1007,-633
1007,-47
1007,-628
1007,41
1007,-2
1007,-717
1007,28
1007,-35
1007,-655
1007,41
1007,10
1007,-97
1007,52
1008,175
1008,-175
1008,65
1008,-672
1008,77
1008,-21
1008,41
1008,7
1008,149
1008,-567
1008,9
1008,9
1008,-13
1008,22
1008,13
1008,-47
1008,-42
1008,65
1008,-663
1008,42
1009,-47
1009,92
1009,-30
1009,74
1009,-597
1009,57
1009,-624
1009,83
1009,-49
1009,-40
1009,-691
1009,-588
1009,91
1009,53
1009,-646
1009,-674
1009,-13
1009,-602
1009,10
1009,-45
1010,165
1010,-771
1010,186
1010,-562
1010,-17
1010,-617
1010,-187
1010,9
1010,51
1010,-1
1010,-46
1010,16
1010,-30
1010,100
1010,6
1010,143
1010,-8
1010,124
1010,-60
1010,-8
1011,-584
1011,127
1011,85
1011,48
1011,102
1011,8
1011,0
1011,153
1011,35
1011,-39
1011,68
1011,31
1011,-51
1011,-669
1011,-564
1011,16
1011,-12
1011,-556
1011,67
1011,53
1012,-78
1012,-623
1012,119
1012,-600
1012,167
1012,73
1012,-40
1012,51
1012,57
1012,108
1012,123
1012,145
1012,151
1012,71
1012,-639
1012,5
1012,-49
1012,195
1012,-42
1012,8
1013,-624
1013,27
1013,134
1013,15
1013,-145
1013,123
1013,115
1013,-12
1013,90
1013,-629
1013,-88
1013,-42
1013,-649
1013,30
1013,-671
1013,-55
1013,158
1013,-608
1013,-563
1013,10
1014,-624
1014,-43
1014,85
1014,-663
1014,-1
1014,22
1014,16
1014,-736
1014,-71
1014,-94
1014,85
1014,-711
1014,16
1014,-33
1014,-646
1014,-669
1014,85
1014,4
1014,-677
1014,-18
1015,-13
1015,47
1015,94
1015,-40
1015,-127
1015,-642
1015,-88
1015,55
1015,-29
1015,39
1015,24
1015,31
1015,7
1015,-674
1015,62
1015,102
1015,-627
1015,-11
1015,-487
1015,-41
1016,-77
1016,-20
1016,110
1016,72
1016,-47
1016,107
1016,-98
1016,144
1016,130
1016,-61
1016,-659
1016,-582
1016,-115
1016,-50
1016,73
1016,-50
1016,-658
1016,41
1016,128
1016,59
1017,-18
1017,109
1017,8
1017,-680
1017,-24
1017,-699
1017,0
1017,-132
1017,-651
1017,12
1017,68
1017,-3
1017,82
1017,-736
1017,84
1017,92
1017,-13
1017,130
1017,47
1017,-42
1018,-643
1018,-41
1018,-102
1018,-42
1018,-17
1018,-543
1018,64
1018,12
1018,-113
1018,69
1018,-559
1018,-20
1018,-21
1018,41
1018,-590
1018,-609
1018,-480
1018,-488
1018,57
1018,-178
1019,116
1019,67
1019,-56
1019,-639
1019,167
1019,-570
1019,-11
1019,69
1019,101
1019,102
1019,81
1019,91
1019,-649
1019,-627
1019,-102
1019,-98
1019,112
1019,52
1019,90
1019,-14
1020,-121
1020,-103
1020,136
1020,26
1020,-624
1020,-622
1020,-64
1020,-605
1020,34
1020,-1
1020,-496
1020,-717
1020,-658
1020,-683
1020,-57
1020,137
1020,54
1020,-16
1020,17
1020,-674
1021,-628
1021,62
1021,69
1021,-118
1021,153
1021,51
1021,-10
1021,-50
1021,142
1021,-599
1021,-57
1021,86
1021,-34
1021,-690
1021,-29
1021,119
1021,26
1021,29
1021,-580
1021,-13
1022,64
1022,57
1022,129
1022,-34
1022,88
1022,138
1022,61
1022,63
1022,-40
1022,146
1022,175
1022,-656
1022,-137
1022,42
1022,152
1022,-105
1022,75
1022,162
1022,-67
1022,81
1023,42
1023,-577
1023,14
1023,-651
1023,18
1023,74
1023,97
1023,105
1023,-9
1023,23
1023,-68
1023,-650
1023,39
1023,-55
1023,41
1023,37
1023,74
1023,-624
1023,125
1023,-712
1024,-683
1024,-31
1024,-23
1024,-26
1024,-726
1024,-637
1024,62
1024,146
1024,-99
1024,124
1024,-67
1024,7
1024,20
1024,-43
1024,-733
1024,-8
1024,100
1024,-652
1024,92
1024,-679
1025,-43
1025,-14
1025,111
1025,72
1025,-53
1025,30
1025,-52
1025,-25
1025,83
1025,43
1025,-12
1025,8
1025,-94
1025,25
1025,-8
1025,-118
1025,89
1025,-10
1025,52
1025,83
1026,-93
1026,-21
1026,-127
1026,-155
1026,16
1026,-43
1026,59
1026,-94
1026,16
1026,-18
1026,280
1026,-97
1026,-13
1026,12
1026,186
1026,47
1026,97
1026,-22
1026,71
1026,-118
1027,16
1027,80
1027,32
1027,74
1027,9
1027,-6
1027,65
1027,104
1027,-54
1027,134
1027,170
1027,-61
1027,76
1027,84
1027,98
1027,-49
1027,127
1027,9
1027,44
1027,-76
1028,3
1028,-6
1028,103
1028,-13
1028,244
1028,-55
1028,-41
1028,-34
1028,79
1028,68
1028,2
1028,6
1028,-92
1028,73
1028,78
1028,-13
1028,52
1028,63
1028,56
1028,8
1029,35
1029,-62
1029,120
1029,2
1029,52
1029,102
1029,15
1029,-22
1029,5
1029,-120
1029,35
1029,45
1029,67
1029,-78
1029,-71
1029,-175
1029,138
1029,-10
1029,-27
1029,120
1030,64
1030,74
1030,102
1030,-70
1030,116
1030,-142
1030,64
1030,5
1030,56
1030,55
1030,205
1030,73
1030,-77
1030,35
1030,-47
1030,31
1030,26
1030,68
1030,83
1030,17
1031,111
1031,-85
1031,-45
1031,-27
1031,27
1031,86
1031,12
1031,99
1031,207
1031,39
1031,244
1031,-28
1031,-50
1031,74
1031,-77
1031,78
1031,138
1031,104
1031,4
1031,-76
1032,-25
1032,135
1032,-60
1032,-82
1032,83
1032,-38
1032,-73
1032,63
1032,85
1032,50
1032,-60
1032,-60
1032,71
1032,17
1032,30
1032,172
1032,72
1032,90
1032,-116
1032,-17
1033,-23
1033,33
1033,-49
1033,117
1033,-103
1033,56
1033,0
1033,103
1033,-42
1033,-45
1033,-10
1033,27
1033,-48
1033,-8
1033,103
1033,-113
1033,-20
1033,64
1033,-75
1033,-84
1034,124
1034,75
1034,-71
1034,-27
1034,20
1034,-1
1034,127
1034,48
1034,65
1034,60
1034,42
1034,-73
1034,56
1034,-46
1034,63
1034,20
1034,77
1034,66
1034,5
1034,4
1035,0
1035,188
1035,0
1035,78
1035,56
1035,95
1035,58
1035,12
1035,132
1035,-20
1035,78
1035,2
1035,-96
1035,28
1035,18
1035,84
1035,-106
1035,-161
1035,-216
1035,94
1036,-28
1036,100
1036,56
1036,49
1036,106
1036,-92
1036,22
1036,40
1036,-139
1036,42
1036,-66
1036,-113
1036,180
1036,-15
1036,68
1036,44
1036,-89
1036,113
1036,-25
1036,-5
1037,10
1037,91
1037,12
1037,169
1037,84
1037,-121
1037,-65
1037,51
1037,54
1037,-30
1037,47
1037,17
1037,-91
1037,100
1037,13
1037,32
1037,-65
1037,-54
1037,119
1037,87
1038,-129
1038,163
1038,-71
1038,-37
1038,-32
1038,-21
1038,15
1038,35
1038,84
1038,-11
1038,13
1038,41
1038,13
1038,127
1038,-16
1038,-61
1038,-33
1038,-15
1038,135
1038,-84
1039,127
1039,136
1039,1
1039,146
1039,91
1039,-124
1039,-69
1039,12
1039,30
1039,31
1039,8
1039,-153
1039,21
1039,71
1039,61
1039,110
1039,-44
1039,36
1039,176
1039,161
1040,-29
1040,-23
1040,-127
1040,-14
1040,-118
1040,-54
1040,117
1040,-94
1040,3
1040,-72
1040,-21
1040,57
1040,-93
1040,-31
1040,-138
1040,-44
1040,-13
1040,8
1040,-18
1040,21
1041,64
1041,-169
1041,34
1041,124
1041,51
1041,-72
1041,81
1041,-52
1041,-23
1041,26
1041,-10
1041,33
1041,-39
1041,22
1041,89
1041,15
1041,18
1041,25
1041,151
1041,-63
1042,-26
1042,74
1042,-7
1042,-2
1042,94
1042,125
1042,41
1042,26
1042,35
1042,198
1042,7
1042,70
1042,-4
1042,-58
1042,54
1042,-81
1042,221
1042,78
1042,-77
1042,-84
1043,76
1043,108
1043,-60
1043,73
1043,106
1043,89
1043,-22
1043,35
1043,46
1043,-35
1043,-26
1043,78
1043,84
1043,-54
1043,41
1043,72
1043,96
1043,16
1043,-172
1043,-10
1044,235
1044,166
1044,44
1044,13
1044,53
1044,121
1044,-94
1044,97
1044,-40
1044,85
1044,-17
1044,-62
1044,62
1044,37
1044,86
1044,71
1044,-18
1044,107
1044,-50
1044,-27
1045,-87
1045,1
1045,-29
1045,64
1045,-58
1045,-56
1045,24
1045,-138
1045,11
1045,126
1045,98
1045,21
1045,-167
1045,-93
1045,22
1045,175
1045,-24
1045,-108
1045,-63
1045,19
1046,-21
1046,-58
1046,-48
1046,114
1046,132
1046,-192
1046,-2
1046,-156
1046,138
1046,-74
1046,105
1046,67
1046,49
1046,-10
1046,-264
1046,-98
1046,88
1046,-38
1046,43
1046,-135
1047,62
1047,-61
1047,-98
1047,-24
1047,20
1047,35
1047,16
1047,76
1047,56
1047,-18
1047,-6
1047,3
1047,-8
1047,93
1047,41
1047,-61
1047,174
1047,114
1047,28
1047,48
1048,124
1048,125
1048,40
1048,-15
1048,5
1048,-33
1048,-50
1048,42
1048,13
1048,40
1048,42
1048,-15
1048,40
1048,-37
1048,68
1048,-31
1048,-45
1048,76
1048,100
1048,109
1049,-109
1049,154
1049,-61
1049,24
1049,13
1049,-41
1049,-58
1049,-108
1049,12
1049,-27
1049,12
1049,-160
1049,44
1049,90
1049,36
1049,-113
1049,-12
1049,-83
1049,34
1049,-42
1050,-40
1050,77
1050,-14
1050,122
1050,-149
1050,58
1050,61
1050,74
1050,38
1050,-59
1050,-61
1050,-41
1050,30
1050,-96
1050,31
1050,45
1050,31
1050,-37
1050,48
1050,92
1051,-2
1051,-109
1051,137
1051,14
1051,20
1051,63
1051,169
1051,102
1051,39
1051,-118
1051,-105
1051,49
1051,25
1051,-123
1051,6
1051,-69
1051,-1
1051,66
1051,60
1051,-18
1052,24
1052,-36
1052,-9
1052,-18
1052,-31
1052,81
1052,-63
1052,-2
1052,138
1052,-58
1052,2
1052,98
1052,-41
1052,-11
1052,112
1052,-49
1052,30
1052,-132
1052,-74
1052,63
1053,188
1053,81
1053,-39
1053,42
1053,35
1053,23
1053,-184
1053,-7
1053,-12
1053,34
1053,-124
1053,68
1053,-116
1053,71
1053,-14
1053,11
1053,37
1053,10
1053,15
1053,4
1054,54
1054,17
1054,88
1054,-4
1054,20
1054,109
1054,121
1054,32
1054,17
1054,59
1054,-84
1054,26
1054,-8
1054,-26
1054,-6
1054,27
1054,-24
1054,-88
1054,67
1054,120
1055,-96
1055,-45
1055,-20
1055,35
1055,214
1055,86
1055,12
1055,-110
1055,68
1055,53
1055,-11
1055,111
1055,45
1055,-29
1055,-119
1055,117
1055,109
1055,159
1055,-43
1055,36
1056,23
1056,-29
1056,-24
1056,81
1056,-26
1056,-185
1056,-30
1056,26
1056,-120
1056,88
1056,-22
1056,-8
1056,41
1056,-7
1056,47
1056,-8
1056,130
1056,80
1056,56
1056,95
1057,6
1057,109
1057,-52
1057,-4
1057,60
1057,84
1057,6
1057,99
1057,-35
1057,-76
1057,53
1057,-8
1057,34
1057,-53
1057,-7
1057,121
1057,76
1057,51
1057,64
1057,-72
1058,80
1058,-61
1058,-86
1058,146
1058,132
1058,-107
1058,126
1058,-40
1058,-60
1058,-15
1058,72
1058,-22
1058,-143
1058,27
1058,183
1058,-72
1058,38
1058,90
1058,75
1058,2
1059,-6
1059,217
1059,62
1059,-71
1059,-21
1059,26
1059,-18
1059,-108
1059,84
1059,58
1059,127
1059,58
1059,91
1059,-2
1059,63
1059,133
1059,95
1059,35
1059,-58
1059,98
1060,16
1060,14
1060,74
1060,-42
1060,-42
1060,9
1060,-2
1060,-34
1060,76
1060,62
1060,-56
1060,-92
1060,45
1060,-14
1060,28
1060,32
1060,-3
1060,66
1060,-8
1060,36
1061,-63
1061,160
1061,116
1061,-10
1061,-5
1061,42
1061,-97
1061,-64
1061,32
1061,26
1061,42
1061,1
1061,99
1061,93
1061,25
1061,-52
1061,-40
1061,89
1061,-16
1061,69
1062,37
1062,-5
1062,-43
1062,-77
1062,97
1062,76
1062,61
1062,-1
1062,54
1062,38
1062,64
1062,60
1062,3
1062,-9
1062,169
1062,44
1062,18
1062,-48
1062,118
1062,22
1063,-15
1063,125
1063,32
1063,16
1063,66
1063,-84
1063,177
1063,-63
1063,64
1063,24
1063,-129
1063,30
1063,-38
1063,50
1063,39
1063,-44
1063,142
1063,-145
1063,107
1063,-67
1064,112
1064,8
1064,43
1064,-74
1064,22
1064,-57
1064,67
1064,71
1064,-35
1064,49
1064,70
1064,41
1064,-74
1064,-101
1064,125
1064,20
1064,-2
1064,-110
1064,146
1064,-3
1065,40
1065,4
1065,10
1065,-83
1065,87
1065,-4
1065,11
1065,-70
1065,133
1065,36
1065,16
1065,38
1065,43
1065,62
1065,57
1065,-124
1065,111
1065,31
1065,-45
1065,-45
1066,53
1066,30
1066,128
1066,51
1066,179
1066,53
1066,105
1066,23
1066,8
1066,163
1066,4
1066,78
1066,43
1066,13
1066,3
1066,-61
1066,-80
1066,109
1066,46
1066,107
1067,-3
1067,83
1067,-95
1067,32
1067,18
1067,-47
1067,57
1067,114
1067,56
1067,-30
1067,6
1067,58
1067,79
1067,-61
1067,122
1067,29
1067,123
1067,26
1067,-21
1067,14
1068,263
1068,-108
1068,155
1068,68
1068,135
1068,167
1068,-14
1068,61
1068,7
1068,-133
1068,75
1068,108
1068,60
1068,51
1068,-14
1068,123
1068,33
1068,-21
1068,-17
1068,-23
1069,150
1069,41
1069,132
1069,2
1069,97
1069,-164
1069,-68
1069,61
1069,55
1069,72
1069,-94
1069,-32
1069,57
1069,58
1069,-94
1069,14
1069,-51
1069,-7
1069,-63
1069,49
1070,16
1070,-68
1070,-14
1070,59
1070,93
1070,34
1070,4
1070,101
1070,138
1070,-58
1070,-45
1070,62
1070,137
1070,68
1070,-51
1070,10
1070,135
1070,99
1070,81
1070,124
1071,90
1071,47
1071,120
1071,114
1071,137
1071,-8
1071,-71
1071,-65
1071,26
1071,127
1071,40
1071,-16
1071,-74
1071,-42
1071,-5
1071,77
1071,133
1071,-31
1071,-57
1071,-40
1072,-51
1072,18
1072,27
1072,-86
1072,-11
1072,-26
1072,86
1072,92
1072,-90
1072,28
1072,14
1072,-65
1072,10
1072,-85
1072,45
1072,47
1072,122
1072,129
1072,94
1072,43
1073,-60
1073,28
1073,154
1073,43
1073,135
1073,-13
1073,72
1073,26
1073,-116
1073,24
1073,52
1073,-27
1073,-135
1073,161
1073,-30
1073,-97
1073,15
1073,-71
1073,-64
1073,53
1074,-9
1074,-51
1074,-40
1074,-22
1074,-50
1074,-11
1074,-29
1074,74
1074,-110
1074,99
1074,-73
1074,-26
1074,51
1074,46
1074,-33
1074,-10
1074,63
1074,5
1074,-125
1074,-76
1075,9
1075,67
1075,223
1075,-46
1075,25
1075,6
1075,-81
1075,16
1075,-102
1075,-134
1075,83
1075,94
1075,127
1075,23
1075,-98
1075,-4
1075,50
1075,-27
1075,128
1075,23
1076,49
1076,-33
1076,-130
1076,32
1076,170
1076,163
1076,0
1076,-18
1076,-69
1076,45
1076,57
1076,120
1076,-95
1076,12
1076,60
1076,-113
1076,-36
1076,-80
1076,-18
1076,156
1077,4
1077,-62
1077,30
1077,128
1077,89
1077,-253
1077,-34
1077,16
1077,86
1077,-44
1077,-29
1077,-115
1077,66
1077,-63
1077,-18
1077,-4
1077,-87
1077,62
1077,6
1077,-66
1078,-18
1078,93
1078,-7
1078,40
1078,20
1078,139
1078,-101
1078,3
1078,52
1078,-39
1078,115
1078,29
1078,30
1078,41
1078,-27
1078,47
1078,-25
1078,-70
1078,98
1078,-31
1079,22
1079,108
1079,-80
1079,168
1079,-21
1079,71
1079,71
1079,112
1079,-89
1079,21
1079,47
1079,149
1079,-19
1079,76
1079,34
1079,185
1079,123
1079,80
1079,70
1079,148
1080,3
1080,-28
1080,-14
1080,-64
1080,199
1080,33
1080,23
1080,-26
1080,39
1080,76
1080,6
1080,-17
1080,-11
1080,103
1080,-186
1080,72
1080,-27
1080,138
1080,38
1080,-10
1081,-1
1081,93
1081,76
1081,2
1081,35
1081,79
1081,10
1081,36
1081,-66
1081,56
1081,-56
1081,-14
1081,121
1081,-35
1081,3
1081,-103
1081,54
1081,50
1081,-59
1081,94
1082,150
1082,-6
1082,-8
1082,127
1082,29
1082,-57
1082,-22
1082,-106
1082,-78
1082,-72
1082,-30
1082,36
1082,47
1082,43
1082,-9
1082,-49
1082,87
1082,21
1082,-28
1082,8
1083,118
1083,172
1083,34
1083,36
1083,-4
1083,129
1083,23
1083,113
1083,195
1083,47
1083,97
1083,115
1083,41
1083,70
1083,14
1083,-6
1083,75
1083,32
1083,-69
1083,84
1084,30
1084,25
1084,-52
1084,30
1084,-99
1084,136
1084,79
1084,47
1084,5
1084,-22
1084,-30
1084,-196
1084,184
1084,22
1084,-23
1084,-85
1084,-41
1084,199
1084,36
1084,-23
1085,131
1085,-62
1085,146
1085,-43
1085,75
1085,-49
1085,35
1085,-48
1085,-72
1085,24
1085,86
1085,-42
1085,82
1085,2
1085,11
1085,-27
1085,79
1085,39
1085,-26
1085,-80
1086,22
1086,27
1086,126
1086,-115
1086,7
1086,146
1086,49
1086,23
1086,179
1086,89
1086,-38
1086,91
1086,-41
1086,64
1086,11
1086,-90
1086,93
1086,-41
1086,28
1086,-48
1087,99
1087,86
1087,36
1087,-95
1087,49
1087,-2
1087,112
1087,36
1087,-7
1087,83
1087,15
1087,137
1087,-71
1087,89
1087,163
1087,30
1087,-20
1087,52
1087,79
1087,74
1088,-13
1088,-22
1088,41
1088,-35
1088,195
1088,4
1088,51
1088,-150
1088,-139
1088,27
1088,46
1088,61
1088,112
1088,94
1088,6
1088,-17
1088,-31
1088,102
1088,-12
1088,62
1089,138
1089,-2
1089,-1
1089,70
1089,73
1089,1
1089,76
1089,-149
1089,3
1089,146
1089,-112
1089,-84
1089,147
1089,8
1089,108
1089,64
1089,62
1089,71
1089,47
1089,43
1090,132
1090,21
1090,25
1090,41
1090,-109
1090,-62
1090,93
1090,-50
1090,66
1090,4
1090,-9
1090,150
1090,-78
1090,-110
1090,-74
1090,37
1090,38
1090,118
1090,70
1090,153
1091,85
1091,20
1091,42
1091,4
1091,55
1091,27
1091,-22
1091,-68
1091,7
1091,-9
1091,162
1091,90
1091,-46
1091,-100
1091,-36
1091,-36
1091,68
1091,-156
1091,204
1091,-5
1092,91
1092,132
1092,67
1092,-61
1092,85
1092,-50
1092,285
1092,80
1092,-25
1092,-66
1092,-34
1092,95
1092,72
1092,-12
1092,70
1092,122
1092,143
1092,-100
1092,140
1092,118
1093,26
1093,21
1093,-107
1093,63
1093,172
1093,-76
1093,-2
1093,76
1093,-57
1093,25
1093,106
1093,-40
1093,23
1093,-126
1093,-32
1093,-18
1093,60
1093,30
1093,-35
1093,-112
1094,70
1094,102
1094,89
1094,6
1094,34
1094,-146
1094,-36
1094,-44
1094,32
1094,24
1094,170
1094,-9
1094,83
1094,-63
1094,-149
1094,67
1094,-52
1094,96
1094,200
1094,85
1095,-3
1095,72
1095,-16
1095,132
1095,-61
1095,10
1095,-10
1095,50
1095,75
1095,41
1095,-52
1095,-28
1095,-157
1095,56
1095,42
1095,-39
1095,76
1095,168
1095,125
1095,-2
1096,125
1096,-16
1096,47
1096,-9
1096,160
1096,-27
1096,-22
1096,-27
1096,95
1096,-58
1096,-153
1096,17
1096,-29
1096,89
1096,6
1096,24
1096,75
1096,40
1096,121
1096,55
1097,47
1097,80
1097,-73
1097,-12
1097,-6
1097,90
1097,43
1097,24
1097,-61
1097,-66
1097,212
1097,67
1097,72
1097,-24
1097,51
1097,3
1097,-3
1097,115
1097,-79
1097,35
1098,-46
1098,63
1098,113
1098,80
1098,12
1098,9
1098,72
1098,-31
1098,98
1098,85
1098,22
1098,121
1098,128
1098,-40
1098,86
1098,31
1098,-6
1098,112
1098,135
1098,-78
1099,44
1099,76
1099,69
1099,158
1099,138
1099,-97
1099,57
1099,28
1099,87
1099,74
1099,23
1099,127
1099,68
1099,123
1099,46
1099,188
1099,20
1099,5
1099,31
1099,-84
1100,15
1100,-51
1100,34
1100,33
1100,22
1100,15
1100,2
1100,-118
1100,42
1100,131
1100,94
1100,48
1100,-80
1100,3
1100,-42
1100,45
1100,0
1100,40
1100,161
1100,3
1101,29
1101,48
1101,-54
1101,-59
1101,77
1101,-10
1101,99
1101,-65
1101,-14
1101,78
1101,23
1101,38
1101,-37
1101,1
1101,112
1101,72
1101,1
1101,-94
1101,1
1101,8
1102,166
1102,-85
1102,156
1102,87
1102,-55
1102,-48
1102,-45
1102,-171
1102,25
1102,118
1102,-46
1102,91
1102,-77
1102,79
1102,-18
1102,40
1102,-71
1102,5
1102,57
1102,25
1103,-88
1103,-53
1103,-53
1103,155
1103,86
1103,-111
1103,5
1103,151
1103,-109
1103,-86
1103,-6
1103,43
1103,154
1103,-62
1103,-9
1103,-44
1103,27
1103,-103
1103,-36
1103,-60
1104,91
1104,57
1104,-2
1104,85
1104,-61
1104,-10
1104,90
1104,80
1104,112
1104,89
1104,139
1104,140
1104,103
1104,114
1104,-8
1104,-33
1104,-105
1104,7
1104,93
1104,2
1105,-248
1105,0
1105,67
1105,119
1105,-11
1105,31
1105,23
1105,66
1105,-132
1105,50
1105,64
1105,-7
1105,44
1105,50
1105,132
1105,137
1105,105
1105,37
1105,-24
1105,58
1106,-64
1106,97
1106,52
1106,64
1106,2
1106,26
1106,-43
1106,-71
1106,64
1106,-55
1106,71
1106,95
1106,140
1106,-103
1106,64
1106,52
1106,124
1106,-1
1106,-86
1106,-36
1107,96
1107,18
1107,-27
1107,92
1107,44
1107,68
1107,-64
1107,-5
1107,164
1107,34
1107,49
1107,67
1107,48
1107,153
1107,58
1107,-76
1107,-26
1107,54
1107,17
1107,66
1108,47
1108,182
1108,40
1108,88
1108,75
1108,8
1108,120
1108,45
1108,-27
1108,97
1108,-16
1108,-9
1108,-113
1108,9
1108,74
1108,24
1108,-7
1108,113
1108,111
1108,28
1109,91
1109,25
1109,155
1109,-77
1109,-19
1109,82
1109,55
1109,101
1109,119
1109,71
1109,59
1109,-29
1109,-70
1109,-79
1109,-53
1109,16
1109,40
1109,126
1109,-1
1109,164
1110,32
1110,206
1110,-56
1110,-124
1110,21
1110,38
1110,30
1110,-107
1110,73
1110,-40
1110,-24
1110,105
1110,126
1110,26
1110,0
1110,-106
1110,4
1110,42
1110,-71
1110,20
1111,24
1111,149
1111,159
1111,45
1111,40
1111,10
1111,88
1111,-12
1111,103
1111,0
1111,24
1111,26
1111,-33
1111,197
1111,-47
1111,52
1111,-176
1111,1
1111,-146
1111,9
1112,32
1112,127
1112,20
1112,52
1112,9
1112,-35
1112,-11
1112,101
1112,53
1112,-16
1112,-24
1112,65
1112,0
1112,-3
1112,72
1112,175
1112,227
1112,-19
1112,61
1112,23
1113,169
1113,38
1113,135
1113,31
1113,-58
1113,-51
1113,24
1113,-9
1113,-9
1113,-89
1113,-58
1113,3
1113,-217
1113,-27
1113,-83
1113,37
1113,60
1113,70
1113,-63
1113,-3
1114,-82
1114,85
1114,-87
1114,138
1114,-21
1114,-70
1114,232
1114,39
1114,-42
1114,-93
1114,267
1114,-105
1114,-57
1114,33
1114,205
1114,-92
1114,105
1114,173
1114,51
1114,80
1115,-36
1115,-22
1115,25
1115,-7
1115,-113
1115,102
1115,-69
1115,-22
1115,-138
1115,79
1115,-144
1115,-28
1115,-56
1115,-19
1115,-110
1115,-30
1115,-25
1115,52
1115,-14
1115,-10
1116,24
1116,14
1116,58
1116,25
1116,-46
1116,-77
1116,-9
1116,78
1116,113
1116,-88
1116,81
1116,121
1116,125
1116,-35
1116,150
1116,-60
1116,32
1116,-37
1116,-33
1116,8
1117,-20
1117,37
1117,21
1117,127
1117,-2
1117,77
1117,114
1117,166
1117,21
1117,21
1117,59
1117,-4
1117,73
1117,-2
1117,-15
1117,-59
1117,114
1117,99
1117,86
1117,-86
1118,134
1118,-5
1118,133
1118,156
1118,2
1118,13
1118,30
1118,-19
1118,-7
1118,3
1118,-103
1118,-51
1118,-29
1118,178
1118,-21
1118,85
1118,44
1118,94
1118,90
1118,29
1119,-18
1119,-13
1119,86
1119,-2
1119,-4
1119,-38
1119,41
1119,-19
1119,59
1119,-107
1119,97
1119,-10
1119,30
1119,-26
1119,11
1119,32
1119,35
1119,-32
1119,-86
1119,47
1120,177
1120,129
1120,-41
1120,116
1120,9
1120,112
1120,89
1120,-62
1120,-3
1120,24
1120,17
1120,106
1120,40
1120,81
1120,12
1120,-50
1120,43
1120,94
1120,-31
1120,-13
1121,2
1121,87
1121,15
1121,103
1121,-94
1121,-9
1121,111
1121,47
1121,43
1121,86
1121,129
1121,15
1121,47
1121,-100
1121,90
1121,-133
1121,-114
1121,-38
1121,86
1121,-56
1122,13
1122,-101
1122,-74
1122,43
1122,152
1122,148
1122,-49
1122,81
1122,-89
1122,80
1122,-87
1122,16
1122,55
1122,-37
1122,185
1122,67
1122,-133
1122,115
1122,-67
1122,106
1123,74
1123,-85
1123,59
1123,-28
1123,-17
1123,-33
1123,-4
1123,-16
1123,74
1123,13
1123,1
1123,74
1123,-33
1123,27
1123,37
1123,47
1123,51
1123,-44
1123,66
1123,70
1124,65
1124,66
1124,15
1124,154
1124,28
1124,112
1124,-52
1124,167
1124,-68
1124,121
1124,5
1124,12
1124,-56
1124,42
1124,277
1124,-64
1124,-81
1124,57
1124,-19
1124,28
1125,-45
1125,-30
1125,23
1125,95
1125,9
1125,80
1125,33
1125,214
1125,-23
1125,-42
1125,-2
1125,114
1125,17
1125,153
1125,3
1125,99
1125,37
1125,-63
1125,39
1125,-128
1126,-16
1126,-3
1126,179
1126,1
1126,10
1126,131
1126,216
1126,15
1126,87
1126,-111
1126,55
1126,112
1126,55
1126,75
1126,83
1126,92
1126,17
1126,-32
1126,-77
1126,-104
1127,10
1127,46
1127,3
1127,84
1127,82
1127,-134
1127,-11
1127,-76
1127,-102
1127,136
1127,94
1127,54
1127,18
1127,-20
1127,-35
1127,71
1127,-36
1127,13
1127,-142
1127,94
1128,-54
1128,119
1128,-1
1128,-93
1128,-81
1128,-53
1128,-8
1128,104
1128,-25
1128,-106
1128,-71
1128,-141
1128,138
1128,35
1128,-74
1128,-53
1128,-20
1128,-44
1128,148
1128,-39
1129,54
1129,54
1129,-46
1129,2
1129,86
1129,-41
1129,-52
1129,52
1129,24
1129,75
1129,265
1129,66
1129,6
1129,177
1129,118
1129,-13
1129,15
1129,67
1129,-8
1129,70
1130,61
1130,46
1130,125
1130,16
1130,-84
1130,-72
1130,70
1130,46
1130,-57
1130,42
1130,76
1130,113
1130,81
1130,140
1130,-22
1130,-1
1130,22
1130,218
1130,18
1130,-28
1131,30
1131,-31
1131,28
1131,69
1131,123
1131,77
1131,43
1131,17
1131,40
1131,-35
1131,-33
1131,134
1131,119
1131,-38
1131,93
1131,-115
1131,10
1131,19
1131,-36
1131,1
1132,203
1132,-16
1132,97
1132,39
1132,-87
1132,35
1132,-33
1132,-5
1132,93
1132,113
1132,100
1132,17
1132,-181
1132,-92
1132,2
1132,-84
1132,9
1132,67
1132,-47
1132,56
1133,19
1133,212
1133,24
1133,186
1133,108
1133,77
1133,-80
1133,26
1133,-49
1133,46
1133,110
1133,24
1133,143
1133,3
1133,32
1133,121
1133,42
1133,16
1133,107
1133,-13
1134,1
1134,84
1134,36
1134,152
1134,-7
1134,35
1134,-63
1134,-37
1134,119
1134,-101
1134,71
1134,47
1134,-76
1134,61
1134,-46
1134,-144
1134,-58
1134,-5
1134,24
1134,-94
1135,-53
1135,7
1135,-51
1135,54
1135,-68
1135,166
1135,140
1135,210
1135,35
1135,44
1135,-36
1135,38
1135,-24
1135,31
1135,86
1135,163
1135,-41
1135,3
1135,28
1135,10
1136,-130
1136,5
1136,148
1136,85
1136,21
1136,-4
1136,28
1136,-53
1136,65
1136,86
1136,-56
1136,-10
1136,-62
1136,79
1136,-195
1136,73
1136,-67
1136,19
1136,-24
1136,75
1137,-82
1137,43
1137,30
1137,84
1137,88
1137,10
1137,0
1137,50
1137,56
1137,52
1137,64
1137,-23
1137,-22
1137,-4
1137,40
1137,-45
1137,-56
1137,-27
1137,36
1137,50
1138,25
1138,-114
1138,-77
1138,-11
1138,211
1138,37
1138,52
1138,-2
1138,118
1138,-128
1138,31
1138,52
1138,-142
1138,124
1138,-26
1138,170
1138,169
1138,113
1138,78
1138,69
1139,46
1139,211
1139,7
1139,-10
1139,81
1139,199
1139,74
1139,83
1139,10
1139,61
1139,7
1139,109
1139,-68
1139,-67
1139,-8
1139,15
1139,-93
1139,-27
1139,50
1139,-60
1140,-59
1140,171
1140,-52
1140,27
1140,23
1140,-98
1140,14
1140,96
1140,64
1140,0
1140,-70
1140,131
1140,43
1140,104
1140,53
1140,122
1140,-46
1140,62
1140,5
1140,166
1141,72
1141,115
1141,131
1141,162
1141,121
1141,-157
1141,43
1141,14
1141,256
1141,112
1141,-22
1141,82
1141,43
1141,-87
1141,66
1141,141
1141,60
1141,-68
1141,183
1141,3
1142,-58
1142,53
1142,-119
1142,0
1142,74
1142,-4
1142,276
1142,68
1142,-105
1142,159
1142,-16
1142,33
1142,-45
1142,-71
1142,113
1142,90
1142,35
1142,181
1142,-97
1142,-25
1143,-72
1143,20
1143,-84
1143,-23
1143,52
1143,-119
1143,-82
1143,44
1143,-30
1143,98
1143,64
1143,59
1143,245
1143,-122
1143,-74
1143,103
1143,-68
1143,6
1143,88
1143,-22
1144,140
1144,45
1144,118
1144,71
1144,46
1144,-15
1144,27
1144,-7
1144,56
1144,3
1144,-58
1144,-72
1144,-35
1144,112
1144,-47
1144,-84
1144,107
1144,97
1144,-7
1144,58
1145,-39
1145,-58
1145,133
1145,-58
1145,12
1145,22
1145,-20
1145,82
1145,123
1145,-84
1145,-76
1145,-107
1145,162
1145,29
1145,-6
1145,67
1145,12
1145,-32
1145,-98
1145,-69
1146,234
1146,5
1146,-47
1146,91
1146,-59
1146,44
1146,155
1146,-33
1146,178
1146,181
1146,-33
1146,-83
1146,82
1146,-47
1146,172
1146,78
1146,42
1146,68
1146,45
1146,120
1147,-33
1147,104
1147,-3
1147,96
1147,85
1147,128
1147,-30
1147,-58
1147,138
1147,17
1147,-66
1147,136
1147,154
1147,124
1147,173
1147,116
1147,-79
1147,-94
1147,-29
1147,77
1148,-45
1148,40
1148,86
1148,70
1148,114
1148,36
1148,101
1148,76
1148,52
1148,-32
1148,-29
1148,-15
1148,11
1148,-39
1148,-43
1148,-63
1148,22
1148,26
1148,-42
1148,5
1149,-83
1149,96
1149,133
1149,40
1149,-166
1149,75
1149,30
1149,-128
1149,-157
1149,86
1149,-35
1149,118
1149,-103
1149,-102
1149,86
1149,31
1149,58
1149,-69
1149,50
1149,37
1150,-67
1150,43
1150,-8
1150,70
1150,99
1150,-12
1150,106
1150,211
1150,5
1150,94
1150,82
1150,34
1150,20
1150,-54
1150,27
1150,110
1150,121
1150,14
1150,-14
1150,81
1151,-10
1151,42
1151,-105
1151,183
1151,38
1151,-29
1151,75
1151,28
1151,6
1151,13
1151,72
1151,25
1151,-70
1151,65
1151,-35
1151,14
1151,3
1151,96
1151,-48
1151,-76
1152,-22
1152,6
1152,-69
1152,-22
1152,4
1152,87
1152,-86
1152,-65
1152,91
1152,69
1152,-71
1152,64
1152,37
1152,-5
1152,-11
1152,14
1152,-1
1152,52
1152,-155
1152,32
1153,74
1153,-45
1153,-46
1153,-37
1153,-48
1153,8
1153,66
1153,113
1153,-11
1153,13
1153,181
1153,-44
1153,53
1153,8
1153,23
1153,-17
1153,40
1153,141
1153,-139
1153,-72
1154,-93
1154,132
1154,-201
1154,50
1154,39
1154,75
1154,157
1154,49
1154,49
1154,43
1154,9
1154,40
1154,-9
1154,100
1154,6
1154,44
1154,-5
1154,55
1154,-1
1154,-31
1155,44
1155,64
1155,-9
1155,-43
1155,41
1155,-39
1155,44
1155,-71
1155,1
1155,-127
1155,-43
1155,93
1155,121
1155,-36
1155,8
1155,131
1155,55
1155,153
1155,-21
1155,-67
1156,-29
1156,168
1156,-47
1156,-1
1156,41
1156,-77
1156,186
1156,45
1156,17
1156,93
1156,9
1156,137
1156,59
1156,-46
1156,6
1156,-41
1156,-14
1156,-25
1156,-55
1156,2
1157,-29
1157,-53
1157,31
1157,-113
1157,88
1157,21
1157,171
1157,49
1157,-1
1157,53
1157,54
1157,-37
1157,99
1157,73
1157,65
1157,90
1157,69
1157,39
1157,77
1157,3
1158,13
1158,34
1158,199
1158,115
1158,277
1158,-131
1158,26
1158,-35
1158,83
1158,123
1158,-90
1158,8
1158,160
1158,-122
1158,-57
1158,121
1158,48
1158,103
1158,59
1158,34
1159,64
1159,-103
1159,104
1159,14
1159,26
1159,-35
1159,303
1159,71
1159,41
1159,20
1159,101
1159,100
1159,177
1159,69
1159,-96
1159,75
1159,51
1159,288
1159,93
1159,47
1160,-139
1160,-124
1160,105
1160,96
1160,30
1160,4
1160,180
1160,-34
1160,103
1160,112
1160,19
1160,-22
1160,45
1160,-69
1160,18
1160,9
1160,-52
1160,29
1160,33
1160,155
1161,-2
1161,46
1161,214
1161,47
1161,45
1161,122
1161,-8
1161,-26
1161,85
1161,-127
1161,-51
1161,38
1161,119
1161,153
1161,50
1161,22
1161,11
1161,101
1161,57
1161,-10
1162,97
1162,16
1162,5
1162,133
1162,59
1162,-18
1162,25
1162,99
1162,-11
1162,34
1162,-58
1162,-50
1162,-64
1162,104
1162,-51
1162,107
1162,-9
1162,32
1162,58
1162,64
1163,96
1163,-3
1163,-66
1163,151
1163,28
1163,105
1163,-53
1163,-10
1163,22
1163,-16
1163,-74
1163,-51
1163,-27
1163,151
1163,34
1163,91
1163,-6
1163,16
1163,76
1163,34
1164,-28
1164,10
1164,-34
1164,-30
1164,21
1164,129
1164,21
1164,-133
1164,-75
1164,21
1164,7
1164,24
1164,42
1164,14
1164,52
1164,-8
1164,145
1164,41
1164,29
1164,3
1165,8
1165,-24
1165,95
1165,56
1165,137
1165,12
1165,21
1165,117
1165,80
1165,-22
1165,-46
1165,-72
1165,65
1165,21
1165,179
1165,117
1165,52
1165,78
1165,22
1165,-60
1166,153
1166,-85
1166,-25
1166,-35
1166,125
1166,22
1166,56
1166,-79
1166,-120
1166,102
1166,50
1166,-43
1166,-48
1166,169
1166,88
1166,-13
1166,-7
1166,-92
1166,128
1166,41
1167,-146
1167,6
1167,-49
1167,57
1167,-16
1167,-71
1167,12
1167,-99
1167,-3
1167,61
1167,49
1167,93
1167,204
1167,-74
1167,-68
1167,187
1167,23
1167,156
1167,15
1167,-75
1168,34
1168,137
1168,91
1168,40
1168,95
1168,41
1168,54
1168,86
1168,-40
1168,-66
1168,6
1168,-131
1168,-10
1168,-5
1168,42
1168,118
1168,134
1168,142
1168,127
1168,-36
1169,15
1169,-44
1169,176
1169,-2
1169,-79
1169,-11
1169,68
1169,-20
1169,3
1169,-30
1169,200
1169,-73
1169,55
1169,66
1169,-38
1169,-54
1169,90
1169,31
1169,2
1169,138
1170,-14
1170,45
1170,66
1170,9
1170,-24
1170,93
1170,190
1170,-176
1170,71
1170,50
1170,7
1170,-3
1170,-72
1170,-20
1170,21
1170,130
1170,-33
1170,-162
1170,172
1170,89
1171,146
1171,-86
1171,-1
1171,-77
1171,141
1171,-22
1171,26
1171,-130
1171,-78
1171,166
1171,20
1171,-50
1171,-25
1171,75
1171,282
1171,-38
1171,10
1171,-18
1171,6
1171,-15
1172,58
1172,98
1172,36
1172,5
1172,-51
1172,41
1172,55
1172,-22
1172,-99
1172,8
1172,-114
1172,-81
1172,45
1172,41
1172,35
1172,88
1172,153
1172,26
1172,72
1172,31
1173,31
1173,192
1173,-41
1173,50
1173,95
1173,45
1173,-61
1173,22
1173,75
1173,42
1173,37
1173,176
1173,184
1173,-5
1173,-29
1173,-45
1173,38
1173,-29
1173,41
1173,151
1174,105
1174,55
1174,-107
1174,62
1174,-105
1174,10
1174,-32
1174,-43
1174,20
1174,-45
1174,82
1174,17
1174,39
1174,31
1174,102
1174,147
1174,101
1174,126
1174,-15
1174,-186
1175,-2
1175,-59
1175,16
1175,119
1175,63
1175,-28
1175,-130
1175,59
1175,68
1175,63
1175,134
1175,82
1175,-132
1175,46
1175,146
1175,-27
1175,137
1175,26
1175,-37
1175,61
1176,58
1176,-29
1176,105
1176,151
1176,164
1176,-59
1176,95
1176,77
1176,72
1176,149
1176,116
1176,26
1176,224
1176,93
1176,135
1176,163
1176,-4
1176,-78
1176,-35
1176,81
1177,26
1177,-37
1177,44
1177,42
1177,40
1177,5
1177,-118
1177,-132
1177,95
1177,170
1177,73
1177,-28
1177,-30
1177,36
1177,27
1177,14
1177,167
1177,82
1177,121
1177,-56
1178,-70
1178,-24
1178,32
1178,-139
1178,252
1178,159
1178,-138
1178,-38
1178,52
1178,45
1178,-21
1178,28
1178,212
1178,112
1178,-61
1178,28
1178,134
1178,-59
1178,-94
1178,84
1179,73
1179,-170
1179,35
1179,-115
1179,-40
1179,-53
1179,92
1179,-70
1179,20
1179,55
1179,94
1179,27
1179,51
1179,9
1179,-21
1179,103
1179,5
1179,-7
1179,45
1179,43
1180,151
1180,-155
1180,151
1180,-145
1180,-85
1180,63
1180,89
1180,135
1180,-65
1180,124
1180,150
1180,87
1180,69
1180,1
1180,36
1180,-75
1180,-56
1180,17
1180,10
1180,-5
1181,9
1181,17
1181,34
1181,-34
1181,70
1181,90
1181,76
1181,98
1181,37
1181,221
1181,-39
1181,82
1181,6
1181,-20
1181,46
1181,17
1181,1
1181,87
1181,61
1181,-18
1182,6
1182,122
1182,-18
1182,41
1182,134
1182,80
1182,109
1182,54
1182,-153
1182,72
1182,45
1182,27
1182,-44
1182,-106
1182,59
1182,106
1182,17
1182,4
1182,146
1182,109
1183,48
1183,-20
1183,-179
1183,3
1183,-25
1183,38
1183,4
1183,129
1183,-31
1183,27
1183,115
1183,-43
1183,133
1183,118
1183,95
1183,213
1183,-11
1183,53
1183,37
1183,-193
1184,41
1184,-40
1184,174
1184,32
1184,-15
1184,0
1184,9
1184,65
1184,169
1184,58
1184,-14
1184,88
1184,72
1184,-28
1184,-95
1184,32
1184,31
1184,39
1184,-29
1184,55
1185,4
1185,4
1185,-191
1185,43
1185,-56
1185,66
1185,14
1185,-25
1185,-43
1185,28
1185,32
1185,163
1185,47
1185,3
1185,-52
1185,7
1185,31
1185,19
1185,-98
1185,30
1186,-135
1186,-12
1186,-58
1186,-95
1186,44
1186,57
1186,-74
1186,-107
1186,24
1186,127
1186,56
1186,202
1186,176
1186,-36
1186,176
1186,55
1186,-17
1186,120
1186,142
1186,-101
1187,14
1187,-61
1187,-182
1187,-29
1187,-71
1187,17
1187,134
1187,26
1187,-39
1187,-69
1187,34
1187,26
1187,97
1187,-68
1187,82
1187,-58
1187,5
1187,-46
1187,54
1187,-20
1188,42
1188,-13
1188,-13
1188,31
1188,22
1188,28
1188,135
1188,148
1188,93
1188,50
1188,113
1188,-79
1188,-56
1188,-46
1188,31
1188,84
1188,-97
1188,30
1188,-20
1188,-3
1189,66
1189,305
1189,33
1189,36
1189,75
1189,90
1189,67
1189,127
1189,37
1189,-24
1189,120
1189,-19
1189,-61
1189,-64
1189,-34
1189,68
1189,7
1189,-16
1189,-78
1189,-33
1190,-108
1190,17
1190,33
1190,16
1190,95
1190,-82
1190,202
1190,179
1190,-49
1190,89
1190,73
1190,30
1190,35
1190,-31
1190,207
1190,5
1190,-51
1190,-51
1190,-4
1190,-11
1191,19
1191,-28
1191,282
1191,14
1191,-110
1191,16
1191,85
1191,84
1191,-3
1191,103
1191,101
1191,34
1191,122
1191,-59
1191,75
1191,-31
1191,48
1191,4
1191,97
1191,91
1192,158
1192,22
1192,33
1192,115
1192,54
1192,-93
1192,36
1192,-152
1192,-133
1192,6
1192,-29
1192,56
1192,196
1192,-56
1192,88
1192,0
1192,-19
1192,42
1192,206
1192,26
1193,-92
1193,-46
1193,-39
1193,110
1193,-2
1193,144
1193,-110
1193,55
1193,241
1193,108
1193,101
1193,-103
1193,90
1193,53
1193,26
1193,149
1193,83
1193,45
1193,-103
1193,104
1194,47
1194,192
1194,87
1194,70
1194,127
1194,-66
1194,30
1194,-88
1194,-128
1194,179
1194,-75
1194,-13
1194,-50
1194,61
1194,60
1194,28
1194,-180
1194,-34
1194,-83
1194,72
1195,-54
1195,72
1195,226
1195,106
1195,-59
1195,-62
1195,78
1195,-100
1195,180
1195,62
1195,191
1195,-11
1195,-42
1195,-26
1195,17
1195,189
1195,-29
1195,66
1195,-23
1195,67
1196,-24
1196,107
1196,-12
1196,-118
1196,100
1196,63
1196,185
1196,92
1196,85
1196,-17
1196,-26
1196,75
1196,16
1196,-87
1196,95
1196,-46
1196,103
1196,134
1196,-71
1196,-28
1197,-70
1197,81
1197,111
1197,-97
1197,123
1197,44
1197,96
1197,-22
1197,75
1197,-129
1197,125
1197,-34
1197,145
1197,4
1197,-16
1197,-51
1197,114
1197,-43
1197,84
1197,25
1198,39
1198,63
1198,-186
1198,-270
1198,-30
1198,152
1198,67
1198,86
1198,-112
1198,113
1198,73
1198,155
1198,117
1198,90
1198,-105
1198,44
1198,-17
1198,-43
1198,66
1198,4
1199,-33
1199,-35
1199,103
1199,130
1199,-80
1199,105
1199,36
1199,214
1199,-21
1199,-38
1199,-16
1199,58
1199,4
1199,60
1199,-84
1199,-35
1199,-69
1199,149
1199,176
1199,10
1200,164
1200,37
1200,-28
1200,-66
1200,16
1200,109
1200,53
1200,-56
1200,100
1200,221
1200,7
1200,97
1200,-22
1200,139
1200,-26
1200,74
1200,95
1200,119
1200,39
1200,40
1201,70
1201,0
1201,136
1201,131
1201,85
1201,93
1201,-25
1201,2
1201,14
1201,140
1201,20
1201,-115
1201,-4
1201,12
1201,29
1201,25
1201,5
1201,49
1201,-19
1201,116
1202,25
1202,-55
1202,90
1202,146
1202,131
1202,-36
1202,92
1202,-77
1202,15
1202,122
1202,41
1202,74
1202,-46
1202,55
1202,62
1202,88
1202,142
1202,68
1202,188
1202,55
1203,34
1203,92
1203,129
1203,91
1203,39
1203,155
1203,0
1203,-7
1203,151
1203,19
1203,-21
1203,166
1203,-129
1203,-63
1203,73
1203,-38
1203,34
1203,15
1203,-71
1203,48
1204,164
1204,-30
1204,185
1204,-12
1204,-60
1204,-107
1204,70
1204,124
1204,12
1204,119
1204,66
1204,88
1204,-35
1204,120
1204,98
1204,51
1204,-96
1204,19
1204,13
1204,-48
1205,248
1205,64
1205,-99
1205,-29
1205,61
1205,50
1205,12
1205,-9
1205,140
1205,-35
1205,43
1205,-42
1205,-23
1205,91
1205,21
1205,-18
1205,37
1205,-20
1205,-22
1205,2
1206,82
1206,78
1206,11
1206,53
1206,61
1206,-15
1206,12
1206,5
1206,65
1206,-54
1206,170
1206,38
1206,82
1206,-9
1206,146
1206,40
1206,-39
1206,25
1206,28
1206,-137
1207,82
1207,41
1207,22
1207,85
1207,60
1207,-103
1207,175
1207,114
1207,149
1207,20
1207,-11
1207,54
1207,-49
1207,49
1207,-27
1207,-39
1207,10
1207,168
1207,104
1207,211
1208,55
1208,-66
1208,0
1208,11
1208,-80
1208,73
1208,-39
1208,166
1208,20
1208,-43
1208,-144
1208,-96
1208,50
1208,97
1208,-12
1208,-23
1208,44
1208,-23
1208,64
1208,-21
1209,-129
1209,61
1209,-24
1209,-43
1209,-61
1209,-12
1209,-105
1209,2
1209,157
1209,-95
1209,-75
1209,129
1209,157
1209,54
1209,-18
1209,103
1209,124
1209,51
1209,137
1209,94
1210,-40
1210,-70
1210,63
1210,57
1210,115
1210,-14
1210,65
1210,-7
1210,78
1210,46
1210,62
1210,-37
1210,-82
1210,100
1210,-91
1210,127
1210,32
1210,195
1210,-104
1210,-20
1211,-28
1211,-22
1211,98
1211,122
1211,6
1211,63
1211,28
1211,46
1211,102
1211,41
1211,35
1211,51
1211,134
1211,-25
1211,-38
1211,-72
1211,59
1211,98
1211,-23
1211,0
1212,144
1212,-147
1212,-114
1212,104
1212,154
1212,15
1212,99
1212,16
1212,-8
1212,29
1212,-207
1212,115
1212,136
1212,-109
1212,-140
1212,18
1212,161
1212,46
1212,8
1212,134
1213,-93
1213,109
1213,-58
1213,2
1213,80
1213,-58
1213,-67
1213,157
1213,-91
1213,-10
1213,-19
1213,7
1213,19
1213,13
1213,48
1213,106
1213,66
1213,63
1213,79
1213,-46
1214,66
1214,-61
1214,119
1214,170
1214,-28
1214,53
1214,-55
1214,-87
1214,90
1214,53
1214,6
1214,-23
1214,31
1214,95
1214,-37
1214,-102
1214,106
1214,108
1214,154
1214,15
1215,-55
1215,136
1215,38
1215,69
1215,283
1215,-155
1215,140
1215,103
1215,-53
1215,-87
1215,18
1215,-11
1215,82
1215,86
1215,3
1215,-92
1215,-80
1215,79
1215,22
1215,183
1216,12
1216,90
1216,176
1216,43
1216,-184
1216,82
1216,36
1216,24
1216,-42
1216,-6
1216,111
1216,-22
1216,99
1216,-56
1216,3
1216,29
1216,39
1216,74
1216,53
1216,86
1217,110
1217,55
1217,120
1217,1
1217,-95
1217,52
1217,9
1217,4
1217,-53
1217,70
1217,108
1217,79
1217,74
1217,46
1217,160
1217,26
1217,-7
1217,4
1217,113
1217,74
1218,-144
1218,62
1218,48
1218,-72
1218,10
1218,16
1218,-105
1218,-69
1218,-68
1218,41
1218,6
1218,-49
1218,105
1218,-58
1218,83
1218,14
1218,43
1218,209
1218,46
1218,69
1219,86
1219,-81
1219,165
1219,126
1219,108
1219,5
1219,-83
1219,101
1219,-45
1219,135
1219,60
1219,101
1219,30
1219,104
1219,-8
1219,142
1219,44
1219,0
1219,-15
1219,14
1220,-80
1220,-32
1220,85
1220,-66
1220,203
1220,-18
1220,-13
1220,155
1220,19
1220,144
1220,-141
1220,71
1220,-102
1220,29
1220,192
1220,99
1220,23
1220,-2
1220,150
1220,-109
1221,-41
1221,-101
1221,-16
1221,156
1221,102
1221,85
1221,33
1221,202
1221,-61
1221,15
1221,104
1221,-94
1221,128
1221,93
1221,47
1221,80
1221,-19
1221,7
1221,87
1221,88
1222,62
1222,207
1222,58
1222,3
1222,31
1222,179
1222,-24
1222,53
1222,255
1222,28
1222,85
1222,62
1222,-18
1222,25
1222,29
1222,-92
1222,190
1222,1
1222,-11
1222,154
1223,173
1223,130
1223,17
1223,52
1223,6
1223,-55
1223,-85
1223,88
1223,-134
1223,146
1223,-1
1223,23
1223,47
1223,-14
1223,48
1223,153
1223,117
1223,171
1223,69
1223,137
1224,294
1224,31
1224,10
1224,-9
1224,-21
1224,31
1224,-11
1224,161
1224,216
1224,46
1224,49
1224,7
1224,88
1224,-9
1224,145
1224,108
1224,36
1224,53
1224,-28
1224,170
1225,-64
1225,92
1225,67
1225,76
1225,114
1225,66
1225,7
1225,176
1225,28
1225,125
1225,43
1225,-28
1225,21
1225,-10
1225,7
1225,59
1225,-125
1225,117
1225,-17
1225,-38
1226,-38
1226,58
1226,104
1226,230
1226,26
1226,-143
1226,-16
1226,52
1226,177
1226,26
1226,89
1226,144
1226,-77
1226,-22
1226,84
1226,77
1226,-58
1226,-19
1226,22
1226,122
1227,165
1227,23
1227,-58
1227,146
1227,-13
1227,6
1227,25
1227,-46
1227,107
1227,-67
1227,95
1227,-103
1227,-6
1227,113
1227,63
1227,-35
1227,19
1227,48
1227,46
1227,121
1228,56
1228,-61
1228,90
1228,78
1228,10
1228,21
1228,-10
1228,29
1228,74
1228,51
1228,166
1228,-151
1228,-41
1228,63
1228,56
1228,56
1228,10
1228,-23
1228,16
1228,-71
1229,-85
1229,48
1229,67
1229,-82
1229,-88
1229,-70
1229,149
1229,108
1229,101
1229,107
1229,17
1229,87
1229,-175
1229,132
1229,92
1229,-90
1229,-14
1229,92
1229,73
1229,2
1230,125
1230,92
1230,11
1230,-63
1230,119
1230,-86
1230,0
1230,-14
1230,64
1230,-126
1230,119
1230,-95
1230,23
1230,-54
1230,51
1230,85
1230,-87
1230,45
1230,-60
1230,57
1231,-8
1231,125
1231,107
1231,105
1231,-9
1231,160
1231,-30
1231,106
1231,184
1231,47
1231,39
1231,78
1231,66
1231,20
1231,118
1231,78
1231,-56
1231,10
1231,-14
1231,77
1232,174
1232,147
1232,-122
1232,-1
1232,9
1232,195
1232,-59
1232,-19
1232,53
1232,46
1232,50
1232,69
1232,17
1232,-26
1232,129
1232,71
1232,42
1232,122
1232,173
1232,128
1233,88
1233,126
1233,-55
1233,161
1233,26
1233,58
1233,-8
1233,116
1233,-47
1233,120
1233,244
1233,45
1233,17
1233,-4
1233,57
1233,19
1233,-94
1233,78
1233,-1
1233,-4
1234,42
1234,-21
1234,-14
1234,-99
1234,-40
1234,94
1234,118
1234,81
1234,-139
1234,-85
1234,3
1234,79
1234,11
1234,130
1234,-8
1234,-57
1234,-7
1234,35
1234,56
1234,31
1235,6
1235,151
1235,81
1235,-90
1235,0
1235,19
1235,98
1235,306
1235,112
1235,157
1235,161
1235,70
1235,-86
1235,-76
1235,-44
1235,26
1235,126
1235,-114
1235,-6
1235,-86
1236,57
1236,-126
1236,157
1236,160
1236,101
1236,105
1236,-115
1236,68
1236,90
1236,63
1236,-83
1236,154
1236,-46
1236,-48
1236,3
1236,207
1236,-18
1236,43
1236,-177
1236,92
1237,131
1237,-24
1237,81
1237,-23
1237,25
1237,30
1237,50
1237,124
1237,70
1237,-110
1237,-20
1237,19
1237,14
1237,110
1237,-72
1237,-34
1237,105
1237,180
1237,-101
1237,120
1238,-54
1238,110
1238,29
1238,-84
1238,129
1238,-109
1238,4
1238,14
1238,62
1238,-22
1238,20
1238,-11
1238,50
1238,-157
1238,-35
1238,54
1238,69
1238,-15
1238,99
1238,-52
1239,96
1239,98
1239,-5
1239,136
1239,-58
1239,12
1239,77
1239,-69
1239,-138
1239,-82
1239,14
1239,6
1239,75
1239,147
1239,-47
1239,-101
1239,55
1239,140
1239,-15
1239,10
1240,-63
1240,221
1240,-122
1240,110
1240,-34
1240,41
1240,81
1240,114
1240,-71
1240,42
1240,-58
1240,-12
1240,50
1240,1
1240,-37
1240,31
1240,-56
1240,161
1240,127
1240,-105
1241,-10
1241,63
1241,10
1241,101
1241,150
1241,42
1241,54
1241,-27
1241,61
1241,-119
1241,198
1241,53
1241,10
1241,-21
1241,-39
1241,37
1241,1
1241,49
1241,-68
1241,-29
1242,-173
1242,110
1242,-50
1242,54
1242,-115
1242,166
1242,103
1242,110
1242,162
1242,-86
1242,145
1242,123
1242,-74
1242,174
1242,-114
1242,-39
1242,76
1242,26
1242,-31
1242,-139
1243,78
1243,-15
1243,104
1243,162
1243,-32
1243,89
1243,-66
1243,56
1243,110
1243,-67
1243,104
1243,117
1243,17
1243,-12
1243,14
1243,145
1243,34
1243,110
1243,48
1243,30
1244,-242
1244,74
1244,153
1244,85
1244,-14
1244,-155
1244,10
1244,50
1244,-94
1244,53
1244,57
1244,-66
1244,-2
1244,-82
1244,206
1244,16
1244,90
1244,11
1244,-58
1244,203
1245,7
1245,126
1245,-45
1245,-1
1245,80
1245,24
1245,229
1245,21
1245,5
1245,78
1245,95
1245,143
1245,-30
1245,13
1245,-76
1245,-78
1245,-149
1245,191
1245,234
1245,99
1246,-8
1246,151
1246,20
1246,89
1246,-24
1246,56
1246,131
1246,-16
1246,101
1246,-19
1246,97
1246,79
1246,19
1246,97
1246,78
1246,105
1246,-19
1246,24
1246,-51
1246,15
1247,-99
1247,8
1247,-17
1247,-78
1247,-83
1247,102
1247,-5
1247,87
1247,41
1247,-4
1247,152
1247,-64
1247,57
1247,90
1247,54
1247,-33
1247,125
1247,-64
1247,82
1247,-19
1248,49
1248,61
1248,84
1248,11
1248,72
1248,80
1248,-18
1248,172
1248,-106
1248,-8
1248,78
1248,175
1248,68
1248,-32
1248,56
1248,192
1248,-3
1248,120
1248,97
1248,-52
1249,30
1249,-7
1249,128
1249,207
1249,33
1249,11
1249,3
1249,74
1249,146
1249,64
1249,-44
1249,197
1249,56
1249,88
1249,-98
1249,103
1249,-57
1249,133
1249,-24
1249,11
1250,57
1250,152
1250,43
1250,17
1250,146
1250,-25
1250,46
1250,88
1250,61
1250,-40
1250,164
1250,47
1250,90
1250,-51
1250,54
1250,181
1250,43
1250,127
1250,-41
1250,113
1251,-7
1251,-12
1251,152
1251,160
1251,71
1251,-7
1251,-30
1251,-91
1251,-98
1251,67
1251,-51
1251,29
1251,31
1251,62
1251,53
1251,-32
1251,-57
1251,-33
1251,-98
1251,53
1252,72
1252,79
1252,-29
1252,-81
1252,8
1252,-73
1252,135
1252,-27
1252,114
1252,-10
1252,-99
1252,24
1252,-4
1252,-76
1252,-57
1252,48
1252,-10
1252,51
1252,-50
1252,31
1253,34
1253,76
1253,30
1253,129
1253,15
1253,280
1253,188
1253,-7
1253,-111
1253,104
1253,92
1253,58
1253,110
1253,102
1253,90
1253,22
1253,-23
1253,185
1253,-19
1253,-15
1254,207
1254,264
1254,133
1254,47
1254,-93
1254,163
1254,74
1254,7
1254,191
1254,106
1254,-26
1254,117
1254,40
1254,70
1254,35
1254,179
1254,-40
1254,-103
1254,-91
1254,89
1255,51
1255,-48
1255,89
1255,182
1255,79
1255,50
1255,142
1255,4
1255,85
1255,66
1255,124
1255,-95
1255,156
1255,-3
1255,65
1255,-50
1255,138
1255,-77
1255,56
1255,-49
1256,-10
1256,122
1256,-98
1256,0
1256,-43
1256,-38
1256,205
1256,26
1256,9
1256,86
1256,-64
1256,51
1256,12
1256,26
1256,137
1256,41
1256,-21
1256,2
1256,56
1256,27
1257,35
1257,-21
1257,-11
1257,179
1257,203
1257,92
1257,22
1257,7
1257,51
1257,-109
1257,34
1257,68
1257,71
1257,90
1257,141
1257,-18
1257,122
1257,49
1257,185
1257,101
1258,-43
1258,151
1258,83
1258,204
1258,141
1258,144
1258,130
1258,-2
1258,122
1258,184
1258,62
1258,-6
1258,144
1258,115
1258,35
1258,-7
1258,40
1258,78
1258,165
1258,52
1259,-79
1259,75
1259,88
1259,-186
1259,142
1259,-106
1259,-74
1259,-14
1259,118
1259,57
1259,66
1259,23
1259,156
1259,139
1259,-250
1259,-84
1259,126
1259,42
1259,96
1259,-5
1260,128
1260,-10
1260,-61
1260,-16
1260,-45
1260,-14
1260,127
1260,74
1260,46
1260,47
1260,24
1260,19
1260,126
1260,5
1260,-42
1260,124
1260,-26
1260,23
1260,66
1260,87
1261,109
1261,97
1261,1
1261,77
1261,154
1261,6
1261,32
1261,57
1261,56
1261,-67
1261,123
1261,147
1261,-4
1261,35
1261,147
1261,-99
1261,73
1261,5
1261,-24
1261,65
1262,74
1262,-178
1262,56
1262,206
1262,-36
1262,211
1262,11
1262,-34
1262,120
1262,51
1262,35
1262,92
1262,21
1262,39
1262,-159
1262,-5
1262,31
1262,-162
1262,139
1262,147
1263,107
1263,143
1263,-42
1263,51
1263,52
1263,75
1263,41
1263,168
1263,86
1263,115
1263,83
1263,-3
1263,2
1263,5
1263,106
1263,65
1263,-89
1263,108
1263,-112
1263,-109
1264,142
1264,-44
1264,7
1264,65
1264,18
1264,82
1264,137
1264,-80
1264,76
1264,44
1264,-126
1264,22
1264,65
1264,-119
1264,11
1264,60
1264,25
1264,-46
1264,215
1264,49
1265,73
1265,171
1265,59
1265,171
1265,108
1265,75
1265,43
1265,166
1265,-87
1265,163
1265,101
1265,66
1265,85
1265,71
1265,84
1265,165
1265,5
1265,198
1265,173
1265,-20
1266,85
1266,68
1266,99
1266,72
1266,92
1266,-93
1266,66
1266,35
1266,20
1266,32
1266,16
1266,-31
1266,99
1266,-33
1266,134
1266,13
1266,-93
1266,208
1266,14
1266,-66
1267,-6
1267,16
1267,77
1267,222
1267,-126
1267,57
1267,136
1267,47
1267,24
1267,-28
1267,17
1267,-126
1267,40
1267,162
1267,-82
1267,121
1267,106
1267,-39
1267,111
1267,6
1268,-113
1268,41
1268,-13
1268,77
1268,-54
1268,102
1268,32
1268,197
1268,10
1268,-95
1268,-23
1268,-103
1268,61
1268,-54
1268,-2
1268,45
1268,-98
1268,143
1268,-64
1268,-41
1269,91
1269,-126
1269,74
1269,99
1269,16
1269,-77
1269,4
1269,94
1269,76
1269,99
1269,-64
1269,33
1269,131
1269,-180
1269,55
1269,73
1269,57
1269,160
1269,150
1269,-22
1270,50
1270,48
1270,-70
1270,23
1270,99
1270,65
1270,-28
1270,81
1270,22
1270,-101
1270,54
1270,-25
1270,186
1270,18
1270,149
1270,-70
1270,6
1270,-13
1270,131
1270,-133
1300,-4
1300,94
1300,-130
1300,-37
1300,-53
1300,42
1300,-165
1300,141
1300,64
1300,122
1300,24
1300,92
1300,90
1300,-76
1300,15
1300,-11
1300,-45
1300,77
1300,-102
1300,209
1325,-129
1325,-230
1325,56
1325,-13
1325,114
1325,62
1325,195
1325,-15
1325,52
1325,191
1325,60
1325,-163
1325,37
1325,-140
1325,-11
1325,89
1325,112
1325,18
1325,-30
1325,116
1350,-1
1350,83
1350,12
1350,-78
1350,69
1350,-146
1350,-60
1350,81
1350,177
1350,45
1350,-9
1350,111
1350,10
1350,-50
1350,-99
1350,51
1350,81
1350,-39
1350,-63
1350,105
1375,124
1375,55
1375,111
1375,-29
1375,115
1375,-44
1375,93
1375,24
1375,122
1375,126
1375,120
1375,-19
1375,39
1375,-81
1375,-56
1375,175
1375,132
1375,156
1375,-175
1375,65
1400,96
1400,-121
1400,56
1400,-56
1400,97
1400,-71
1400,-42
1400,-18
1400,38
1400,20
1400,177
1400,66
1400,29
1400,91
1400,74
1400,124
1400,44
1400,132
1400,90
1400,-184
1425,13
1425,-98
1425,54
1425,36
1425,66
1425,-110
1425,84
1425,73
1425,68
1425,283
1425,123
1425,185
1425,24
1425,52
1425,149
1425,46
1425,-51
1425,37
1425,-66
1425,0
1450,153
1450,48
1450,-33
1450,54
1450,28
1450,-90
1450,14
1450,65
1450,35
1450,227
1450,270
1450,84
1450,201
1450,124
1450,41
1450,-11
1450,96
1450,139
1450,-114
1450,86
1475,-52
1475,-108
1475,-21
1475,98
1475,-17
1475,53
1475,156
1475,91
1475,-6
1475,101
1475,103
1475,96
1475,-14
1475,202
1475,-104
1475,-16
1475,8
1475,11
1475,44
1475,10
1500,-140
1500,23
1500,137
1500,-93
1500,68
1500,32
1500,3
1500,-12
1500,-30
1500,163
1500,5
1500,-22
1500,148
1500,48
1500,135
1500,130
1500,57
1500,18
1500,91
1500,-29
1525,23
1525,117
1525,-30
1525,57
1525,-86
1525,9
1525,156
1525,-129
1525,-102
1525,52
1525,207
1525,14
1525,88
1525,-20
1525,2
1525,78
1525,-154
1525,137
1525,167
1525,-3
1550,-25
1550,284
1550,75
1550,44
1550,87
1550,64
1550,193
1550,-86
1550,98
1550,-69
1550,-142
1550,105
1550,222
1550,31
1550,-14
1550,129
1550,-6
1550,116
1550,35
1550,-125
1575,-117
1575,68
1575,-50
1575,-47
1575,54
1575,-37
1575,-3
1575,-47
1575,19
1575,-124
1575,139
1575,165
1575,9
1575,61
1575,24
1575,33
1575,142
1575,203
1575,48
1575,61
1600,-15
1600,153
1600,-84
1600,-48
1600,85
1600,41
1600,103
1600,4
1600,-74
1600,-74
1600,70
1600,0
1600,53
1600,206
1600,125
1600,66
1600,252
1600,121
1600,62
1600,105
1625,-1
1625,217
1625,6
1625,124
1625,-11
1625,33
1625,70
1625,64
1625,177
1625,-1
1625,313
1625,163
1625,-76
1625,105
1625,-28
1625,124
1625,56
1625,15
1625,-44
1625,178
1650,88
1650,142
1650,172
1650,152
1650,60
1650,-15
1650,17
1650,46
1650,-56
1650,-28
1650,-53
1650,-57
1650,-101
1650,61
1650,107
1650,-142
1650,236
1650,20
1650,107
1650,-79
1675,37
1675,-67
1675,117
1675,-8
1675,129
1675,115
1675,64
1675,-88
1675,-106
1675,-3
1675,56
1675,41
1675,-64
1675,13
1675,97
1675,108
1675,126
1675,-22
1675,-55
1675,-70
1700,48
1700,87
1700,23
1700,17
1700,5
1700,63
1700,38
1700,17
1700,-22
1700,109
1700,24
1700,-104
1700,132
1700,81
1700,-150
1700,137
1700,-96
1700,60
1700,-55
1700,182
1725,-128
1725,45
1725,369
1725,-102
1725,45
1725,116
1725,-50
1725,6
1725,-31
1725,11
1725,148
1725,-48
1725,91
1725,58
1725,-310
1725,204
1725,-46
1725,-75
1725,30
1725,157
1750,-378
1750,218
1750,285
1750,-41
1750,100
1750,149
1750,47
1750,35
1750,-128
1750,-47
1750,116
1750,101
1750,122
1750,14
1750,11
1750,-67
1750,47
1750,-94
1750,-9
1750,-14
1775,45
1775,11
1775,-103
1775,354
1775,68
1775,-56
1775,111
1775,56
1775,-60
1775,132
1775,41
1775,128
1775,24
1775,184
1775,13
1775,-85
1775,137
1775,54
1775,-36
1775,136
1800,111
1800,68
1800,-26
1800,90
1800,-30
1800,-45
1800,-7
1800,116
1800,52
1800,51
1800,-47
1800,-132
1800,111
1800,98
1800,-355
1800,27
1800,220
1800,264
1800,-78
1800,87
1825,-78
1825,26
1825,-164
1825,-23
1825,112
1825,125
1825,96
1825,-17
1825,90
1825,-2
1825,4
1825,-343
1825,-24
1825,-177
1825,116
1825,-139
1825,108
1825,-115
1825,125
1825,101
1850,179
1850,19
1850,96
1850,-48
1850,142
1850,-14
1850,-140
1850,81
1850,0
1850,-41
1850,16
1850,0
1850,-86
1850,27
1850,-79
1850,-104
1850,-86
1850,13
1850,76
1850,21
1875,162
1875,260
1875,70
1875,-22
1875,4
1875,-76
1875,125
1875,-109
1875,32
1875,56
1875,153
1875,-61
1875,120
1875,0
1875,118
1875,41
1875,98
1875,63
1875,-44
1875,-16
1900,125
1900,-181
1900,-8
1900,-5
1900,-71
1900,-10
1900,73
1900,-13
1900,201
1900,-31
1900,-31
1900,-76
1900,-98
1900,99
1900,46
1900,-44
1900,131
1900,-98
1900,149
1900,152
