a,replicate,gen,num_dd, num_dwt,num_d_alleles,d_fitness, popsize
0.02,0,-1,567,0,1134,612.36,27462
0.02,0,0,254,552,1060,506.16,27242
0.02,0,1,148,528,824,381.6,26260
0.02,0,2,86,561,733,328.5,26291
0.02,0,3,61,499,621,275.46,25939
0.02,0,4,50,445,545,240.9,25770
0.02,0,5,30,423,483,210.06,25539
0.02,0,6,41,368,450,198.84,25632
0.02,0,7,12,365,389,166.26,25534
0.02,0,8,10,298,318,135.96,25538
0.02,0,9,5,273,283,120.06,25853
0.02,0,10,7,211,225,96.18,25870
0.02,0,11,2,190,194,81.96,25796
0.02,0,12,1,166,168,70.8,25827
0.02,0,13,3,130,136,57.84,25691
0.02,0,14,0,115,115,48.3,25435
0.02,0,15,2,90,94,39.96,25774
0.02,0,16,0,84,84,35.28,25178
0.02,0,17,0,76,76,31.92,25576
0.02,0,18,0,73,73,30.66,25869
0.02,0,19,0,61,61,25.62,26032
0.02,0,20,0,54,54,22.68,25932
0.02,0,21,0,39,39,16.38,25860
0.02,0,22,0,36,36,15.12,25803
0.02,0,23,0,39,39,16.38,25533
0.02,0,24,0,34,34,14.28,25562
0.02,0,25,0,29,29,12.18,25670
0.02,0,26,0,22,22,9.24,25849
0.02,0,27,0,17,17,7.14,26086
0.02,0,28,0,19,19,7.98,25757
0.02,0,29,0,23,23,9.66,26093
0.02,0,30,0,14,14,5.88,25754
0.02,0,31,0,14,14,5.88,26060
0.02,0,32,0,13,13,5.46,26475
0.02,0,33,0,12,12,5.04,26150
0.02,0,34,0,9,9,3.78,26474
0.02,0,35,0,5,5,2.1,26081
0.02,0,36,0,2,2,0.84,26009
0.02,0,37,0,4,4,1.68,26105
0.02,0,38,0,3,3,1.26,25491
0.02,0,39,0,1,1,0.42,25579
0.02,0,40,0,0,0,0.0,25217
0.02,1,-1,606,0,1212,654.48,28165
0.02,1,0,232,521,985,469.38,27181
0.02,1,1,165,582,912,422.64,26755
0.02,1,2,108,583,799,361.5,26083
0.02,1,3,90,540,720,324.0,25652
0.02,1,4,67,531,665,295.38,25326
0.02,1,5,45,540,630,275.4,25599
0.02,1,6,28,507,563,243.18,25783
0.02,1,7,20,393,433,186.66,25459
0.02,1,8,14,334,362,155.4,25733
0.02,1,9,6,261,273,116.1,25749
0.02,1,10,4,241,249,105.54,25924
0.02,1,11,3,219,225,95.22,25656
0.02,1,12,5,209,219,93.18,25297
0.02,1,13,0,177,177,74.34,25323
0.02,1,14,2,160,164,69.36,25176
0.02,1,15,3,151,157,66.66,25217
0.02,1,16,1,137,139,58.62,25346
0.02,1,17,0,117,117,49.14,25663
0.02,1,18,0,119,119,49.98,25829
0.02,1,19,0,115,115,48.3,25924
0.02,1,20,0,86,86,36.12,25853
0.02,1,21,0,60,60,25.2,25634
0.02,1,22,0,59,59,24.78,25889
0.02,1,23,0,45,45,18.9,25935
0.02,1,24,0,32,32,13.44,25986
0.02,1,25,0,24,24,10.08,25625
0.02,1,26,0,33,33,13.86,25662
0.02,1,27,0,19,19,7.98,25782
0.02,1,28,0,15,15,6.3,26013
0.02,1,29,0,12,12,5.04,25522
0.02,1,30,0,19,19,7.98,25664
0.02,1,31,0,10,10,4.2,25769
0.02,1,32,0,8,8,3.36,25464
0.02,1,33,0,12,12,5.04,25403
0.02,1,34,0,14,14,5.88,25661
0.02,1,35,0,16,16,6.72,26202
0.02,1,36,0,16,16,6.72,25784
0.02,1,37,1,16,18,7.8,25521
0.02,1,38,0,16,16,6.72,25642
0.02,1,39,0,19,19,7.98,25382
0.02,1,40,0,13,13,5.46,25762
0.02,1,41,0,7,7,2.94,25683
0.02,1,42,0,7,7,2.94,25574
0.02,1,43,0,7,7,2.94,25573
0.02,1,44,0,4,4,1.68,25756
0.02,1,45,0,8,8,3.36,25767
0.02,1,46,0,10,10,4.2,25732
0.02,1,47,0,1,1,0.42,26156
0.02,1,48,0,1,1,0.42,25718
0.02,1,49,0,1,1,0.42,25711
0.02,1,50,0,1,1,0.42,25959
0.02,1,51,0,0,0,0.0,25941
0.02,2,-1,564,0,1128,609.12,27412
0.02,2,0,301,435,1037,507.78,26348
0.02,2,1,179,589,947,440.7,25889
0.02,2,2,121,629,871,394.86,25480
0.02,2,3,96,581,773,347.7,25662
0.02,2,4,83,569,735,328.62,25690
0.02,2,5,66,529,661,293.46,25881
0.02,2,6,58,485,601,266.34,25949
0.02,2,7,39,451,529,231.54,25741
0.02,2,8,16,402,434,186.12,25416
0.02,2,9,17,325,359,154.86,25609
0.02,2,10,14,341,369,158.34,25831
0.02,2,11,9,296,314,134.04,25805
0.02,2,12,0,257,257,107.94,25268
0.02,2,13,7,229,243,103.74,25419
0.02,2,14,3,150,156,66.24,25445
0.02,2,15,2,130,134,56.76,26112
0.02,2,16,0,124,124,52.08,26203
0.02,2,17,0,115,115,48.3,25909
0.02,2,18,0,92,92,38.64,25952
0.02,2,19,0,73,73,30.66,26218
0.02,2,20,1,66,68,28.8,25298
0.02,2,21,1,32,34,14.52,25354
0.02,2,22,2,22,26,11.4,25280
0.02,2,23,0,41,41,17.22,25554
0.02,2,24,0,38,38,15.96,25920
0.02,2,25,0,28,28,11.76,26474
0.02,2,26,0,20,20,8.4,26634
0.02,2,27,0,21,21,8.82,26336
0.02,2,28,0,20,20,8.4,26260
0.02,2,29,0,23,23,9.66,25866
0.02,2,30,0,15,15,6.3,26275
0.02,2,31,0,14,14,5.88,25542
0.02,2,32,0,14,14,5.88,25623
0.02,2,33,0,12,12,5.04,25815
0.02,2,34,0,11,11,4.62,25956
0.02,2,35,0,8,8,3.36,25940
0.02,2,36,0,4,4,1.68,26018
0.02,2,37,0,3,3,1.26,25545
0.02,2,38,0,3,3,1.26,26009
0.02,2,39,0,5,5,2.1,25903
0.02,2,40,0,1,1,0.42,25881
0.02,2,41,0,0,0,0.0,25841
0.02,3,-1,611,0,1222,659.88,27873
0.02,3,0,313,578,1204,580.8,26573
0.02,3,1,199,687,1085,503.46,25999
0.02,3,2,146,662,954,435.72,25773
0.02,3,3,86,634,806,359.16,25398
0.02,3,4,99,588,786,353.88,25671
0.02,3,5,55,606,716,313.92,25412
0.02,3,6,74,583,731,324.78,25490
0.02,3,7,32,555,619,267.66,25472
0.02,3,8,40,496,576,251.52,25918
0.02,3,9,38,438,514,225.0,25556
0.02,3,10,17,382,416,178.8,25478
0.02,3,11,5,318,328,138.96,25729
0.02,3,12,8,283,299,127.5,25403
0.02,3,13,8,223,239,102.3,25356
0.02,3,14,1,183,185,77.94,25308
0.02,3,15,2,192,196,82.8,24996
0.02,3,16,0,168,168,70.56,25370
0.02,3,17,3,129,135,57.42,25458
0.02,3,18,1,143,145,61.14,25547
0.02,3,19,4,132,140,59.76,25746
0.02,3,20,1,135,137,57.78,25605
0.02,3,21,0,110,110,46.2,25774
0.02,3,22,3,86,92,39.36,25421
0.02,3,23,0,73,73,30.66,25469
0.02,3,24,1,51,53,22.5,25770
0.02,3,25,0,46,46,19.32,25363
0.02,3,26,0,44,44,18.48,25635
0.02,3,27,0,25,25,10.5,25264
0.02,3,28,0,28,28,11.76,25335
0.02,3,29,0,32,32,13.44,25014
0.02,3,30,0,15,15,6.3,25736
0.02,3,31,0,7,7,2.94,25697
0.02,3,32,0,2,2,0.84,25532
0.02,3,33,0,1,1,0.42,26093
0.02,3,34,0,2,2,0.84,25790
0.02,3,35,0,2,2,0.84,25851
0.02,3,36,0,0,0,0.0,25720
0.02,4,-1,581,0,1162,627.48,27404
0.02,4,0,245,568,1058,503.16,26744
0.02,4,1,194,652,1040,483.36,26174
0.02,4,2,154,698,1006,459.48,25877
0.02,4,3,107,624,838,377.64,26092
0.02,4,4,73,701,847,373.26,25764
0.02,4,5,70,594,734,325.08,25868
0.02,4,6,49,563,661,289.38,25897
0.02,4,7,32,481,545,236.58,25649
0.02,4,8,27,404,458,198.84,25479
0.02,4,9,15,436,466,199.32,25805
0.02,4,10,18,428,464,199.2,25818
0.02,4,11,15,383,413,177.06,25775
0.02,4,12,7,328,342,145.32,25495
0.02,4,13,8,285,301,128.34,25388
0.02,4,14,4,276,284,120.24,25547
0.02,4,15,6,259,271,115.26,25864
0.02,4,16,5,209,219,93.18,25819
0.02,4,17,1,159,161,67.86,25718
0.02,4,18,4,144,152,64.8,25989
0.02,4,19,0,116,116,48.72,25826
0.02,4,20,0,90,90,37.8,25811
0.02,4,21,0,70,70,29.4,25659
0.02,4,22,0,46,46,19.32,25423
0.02,4,23,0,30,30,12.6,24973
0.02,4,24,0,22,22,9.24,25147
0.02,4,25,0,20,20,8.4,25006
0.02,4,26,0,23,23,9.66,25403
0.02,4,27,0,31,31,13.02,25816
0.02,4,28,0,31,31,13.02,25792
0.02,4,29,0,16,16,6.72,25712
0.02,4,30,0,7,7,2.94,25949
0.02,4,31,0,4,4,1.68,25893
0.02,4,32,0,4,4,1.68,25766
0.02,4,33,0,7,7,2.94,26033
0.02,4,34,0,5,5,2.1,25601
0.02,4,35,0,6,6,2.52,25476
0.02,4,36,0,8,8,3.36,25826
0.02,4,37,0,3,3,1.26,26015
0.02,4,38,0,3,3,1.26,26006
0.02,4,39,0,1,1,0.42,25976
0.02,4,40,0,0,0,0.0,25894
0.02,5,-1,522,0,1044,563.76,27999
0.02,5,0,211,504,926,439.56,26803
0.02,5,1,141,557,839,386.22,25763
0.02,5,2,75,556,706,314.52,25303
0.02,5,3,57,513,627,277.02,25445
0.02,5,4,26,467,519,224.22,25683
0.02,5,5,20,482,522,224.04,25904
0.02,5,6,27,424,478,207.24,25701
0.02,5,7,19,384,422,181.8,25432
0.02,5,8,23,306,352,153.36,25302
0.02,5,9,11,318,340,145.44,25472
0.02,5,10,11,303,325,139.14,25620
0.02,5,11,14,254,282,121.8,25696
0.02,5,12,6,208,220,93.84,25515
0.02,5,13,4,186,194,82.44,25882
0.02,5,14,3,186,192,81.36,26202
0.02,5,15,5,132,142,60.84,25985
0.02,5,16,1,125,127,53.58,25861
0.02,5,17,1,101,103,43.5,25800
0.02,5,18,1,60,62,26.28,25535
0.02,5,19,0,43,43,18.06,25748
0.02,5,20,0,25,25,10.5,25620
0.02,5,21,0,25,25,10.5,26056
0.02,5,22,0,17,17,7.14,26001
0.02,5,23,0,10,10,4.2,26029
0.02,5,24,0,7,7,2.94,25823
0.02,5,25,0,5,5,2.1,25825
0.02,5,26,0,6,6,2.52,25938
0.02,5,27,0,3,3,1.26,25529
0.02,5,28,0,0,0,0.0,25236
0.02,6,-1,415,0,830,448.2,28047
0.02,6,0,206,407,819,393.42,26450
0.02,6,1,114,536,764,348.24,26358
0.02,6,2,70,575,715,317.1,26002
0.02,6,3,66,561,693,306.9,25790
0.02,6,4,44,521,609,266.34,25722
0.02,6,5,45,464,554,243.48,25708
0.02,6,6,31,464,526,228.36,25495
0.02,6,7,27,400,454,197.16,25359
0.02,6,8,13,338,364,156.0,25278
0.02,6,9,10,316,336,143.52,25610
0.02,6,10,4,255,263,111.42,25586
0.02,6,11,2,224,228,96.24,25745
0.02,6,12,4,193,201,85.38,25186
0.02,6,13,4,144,152,64.8,25497
0.02,6,14,2,148,152,64.32,25967
0.02,6,15,0,151,151,63.42,25782
0.02,6,16,1,101,103,43.5,26002
0.02,6,17,0,76,76,31.92,26109
0.02,6,18,0,56,56,23.52,26016
0.02,6,19,0,58,58,24.36,25777
0.02,6,20,0,55,55,23.1,25768
0.02,6,21,0,47,47,19.74,25662
0.02,6,22,0,41,41,17.22,26021
0.02,6,23,0,40,40,16.8,25817
0.02,6,24,0,27,27,11.34,25687
0.02,6,25,0,31,31,13.02,25686
0.02,6,26,0,32,32,13.44,25846
0.02,6,27,0,18,18,7.56,25761
0.02,6,28,0,19,19,7.98,25801
0.02,6,29,0,19,19,7.98,25790
0.02,6,30,0,16,16,6.72,25734
0.02,6,31,0,11,11,4.62,25520
0.02,6,32,0,6,6,2.52,25510
0.02,6,33,0,8,8,3.36,25576
0.02,6,34,0,5,5,2.1,25953
0.02,6,35,0,5,5,2.1,26025
0.02,6,36,0,2,2,0.84,25806
0.02,6,37,0,2,2,0.84,25768
0.02,6,38,0,4,4,1.68,25872
0.02,6,39,0,1,1,0.42,25876
0.02,6,40,0,0,0,0.0,25864
0.02,7,-1,550,0,1100,594.0,27879
0.02,7,0,282,512,1076,519.6,27085
0.02,7,1,174,626,974,450.84,26674
0.02,7,2,115,571,801,364.02,25936
0.02,7,3,90,592,772,345.84,25921
0.02,7,4,82,575,739,330.06,25788
0.02,7,5,57,506,620,274.08,25787
0.02,7,6,39,499,577,251.7,25822
0.02,7,7,24,451,499,215.34,25925
0.02,7,8,19,389,427,183.9,25209
0.02,7,9,13,314,340,145.92,25077
0.02,7,10,14,290,318,136.92,25211
0.02,7,11,2,273,277,116.82,25712
0.02,7,12,7,246,260,110.88,25927
0.02,7,13,6,174,186,79.56,25825
0.02,7,14,1,164,166,69.96,25541
0.02,7,15,3,150,156,66.24,25892
0.02,7,16,1,115,117,49.38,26149
0.02,7,17,0,79,79,33.18,25718
0.02,7,18,0,78,78,32.76,25613
0.02,7,19,0,55,55,23.1,26309
0.02,7,20,0,41,41,17.22,26325
0.02,7,21,0,31,31,13.02,26210
0.02,7,22,0,20,20,8.4,26258
0.02,7,23,0,9,9,3.78,26596
0.02,7,24,0,3,3,1.26,26143
0.02,7,25,0,2,2,0.84,25743
0.02,7,26,0,1,1,0.42,25380
0.02,7,27,0,0,0,0.0,25476
0.02,8,-1,575,0,1150,621.0,27132
0.02,8,0,259,478,996,480.48,26648
0.02,8,1,185,608,978,455.16,25938
0.02,8,2,146,655,947,432.78,25769
0.02,8,3,83,695,861,381.54,25765
0.02,8,4,84,659,827,367.5,25765
0.02,8,5,62,515,639,283.26,25745
0.02,8,6,46,479,571,250.86,25822
0.02,8,7,28,478,534,231.0,25699
0.02,8,8,20,460,500,214.8,25303
0.02,8,9,28,417,473,205.38,25176
0.02,8,10,14,397,425,181.86,25108
0.02,8,11,14,386,414,177.24,25457
0.02,8,12,11,315,337,144.18,25710
0.02,8,13,9,252,270,115.56,25628
0.02,8,14,3,224,230,97.32,25312
0.02,8,15,2,214,218,92.04,25644
0.02,8,16,1,160,162,68.28,25351
0.02,8,17,1,126,128,54.0,25494
0.02,8,18,1,87,89,37.62,25991
0.02,8,19,0,84,84,35.28,25892
0.02,8,20,1,70,72,30.48,25749
0.02,8,21,0,55,55,23.1,25690
0.02,8,22,0,57,57,23.94,25292
0.02,8,23,0,51,51,21.42,25793
0.02,8,24,0,46,46,19.32,25687
0.02,8,25,0,46,46,19.32,25649
0.02,8,26,0,43,43,18.06,25581
0.02,8,27,0,40,40,16.8,25752
0.02,8,28,0,34,34,14.28,25590
0.02,8,29,0,36,36,15.12,25701
0.02,8,30,0,38,38,15.96,25933
0.02,8,31,0,27,27,11.34,25778
0.02,8,32,0,14,14,5.88,25605
0.02,8,33,0,4,4,1.68,25567
0.02,8,34,0,3,3,1.26,25457
0.02,8,35,0,0,0,0.0,25540
0.02,9,-1,635,0,1270,685.8,27929
0.02,9,0,254,576,1084,516.24,26701
0.02,9,1,179,672,1030,475.56,26154
0.02,9,2,130,708,968,437.76,26045
0.02,9,3,95,669,859,383.58,25826
0.02,9,4,61,603,725,319.14,25716
0.02,9,5,42,562,646,281.4,25822
0.02,9,6,35,466,536,233.52,25879
0.02,9,7,19,422,460,197.76,26004
0.02,9,8,12,405,429,183.06,25727
0.02,9,9,7,351,365,154.98,25649
0.02,9,10,5,292,302,128.04,25620
0.02,9,11,5,264,274,116.28,25528
0.02,9,12,1,202,204,85.92,25424
0.02,9,13,4,168,176,74.88,25964
0.02,9,14,1,145,147,61.98,25939
0.02,9,15,1,105,107,45.18,25756
0.02,9,16,0,67,67,28.14,25787
0.02,9,17,0,48,48,20.16,25585
0.02,9,18,0,46,46,19.32,25669
0.02,9,19,0,48,48,20.16,25473
0.02,9,20,0,46,46,19.32,25452
0.02,9,21,0,38,38,15.96,26028
0.02,9,22,0,36,36,15.12,25564
0.02,9,23,0,46,46,19.32,25658
0.02,9,24,0,32,32,13.44,25548
0.02,9,25,0,24,24,10.08,25572
0.02,9,26,0,21,21,8.82,25416
0.02,9,27,0,20,20,8.4,25506
0.02,9,28,0,21,21,8.82,26009
0.02,9,29,0,18,18,7.56,25952
0.02,9,30,0,15,15,6.3,25930
0.02,9,31,0,10,10,4.2,25867
0.02,9,32,0,5,5,2.1,25498
0.02,9,33,0,1,1,0.42,25753
0.02,9,34,0,0,0,0.0,25475
0.02,10,-1,543,0,1086,586.44,28005
0.02,10,0,249,548,1046,499.08,26796
0.02,10,1,152,653,957,438.42,26393
0.02,10,2,107,668,882,396.12,25500
0.02,10,3,91,625,807,360.78,25309
0.02,10,4,70,544,684,304.08,25082
0.02,10,5,64,536,664,294.24,25413
0.02,10,6,37,538,612,265.92,25489
0.02,10,7,41,478,560,245.04,25604
0.02,10,8,32,442,506,220.2,25496
0.02,10,9,22,412,456,196.8,25406
0.02,10,10,28,383,439,191.1,25721
0.02,10,11,13,372,398,170.28,25818
0.02,10,12,6,308,320,135.84,25729
0.02,10,13,10,232,252,108.24,25727
0.02,10,14,3,228,234,99.0,25890
0.02,10,15,2,190,194,81.96,25732
0.02,10,16,5,125,135,57.9,25570
0.02,10,17,0,135,135,56.7,25621
0.02,10,18,1,110,112,47.28,25876
0.02,10,19,1,106,108,45.6,25714
0.02,10,20,0,71,71,29.82,25684
0.02,10,21,0,79,79,33.18,25700
0.02,10,22,0,68,68,28.56,25693
0.02,10,23,1,64,66,27.96,25865
0.02,10,24,0,44,44,18.48,25774
0.02,10,25,0,29,29,12.18,25600
0.02,10,26,0,20,20,8.4,25966
0.02,10,27,0,16,16,6.72,25886
0.02,10,28,0,12,12,5.04,26175
0.02,10,29,0,12,12,5.04,26015
0.02,10,30,0,7,7,2.94,25428
0.02,10,31,0,4,4,1.68,25451
0.02,10,32,0,1,1,0.42,25161
0.02,10,33,0,0,0,0.0,25655
0.02,11,-1,564,0,1128,609.12,27787
0.02,11,0,230,497,957,457.14,26955
0.02,11,1,129,511,769,353.94,25961
0.02,11,2,80,538,698,312.36,25653
0.02,11,3,56,508,620,273.84,25424
0.02,11,4,44,451,539,236.94,25353
0.02,11,5,23,416,462,199.56,25569
0.02,11,6,21,336,378,163.8,25662
0.02,11,7,19,268,306,133.08,25501
0.02,11,8,4,268,276,116.88,25571
0.02,11,9,9,218,236,101.28,25523
0.02,11,10,12,220,244,105.36,25963
0.02,11,11,4,183,191,81.18,25926
0.02,11,12,2,196,200,84.48,25678
0.02,11,13,2,135,139,58.86,25436
0.02,11,14,0,129,129,54.18,25436
0.02,11,15,1,102,104,43.92,25623
0.02,11,16,3,104,110,46.92,25545
0.02,11,17,0,80,80,33.6,25503
0.02,11,18,0,54,54,22.68,25398
0.02,11,19,0,45,45,18.9,25454
0.02,11,20,0,35,35,14.7,25383
0.02,11,21,0,23,23,9.66,25588
0.02,11,22,0,20,20,8.4,25475
0.02,11,23,0,15,15,6.3,25616
0.02,11,24,0,10,10,4.2,25827
0.02,11,25,0,8,8,3.36,25759
0.02,11,26,0,7,7,2.94,25843
0.02,11,27,0,4,4,1.68,25585
0.02,11,28,0,1,1,0.42,26036
0.02,11,29,0,0,0,0.0,25910
0.02,12,-1,590,0,1180,637.2,27726
0.02,12,0,291,585,1167,559.98,26705
0.02,12,1,160,648,968,444.96,25738
0.02,12,2,121,627,869,394.02,25950
0.02,12,3,100,611,811,364.62,25932
0.02,12,4,68,571,707,313.26,25800
0.02,12,5,46,540,632,276.48,25747
0.02,12,6,40,499,579,252.78,25603
0.02,12,7,32,424,488,212.64,25194
0.02,12,8,27,384,438,190.44,25511
0.02,12,9,25,338,388,168.96,25470
0.02,12,10,14,296,324,139.44,25102
0.02,12,11,12,266,290,124.68,25124
0.02,12,12,7,213,227,97.02,25195
0.02,12,13,6,192,204,87.12,25251
0.02,12,14,1,174,176,74.16,25341
0.02,12,15,3,163,169,71.7,25666
0.02,12,16,1,143,145,61.14,25192
0.02,12,17,5,132,142,60.84,25481
0.02,12,18,0,114,114,47.88,25959
0.02,12,19,0,81,81,34.02,25609
0.02,12,20,0,50,50,21.0,25662
0.02,12,21,0,45,45,18.9,25867
0.02,12,22,0,54,54,22.68,25363
0.02,12,23,0,51,51,21.42,25001
0.02,12,24,0,47,47,19.74,25068
0.02,12,25,0,30,30,12.6,25313
0.02,12,26,0,33,33,13.86,25651
0.02,12,27,0,28,28,11.76,25651
0.02,12,28,0,23,23,9.66,25948
0.02,12,29,0,20,20,8.4,26015
0.02,12,30,0,18,18,7.56,25956
0.02,12,31,0,17,17,7.14,25718
0.02,12,32,0,12,12,5.04,26060
0.02,12,33,0,7,7,2.94,25952
0.02,12,34,0,6,6,2.52,25959
0.02,12,35,0,6,6,2.52,25839
0.02,12,36,0,2,2,0.84,25771
0.02,12,37,0,2,2,0.84,26006
0.02,12,38,0,4,4,1.68,26147
0.02,12,39,0,3,3,1.26,26025
0.02,12,40,0,3,3,1.26,26273
0.02,12,41,0,2,2,0.84,25833
0.02,12,42,0,0,0,0.0,25599
0.02,13,-1,567,0,1134,612.36,28023
0.02,13,0,248,607,1103,522.78,27111
0.02,13,1,183,679,1045,482.82,26419
0.02,13,2,132,630,894,407.16,26381
0.02,13,3,113,606,832,376.56,26019
0.02,13,4,64,594,722,318.6,25782
0.02,13,5,42,569,653,284.34,25547
0.02,13,6,42,508,592,258.72,25863
0.02,13,7,29,504,562,243.0,26267
0.02,13,8,22,449,493,212.34,25958
0.02,13,9,26,400,452,196.08,25778
0.02,13,10,13,378,404,172.8,25704
0.02,13,11,9,324,342,145.8,25597
0.02,13,12,6,294,306,129.96,25012
0.02,13,13,6,245,257,109.38,25159
0.02,13,14,2,212,216,91.2,25274
0.02,13,15,2,147,151,63.9,25410
0.02,13,16,3,135,141,59.94,25822
0.02,13,17,0,106,106,44.52,26054
0.02,13,18,0,63,63,26.46,25682
0.02,13,19,0,54,54,22.68,25793
0.02,13,20,0,41,41,17.22,25999
0.02,13,21,0,31,31,13.02,25728
0.02,13,22,0,40,40,16.8,25543
0.02,13,23,0,32,32,13.44,25596
0.02,13,24,0,19,19,7.98,25444
0.02,13,25,0,9,9,3.78,25601
0.02,13,26,0,5,5,2.1,25749
0.02,13,27,0,3,3,1.26,25813
0.02,13,28,0,6,6,2.52,26277
0.02,13,29,0,2,2,0.84,26002
0.02,13,30,0,0,0,0.0,26375
0.02,14,-1,530,0,1060,572.4,27638
0.02,14,0,261,524,1046,501.96,27257
0.02,14,1,194,624,1012,471.6,26071
0.02,14,2,150,634,934,428.28,26029
0.02,14,3,106,662,874,392.52,26156
0.02,14,4,103,603,809,364.5,25902
0.02,14,5,65,553,683,302.46,25854
0.02,14,6,48,514,610,267.72,25984
0.02,14,7,41,494,576,251.76,26079
0.02,14,8,38,501,577,251.46,25819
0.02,14,9,26,447,499,215.82,25422
0.02,14,10,12,334,358,153.24,25712
0.02,14,11,16,304,336,144.96,25851
0.02,14,12,6,298,310,131.64,25712
0.02,14,13,14,273,301,129.78,26047
0.02,14,14,3,247,253,106.98,26182
0.02,14,15,2,223,227,95.82,26172
0.02,14,16,1,172,174,73.32,26240
0.02,14,17,0,150,150,63.0,25954
0.02,14,18,0,135,135,56.7,25830
0.02,14,19,0,118,118,49.56,25841
0.02,14,20,0,115,115,48.3,25850
0.02,14,21,0,86,86,36.12,25698
0.02,14,22,0,75,75,31.5,25563
0.02,14,23,0,69,69,28.98,25601
0.02,14,24,0,75,75,31.5,26134
0.02,14,25,0,44,44,18.48,25757
0.02,14,26,0,35,35,14.7,26185
0.02,14,27,0,31,31,13.02,25789
0.02,14,28,0,18,18,7.56,25962
0.02,14,29,0,17,17,7.14,25824
0.02,14,30,0,15,15,6.3,26044
0.02,14,31,0,12,12,5.04,25674
0.02,14,32,0,4,4,1.68,25283
0.02,14,33,0,3,3,1.26,25396
0.02,14,34,0,1,1,0.42,25964
0.02,14,35,0,0,0,0.0,26052
0.02,15,-1,494,0,988,533.52,28080
0.02,15,0,240,526,1006,480.12,27017
0.02,15,1,144,590,878,403.32,26413
0.02,15,2,92,587,771,345.9,26298
0.02,15,3,56,609,721,316.26,25711
0.02,15,4,48,503,599,263.1,25577
0.02,15,5,24,521,569,244.74,25560
0.02,15,6,28,433,489,212.1,25341
0.02,15,7,22,389,433,187.14,25422
0.02,15,8,16,354,386,165.96,25610
0.02,15,9,9,294,312,133.2,25595
0.02,15,10,3,233,239,101.1,25496
0.02,15,11,3,211,217,91.86,25364
0.02,15,12,4,177,185,78.66,25783
0.02,15,13,6,169,181,77.46,25689
0.02,15,14,1,155,157,66.18,25988
0.02,15,15,0,119,119,49.98,25675
0.02,15,16,0,102,102,42.84,25550
0.02,15,17,0,100,100,42.0,25512
0.02,15,18,2,85,89,37.86,25498
0.02,15,19,0,81,81,34.02,25275
0.02,15,20,0,64,64,26.88,25850
0.02,15,21,0,67,67,28.14,25740
0.02,15,22,0,44,44,18.48,25728
0.02,15,23,0,41,41,17.22,25345
0.02,15,24,0,30,30,12.6,25367
0.02,15,25,0,23,23,9.66,25559
0.02,15,26,0,19,19,7.98,25638
0.02,15,27,0,21,21,8.82,25671
0.02,15,28,0,17,17,7.14,25431
0.02,15,29,0,11,11,4.62,25637
0.02,15,30,0,13,13,5.46,25650
0.02,15,31,0,10,10,4.2,25584
0.02,15,32,0,9,9,3.78,25762
0.02,15,33,0,5,5,2.1,25742
0.02,15,34,0,4,4,1.68,25704
0.02,15,35,0,2,2,0.84,25921
0.02,15,36,0,0,0,0.0,25901
0.02,16,-1,568,0,1136,613.44,27232
0.02,16,0,294,520,1108,535.92,26709
0.02,16,1,197,584,978,458.04,26230
0.02,16,2,133,587,853,390.18,26032
0.02,16,3,94,557,745,335.46,25884
0.02,16,4,58,533,649,286.5,25575
0.02,16,5,48,529,625,274.02,25504
0.02,16,6,32,441,505,219.78,25209
0.02,16,7,18,381,417,179.46,25241
0.02,16,8,18,354,390,168.12,25455
0.02,16,9,22,335,379,164.46,26241
0.02,16,10,12,295,319,136.86,26077
0.02,16,11,2,283,287,121.02,25795
0.02,16,12,2,197,201,84.9,25602
0.02,16,13,4,155,163,69.42,25558
0.02,16,14,2,126,130,55.08,25820
0.02,16,15,0,118,118,49.56,25814
0.02,16,16,0,85,85,35.7,25679
0.02,16,17,0,60,60,25.2,25547
0.02,16,18,2,47,51,21.9,25839
0.02,16,19,0,40,40,16.8,25837
0.02,16,20,0,30,30,12.6,25524
0.02,16,21,0,29,29,12.18,25738
0.02,16,22,0,25,25,10.5,26032
0.02,16,23,0,24,24,10.08,25604
0.02,16,24,0,8,8,3.36,25858
0.02,16,25,0,12,12,5.04,25742
0.02,16,26,0,5,5,2.1,26059
0.02,16,27,0,2,2,0.84,26218
0.02,16,28,0,1,1,0.42,25769
0.02,16,29,0,3,3,1.26,25253
0.02,16,30,0,4,4,1.68,25676
0.02,16,31,0,6,6,2.52,25691
0.02,16,32,0,6,6,2.52,26017
0.02,16,33,0,8,8,3.36,25998
0.02,16,34,0,5,5,2.1,26236
0.02,16,35,0,4,4,1.68,26215
0.02,16,36,0,3,3,1.26,26018
0.02,16,37,0,1,1,0.42,25679
0.02,16,38,0,1,1,0.42,25440
0.02,16,39,0,0,0,0.0,25579
0.02,17,-1,602,0,1204,650.16,27431
0.02,17,0,271,553,1095,524.94,26268
0.02,17,1,192,604,988,461.04,25977
0.02,17,2,136,660,932,424.08,25802
0.02,17,3,127,616,870,395.88,25293
0.02,17,4,94,601,789,353.94,25379
0.02,17,5,68,653,789,347.7,25801
0.02,17,6,65,648,778,342.36,25701
0.02,17,7,38,589,665,288.42,25608
0.02,17,8,35,515,585,254.1,25250
0.02,17,9,23,469,515,221.82,25538
0.02,17,10,26,455,507,219.18,25522
0.02,17,11,24,429,477,206.1,25839
0.02,17,12,16,359,391,168.06,25871
0.02,17,13,27,282,336,147.6,25839
0.02,17,14,12,262,286,123.0,26000
0.02,17,15,11,223,245,105.54,25482
0.02,17,16,0,237,237,99.54,25421
0.02,17,17,0,209,209,87.78,25257
0.02,17,18,4,205,213,90.42,25507
0.02,17,19,3,201,207,87.66,25388
0.02,17,20,4,195,203,86.22,25655
0.02,17,21,4,178,186,79.08,25310
0.02,17,22,4,132,140,59.76,25104
0.02,17,23,0,107,107,44.94,25332
0.02,17,24,1,107,109,46.02,25481
0.02,17,25,1,80,82,34.68,25737
0.02,17,26,0,81,81,34.02,25413
0.02,17,27,0,69,69,28.98,25812
0.02,17,28,0,78,78,32.76,26327
0.02,17,29,2,80,84,35.76,26507
0.02,17,30,1,78,80,33.84,26127
0.02,17,31,0,69,69,28.98,26111
0.02,17,32,0,54,54,22.68,25558
0.02,17,33,0,58,58,24.36,25319
0.02,17,34,0,60,60,25.2,25513
0.02,17,35,0,56,56,23.52,25768
0.02,17,36,0,43,43,18.06,25900
0.02,17,37,1,27,29,12.42,26190
0.02,17,38,0,36,36,15.12,26018
0.02,17,39,0,47,47,19.74,25676
0.02,17,40,0,38,38,15.96,25605
0.02,17,41,0,33,33,13.86,25609
0.02,17,42,0,26,26,10.92,25706
0.02,17,43,0,36,36,15.12,25879
0.02,17,44,0,38,38,15.96,25962
0.02,17,45,0,27,27,11.34,25873
0.02,17,46,0,19,19,7.98,26045
0.02,17,47,0,17,17,7.14,25892
0.02,17,48,0,8,8,3.36,26163
0.02,17,49,0,7,7,2.94,25609
0.02,17,50,0,5,5,2.1,25920
0.02,17,51,0,0,0,0.0,25798
0.02,18,-1,603,0,1206,651.24,27733
0.02,18,0,270,603,1143,544.86,27031
0.02,18,1,203,643,1049,489.3,26489
0.02,18,2,139,644,922,420.6,25794
0.02,18,3,109,618,836,377.28,25565
0.02,18,4,79,559,717,320.1,25370
0.02,18,5,57,559,673,296.34,25441
0.02,18,6,53,453,559,247.5,25431
0.02,18,7,26,435,487,210.78,25352
0.02,18,8,31,410,472,205.68,25595
0.02,18,9,21,340,382,165.48,25587
0.02,18,10,15,311,341,146.82,25605
0.02,18,11,13,307,333,142.98,25772
0.02,18,12,7,274,288,122.64,25478
0.02,18,13,1,224,226,95.16,25386
0.02,18,14,1,198,200,84.24,25488
0.02,18,15,1,193,195,82.14,25730
0.02,18,16,3,146,152,64.56,25821
0.02,18,17,0,109,109,45.78,26087
0.02,18,18,1,95,97,40.98,25738
0.02,18,19,2,79,83,35.34,26072
0.02,18,20,0,81,81,34.02,25845
0.02,18,21,1,70,72,30.48,25460
0.02,18,22,0,76,76,31.92,25690
0.02,18,23,0,54,54,22.68,25780
0.02,18,24,0,62,62,26.04,25764
0.02,18,25,0,38,38,15.96,25922
0.02,18,26,0,34,34,14.28,25703
0.02,18,27,0,33,33,13.86,26066
0.02,18,28,0,25,25,10.5,26155
0.02,18,29,0,23,23,9.66,25641
0.02,18,30,0,19,19,7.98,25574
0.02,18,31,0,18,18,7.56,25461
0.02,18,32,0,13,13,5.46,25525
0.02,18,33,0,9,9,3.78,25815
0.02,18,34,0,3,3,1.26,26106
0.02,18,35,0,4,4,1.68,25971
0.02,18,36,0,3,3,1.26,25907
0.02,18,37,0,0,0,0.0,26045
0.02,19,-1,497,0,994,536.76,27796
0.02,19,0,196,447,839,399.42,26616
0.02,19,1,116,516,748,342.0,25752
0.02,19,2,61,484,606,269.16,25575
0.02,19,3,45,441,531,233.82,25732
0.02,19,4,34,404,472,206.4,25538
0.02,19,5,12,415,439,187.26,25542
0.02,19,6,17,364,398,171.24,25682
0.02,19,7,17,369,403,173.34,25543
0.02,19,8,9,321,339,144.54,25677
0.02,19,9,10,277,297,127.14,25729
0.02,19,10,8,226,242,103.56,24957
0.02,19,11,3,219,225,95.22,25337
0.02,19,12,3,224,230,97.32,25462
0.02,19,13,1,198,200,84.24,25490
0.02,19,14,1,207,209,88.02,25371
0.02,19,15,2,211,215,90.78,25462
0.02,19,16,2,156,160,67.68,25651
0.02,19,17,2,117,121,51.3,25700
0.02,19,18,0,112,112,47.04,26531
0.02,19,19,0,115,115,48.3,26311
0.02,19,20,0,86,86,36.12,25877
0.02,19,21,0,69,69,28.98,25465
0.02,19,22,0,42,42,17.64,25366
0.02,19,23,0,37,37,15.54,25536
0.02,19,24,0,24,24,10.08,25603
0.02,19,25,0,24,24,10.08,25819
0.02,19,26,0,17,17,7.14,25950
0.02,19,27,0,18,18,7.56,25797
0.02,19,28,0,21,21,8.82,25769
0.02,19,29,0,8,8,3.36,25928
0.02,19,30,0,12,12,5.04,25923
0.02,19,31,0,20,20,8.4,25929
0.02,19,32,0,15,15,6.3,25833
0.02,19,33,0,8,8,3.36,25501
0.02,19,34,0,8,8,3.36,25255
0.02,19,35,0,9,9,3.78,25812
0.02,19,36,0,6,6,2.52,25960
0.02,19,37,0,3,3,1.26,26138
0.02,19,38,0,2,2,0.84,26148
0.02,19,39,0,0,0,0.0,25800
0.02,20,-1,537,0,1074,579.96,27583
0.02,20,0,254,514,1022,490.2,26597
0.02,20,1,127,616,870,395.88,25880
0.02,20,2,116,545,777,354.18,25700
0.02,20,3,96,551,743,335.1,25796
0.02,20,4,70,496,636,283.92,25465
0.02,20,5,42,497,581,254.1,25277
0.02,20,6,29,417,475,206.46,25350
0.02,20,7,18,337,373,160.98,25330
0.02,20,8,18,278,314,136.2,24891
0.02,20,9,12,247,271,116.7,25230
0.02,20,10,7,216,230,98.28,25252
0.02,20,11,6,213,225,95.94,25676
0.02,20,12,2,217,221,93.3,26098
0.02,20,13,4,162,170,72.36,26022
0.02,20,14,3,124,130,55.32,25758
0.02,20,15,3,98,104,44.4,25790
0.02,20,16,0,99,99,41.58,25868
0.02,20,17,1,69,71,30.06,25793
0.02,20,18,0,71,71,29.82,25699
0.02,20,19,0,59,59,24.78,25600
0.02,20,20,0,62,62,26.04,25300
0.02,20,21,0,46,46,19.32,25347
0.02,20,22,0,39,39,16.38,25201
0.02,20,23,0,43,43,18.06,25168
0.02,20,24,0,43,43,18.06,25343
0.02,20,25,0,26,26,10.92,25723
0.02,20,26,0,30,30,12.6,25773
0.02,20,27,0,22,22,9.24,25702
0.02,20,28,0,20,20,8.4,25875
0.02,20,29,0,18,18,7.56,25846
0.02,20,30,0,11,11,4.62,25753
0.02,20,31,0,8,8,3.36,25710
0.02,20,32,0,9,9,3.78,25550
0.02,20,33,0,6,6,2.52,25501
0.02,20,34,0,5,5,2.1,25755
0.02,20,35,0,6,6,2.52,25755
0.02,20,36,0,5,5,2.1,25688
0.02,20,37,0,5,5,2.1,25477
0.02,20,38,0,4,4,1.68,25932
0.02,20,39,0,4,4,1.68,26060
0.02,20,40,0,3,3,1.26,25817
0.02,20,41,0,4,4,1.68,25870
0.02,20,42,0,6,6,2.52,26028
0.02,20,43,0,5,5,2.1,26119
0.02,20,44,0,6,6,2.52,25525
0.02,20,45,0,2,2,0.84,25390
0.02,20,46,0,2,2,0.84,25409
0.02,20,47,0,1,1,0.42,25334
0.02,20,48,0,0,0,0.0,25768
0.02,21,-1,553,0,1106,597.24,27827
0.02,21,0,265,522,1052,505.44,26652
0.02,21,1,185,623,993,461.46,25786
0.02,21,2,130,630,890,405.0,25755
0.02,21,3,91,639,821,366.66,25759
0.02,21,4,73,659,805,355.62,25727
0.02,21,5,77,635,789,349.86,25734
0.02,21,6,57,567,681,299.7,25882
0.02,21,7,35,555,625,270.9,25542
0.02,21,8,20,480,520,223.2,25822
0.02,21,9,27,388,442,192.12,25582
0.02,21,10,16,341,373,160.5,25454
0.02,21,11,6,289,301,127.86,25388
0.02,21,12,4,249,257,108.9,25598
0.02,21,13,1,241,243,102.3,25613
0.02,21,14,4,220,228,96.72,25642
0.02,21,15,8,191,207,88.86,26194
0.02,21,16,0,144,144,60.48,26023
0.02,21,17,1,106,108,45.6,25870
0.02,21,18,1,94,96,40.56,25387
0.02,21,19,0,80,80,33.6,25330
0.02,21,20,0,72,72,30.24,25275
0.02,21,21,0,50,50,21.0,25313
0.02,21,22,0,26,26,10.92,25300
0.02,21,23,0,12,12,5.04,25488
0.02,21,24,0,19,19,7.98,25593
0.02,21,25,0,16,16,6.72,25344
0.02,21,26,0,18,18,7.56,25929
0.02,21,27,0,12,12,5.04,25837
0.02,21,28,0,13,13,5.46,25838
0.02,21,29,0,15,15,6.3,25927
0.02,21,30,0,13,13,5.46,25926
0.02,21,31,0,14,14,5.88,26065
0.02,21,32,0,8,8,3.36,26188
0.02,21,33,0,5,5,2.1,26129
0.02,21,34,0,4,4,1.68,25804
0.02,21,35,0,4,4,1.68,25985
0.02,21,36,0,3,3,1.26,25874
0.02,21,37,0,1,1,0.42,26332
0.02,21,38,0,2,2,0.84,25623
0.02,21,39,0,0,0,0.0,25647
0.02,22,-1,479,0,958,517.32,27464
0.02,22,0,200,529,929,438.18,26754
0.02,22,1,136,578,850,389.64,25940
0.02,22,2,129,499,757,348.9,25871
0.02,22,3,82,589,753,335.94,25739
0.02,22,4,77,551,705,314.58,25499
0.02,22,5,47,545,639,279.66,25142
0.02,22,6,39,514,592,258.0,25257
0.02,22,7,28,410,466,202.44,25252
0.02,22,8,21,361,403,174.3,25076
0.02,22,9,14,350,378,162.12,25264
0.02,22,10,10,294,314,134.28,25773
0.02,22,11,17,249,283,122.94,25446
0.02,22,12,16,237,269,116.82,25696
0.02,22,13,8,196,212,90.96,25561
0.02,22,14,3,165,171,72.54,25591
0.02,22,15,2,145,149,63.06,25311
0.02,22,16,5,118,128,54.96,25487
0.02,22,17,0,137,137,57.54,25068
0.02,22,18,2,108,112,47.52,25026
0.02,22,19,0,91,91,38.22,25532
0.02,22,20,0,72,72,30.24,25812
0.02,22,21,0,57,57,23.94,25704
0.02,22,22,2,59,63,26.94,25971
0.02,22,23,0,53,53,22.26,26038
0.02,22,24,0,55,55,23.1,26150
0.02,22,25,0,51,51,21.42,26145
0.02,22,26,0,41,41,17.22,26240
0.02,22,27,0,29,29,12.18,26018
0.02,22,28,0,24,24,10.08,25994
0.02,22,29,0,23,23,9.66,25449
0.02,22,30,0,20,20,8.4,25765
0.02,22,31,0,15,15,6.3,25907
0.02,22,32,0,8,8,3.36,25849
0.02,22,33,0,6,6,2.52,25618
0.02,22,34,0,5,5,2.1,25755
0.02,22,35,0,2,2,0.84,25723
0.02,22,36,0,2,2,0.84,25747
0.02,22,37,0,1,1,0.42,26004
0.02,22,38,0,1,1,0.42,25746
0.02,22,39,0,0,0,0.0,25431
0.02,23,-1,538,0,1076,581.04,27395
0.02,23,0,213,518,944,447.6,26601
0.02,23,1,160,553,873,405.06,26381
0.02,23,2,75,563,713,317.46,25988
0.02,23,3,63,532,658,291.48,25786
0.02,23,4,56,465,577,255.78,25260
0.02,23,5,39,463,541,236.58,25118
0.02,23,6,26,428,480,207.84,25400
0.02,23,7,14,357,385,165.06,25393
0.02,23,8,16,341,373,160.5,25382
0.02,23,9,6,285,297,126.18,25660
0.02,23,10,7,224,238,101.64,25646
0.02,23,11,3,196,202,85.56,25691
0.02,23,12,5,179,189,80.58,25755
0.02,23,13,0,167,167,70.14,26052
0.02,23,14,2,136,140,59.28,26041
0.02,23,15,0,143,143,60.06,26039
0.02,23,16,0,100,100,42.0,25852
0.02,23,17,2,86,90,38.28,25746
0.02,23,18,0,81,81,34.02,25785
0.02,23,19,0,74,74,31.08,25741
0.02,23,20,0,57,57,23.94,25551
0.02,23,21,0,47,47,19.74,25629
0.02,23,22,0,50,50,21.0,25443
0.02,23,23,0,53,53,22.26,25879
0.02,23,24,0,45,45,18.9,26085
0.02,23,25,2,31,35,15.18,26181
0.02,23,26,0,30,30,12.6,25892
0.02,23,27,0,31,31,13.02,25479
0.02,23,28,0,24,24,10.08,25625
0.02,23,29,0,17,17,7.14,25510
0.02,23,30,0,14,14,5.88,25669
0.02,23,31,0,7,7,2.94,25278
0.02,23,32,0,2,2,0.84,25579
0.02,23,33,0,3,3,1.26,26190
0.02,23,34,0,1,1,0.42,26090
0.02,23,35,0,1,1,0.42,26053
0.02,23,36,0,1,1,0.42,25947
0.02,23,37,0,1,1,0.42,25577
0.02,23,38,0,0,0,0.0,25616
0.02,24,-1,526,0,1052,568.08,27460
0.02,24,0,190,498,878,414.36,26549
0.02,24,1,150,546,846,391.32,26167
0.02,24,2,98,515,711,322.14,25728
0.02,24,3,71,554,696,309.36,25666
0.02,24,4,78,539,695,310.62,25806
0.02,24,5,60,554,674,297.48,25816
0.02,24,6,53,544,650,285.72,25597
0.02,24,7,31,488,550,238.44,25640
0.02,24,8,23,457,503,216.78,26125
0.02,24,9,19,390,428,184.32,25725
0.02,24,10,19,339,377,162.9,25628
0.02,24,11,13,339,365,156.42,25625
0.02,24,12,7,263,277,118.02,25454
0.02,24,13,10,226,246,105.72,25881
0.02,24,14,5,195,205,87.3,25533
0.02,24,15,5,183,193,82.26,25701
0.02,24,16,3,151,157,66.66,25959
0.02,24,17,3,153,159,67.5,25774
0.02,24,18,1,130,132,55.68,26106
0.02,24,19,2,96,100,42.48,25594
0.02,24,20,0,77,77,32.34,25710
0.02,24,21,1,75,77,32.58,25749
0.02,24,22,0,72,72,30.24,25711
0.02,24,23,1,69,71,30.06,25850
0.02,24,24,0,68,68,28.56,25627
0.02,24,25,0,62,62,26.04,26001
0.02,24,26,0,37,37,15.54,25749
0.02,24,27,0,30,30,12.6,25536
0.02,24,28,0,13,13,5.46,25531
0.02,24,29,0,9,9,3.78,25555
0.02,24,30,0,5,5,2.1,25810
0.02,24,31,0,5,5,2.1,25507
0.02,24,32,0,10,10,4.2,25832
0.02,24,33,0,6,6,2.52,25357
0.02,24,34,0,4,4,1.68,25488
0.02,24,35,0,5,5,2.1,25542
0.02,24,36,0,4,4,1.68,25984
0.02,24,37,0,6,6,2.52,26371
0.02,24,38,0,1,1,0.42,26245
0.02,24,39,0,0,0,0.0,25788
0.02,25,-1,514,0,1028,555.12,27889
0.02,25,0,238,543,1019,485.1,26603
0.02,25,1,163,597,923,426.78,25839
0.02,25,2,128,591,847,386.46,25570
0.02,25,3,115,621,851,385.02,25507
0.02,25,4,81,599,761,339.06,25604
0.02,25,5,73,582,728,323.28,25721
0.02,25,6,57,567,681,299.7,25187
0.02,25,7,42,488,572,250.32,25387
0.02,25,8,20,407,447,192.54,25430
0.02,25,9,12,338,362,154.92,25342
0.02,25,10,5,317,327,138.54,25879
0.02,25,11,5,268,278,117.96,25721
0.02,25,12,2,231,235,99.18,25904
0.02,25,13,9,187,205,88.26,26001
0.02,25,14,1,158,160,67.44,25748
0.02,25,15,0,157,157,65.94,25832
0.02,25,16,0,114,114,47.88,25835
0.02,25,17,4,94,102,43.8,25566
0.02,25,18,0,98,98,41.16,25227
0.02,25,19,0,94,94,39.48,25336
0.02,25,20,0,87,87,36.54,25374
0.02,25,21,0,70,70,29.4,25634
0.02,25,22,0,60,60,25.2,25850
0.02,25,23,0,40,40,16.8,25772
0.02,25,24,0,31,31,13.02,25528
0.02,25,25,0,33,33,13.86,25386
0.02,25,26,0,30,30,12.6,25592
0.02,25,27,0,16,16,6.72,25654
0.02,25,28,0,15,15,6.3,25729
0.02,25,29,0,15,15,6.3,25811
0.02,25,30,0,10,10,4.2,25627
0.02,25,31,0,8,8,3.36,25634
0.02,25,32,0,5,5,2.1,25701
0.02,25,33,0,6,6,2.52,25641
0.02,25,34,0,11,11,4.62,25633
0.02,25,35,0,9,9,3.78,25801
0.02,25,36,0,9,9,3.78,25498
0.02,25,37,0,11,11,4.62,25689
0.02,25,38,0,7,7,2.94,25312
0.02,25,39,0,8,8,3.36,25740
0.02,25,40,0,3,3,1.26,26087
0.02,25,41,0,4,4,1.68,26107
0.02,25,42,0,3,3,1.26,26016
0.02,25,43,0,3,3,1.26,25759
0.02,25,44,0,2,2,0.84,26021
0.02,25,45,0,3,3,1.26,25514
0.02,25,46,0,5,5,2.1,25449
0.02,25,47,0,3,3,1.26,25578
0.02,25,48,0,2,2,0.84,25571
0.02,25,49,0,3,3,1.26,25801
0.02,25,50,0,2,2,0.84,25528
0.02,25,51,0,2,2,0.84,25596
0.02,25,52,0,0,0,0.0,25572
0.02,26,-1,512,0,1024,552.96,27714
0.02,26,0,211,498,920,437.04,26880
0.02,26,1,159,579,897,414.9,26288
0.02,26,2,101,597,799,359.82,26093
0.02,26,3,73,580,726,322.44,26067
0.02,26,4,48,553,649,284.1,26165
0.02,26,5,47,506,600,263.28,25938
0.02,26,6,22,468,512,220.32,25798
0.02,26,7,22,378,422,182.52,25732
0.02,26,8,13,367,393,168.18,25358
0.02,26,9,18,298,334,144.6,25453
0.02,26,10,9,308,326,139.08,25514
0.02,26,11,10,291,311,133.02,25751
0.02,26,12,15,243,273,118.26,25662
0.02,26,13,7,216,230,98.28,25668
0.02,26,14,1,183,185,77.94,25683
0.02,26,15,1,125,127,53.58,25669
0.02,26,16,3,93,99,42.3,25580
0.02,26,17,0,82,82,34.44,25483
0.02,26,18,1,50,52,22.08,25557
0.02,26,19,0,40,40,16.8,25566
0.02,26,20,0,35,35,14.7,25726
0.02,26,21,0,30,30,12.6,26078
0.02,26,22,0,45,45,18.9,25547
0.02,26,23,0,25,25,10.5,25291
0.02,26,24,0,18,18,7.56,25621
0.02,26,25,0,26,26,10.92,25897
0.02,26,26,0,17,17,7.14,25586
0.02,26,27,0,26,26,10.92,25209
0.02,26,28,0,17,17,7.14,25575
0.02,26,29,0,12,12,5.04,26148
0.02,26,30,0,12,12,5.04,25834
0.02,26,31,0,6,6,2.52,25604
0.02,26,32,0,4,4,1.68,25577
0.02,26,33,0,1,1,0.42,26156
0.02,26,34,0,1,1,0.42,25653
0.02,26,35,0,1,1,0.42,26042
0.02,26,36,0,0,0,0.0,25864
0.02,27,-1,620,0,1240,669.6,27808
0.02,27,0,304,514,1122,544.2,26879
0.02,27,1,190,691,1071,495.42,26421
0.02,27,2,116,687,919,413.82,25828
0.02,27,3,111,667,889,400.02,25712
0.02,27,4,101,630,832,373.68,25719
0.02,27,5,78,586,742,330.36,25357
0.02,27,6,43,592,678,295.08,25454
0.02,27,7,28,565,621,267.54,25303
0.02,27,8,34,457,525,228.66,25332
0.02,27,9,23,399,445,192.42,25264
0.02,27,10,13,389,415,177.42,25587
0.02,27,11,13,368,394,168.6,25778
0.02,27,12,6,329,341,144.66,25684
0.02,27,13,8,273,289,123.3,25710
0.02,27,14,4,242,250,105.96,25892
0.02,27,15,5,219,229,97.38,26035
0.02,27,16,1,178,180,75.84,25627
0.02,27,17,2,141,145,61.38,25367
0.02,27,18,1,124,126,53.16,25610
0.02,27,19,0,84,84,35.28,26165
0.02,27,20,0,56,56,23.52,25620
0.02,27,21,0,31,31,13.02,25633
0.02,27,22,0,32,32,13.44,25372
0.02,27,23,0,24,24,10.08,25593
0.02,27,24,1,22,24,10.32,25499
0.02,27,25,0,14,14,5.88,25307
0.02,27,26,0,12,12,5.04,25927
0.02,27,27,0,12,12,5.04,25934
0.02,27,28,0,8,8,3.36,25616
0.02,27,29,0,6,6,2.52,25794
0.02,27,30,0,7,7,2.94,25321
0.02,27,31,0,1,1,0.42,25463
0.02,27,32,0,0,0,0.0,25833
0.02,28,-1,566,0,1132,611.28,27381
0.02,28,0,209,535,953,450.42,26775
0.02,28,1,137,506,780,360.48,25994
0.02,28,2,118,569,805,366.42,25973
0.02,28,3,84,534,702,315.0,25923
0.02,28,4,51,543,645,283.14,25719
0.02,28,5,31,444,506,219.96,25912
0.02,28,6,19,398,436,187.68,25718
0.02,28,7,20,350,390,168.6,25767
0.02,28,8,18,324,360,155.52,25491
0.02,28,9,4,321,329,139.14,25917
0.02,28,10,7,295,309,131.46,25909
0.02,28,11,12,249,273,117.54,25769
0.02,28,12,0,208,208,87.36,25560
0.02,28,13,1,179,181,76.26,25300
0.02,28,14,1,139,141,59.46,25136
0.02,28,15,1,118,120,50.64,25744
0.02,28,16,0,123,123,51.66,25746
0.02,28,17,0,100,100,42.0,25953
0.02,28,18,0,86,86,36.12,26101
0.02,28,19,0,76,76,31.92,26067
0.02,28,20,1,64,66,27.96,25888
0.02,28,21,0,71,71,29.82,25951
0.02,28,22,0,59,59,24.78,25623
0.02,28,23,3,55,61,26.34,25295
0.02,28,24,1,56,58,24.6,25805
0.02,28,25,0,52,52,21.84,26169
0.02,28,26,0,52,52,21.84,25708
0.02,28,27,0,58,58,24.36,25747
0.02,28,28,0,50,50,21.0,25606
0.02,28,29,1,41,43,18.3,25276
0.02,28,30,0,43,43,18.06,25624
0.02,28,31,0,31,31,13.02,25260
0.02,28,32,0,27,27,11.34,25693
0.02,28,33,0,21,21,8.82,25190
0.02,28,34,0,20,20,8.4,25581
0.02,28,35,0,19,19,7.98,25425
0.02,28,36,0,12,12,5.04,25517
0.02,28,37,0,13,13,5.46,25371
0.02,28,38,0,15,15,6.3,25492
0.02,28,39,0,13,13,5.46,25368
0.02,28,40,0,17,17,7.14,25461
0.02,28,41,0,11,11,4.62,25328
0.02,28,42,0,7,7,2.94,25109
0.02,28,43,0,9,9,3.78,25203
0.02,28,44,0,9,9,3.78,25307
0.02,28,45,0,11,11,4.62,25432
0.02,28,46,0,10,10,4.2,25510
0.02,28,47,0,6,6,2.52,25769
0.02,28,48,0,3,3,1.26,25804
0.02,28,49,0,4,4,1.68,25823
0.02,28,50,0,1,1,0.42,26512
0.02,28,51,0,2,2,0.84,26034
0.02,28,52,0,4,4,1.68,26207
0.02,28,53,0,1,1,0.42,25333
0.02,28,54,0,0,0,0.0,25757
0.02,29,-1,574,0,1148,619.92,27855
0.02,29,0,260,519,1039,498.78,26560
0.02,29,1,154,578,886,409.08,26218
0.02,29,2,120,615,855,387.9,26133
0.02,29,3,76,608,760,337.44,25798
0.02,29,4,64,626,754,332.04,25555
0.02,29,5,65,565,695,307.5,25569
0.02,29,6,52,554,658,288.84,25494
0.02,29,7,40,500,580,253.2,25483
0.02,29,8,26,450,502,217.08,25055
0.02,29,9,26,392,444,192.72,25229
0.02,29,10,7,345,359,152.46,24774
0.02,29,11,10,308,328,140.16,25565
0.02,29,12,8,283,299,127.5,25183
0.02,29,13,6,270,282,119.88,25717
0.02,29,14,12,207,231,99.9,25482
0.02,29,15,2,190,194,81.96,25324
0.02,29,16,1,157,159,67.02,25285
0.02,29,17,0,162,162,68.04,25645
0.02,29,18,0,136,136,57.12,25373
0.02,29,19,1,134,136,57.36,25761
0.02,29,20,0,119,119,49.98,25511
0.02,29,21,0,114,114,47.88,25578
0.02,29,22,0,98,98,41.16,25561
0.02,29,23,0,81,81,34.02,25827
0.02,29,24,0,49,49,20.58,25611
0.02,29,25,0,45,45,18.9,25748
0.02,29,26,0,31,31,13.02,25806
0.02,29,27,0,23,23,9.66,25883
0.02,29,28,0,20,20,8.4,25820
0.02,29,29,0,20,20,8.4,25932
0.02,29,30,0,13,13,5.46,25749
0.02,29,31,0,11,11,4.62,25680
0.02,29,32,0,12,12,5.04,25568
0.02,29,33,0,8,8,3.36,25607
0.02,29,34,0,6,6,2.52,25780
0.02,29,35,0,4,4,1.68,25765
0.02,29,36,0,6,6,2.52,25769
0.02,29,37,0,4,4,1.68,25475
0.02,29,38,0,1,1,0.42,25464
0.02,29,39,0,1,1,0.42,25533
0.02,29,40,0,0,0,0.0,25748
0.02,30,-1,591,0,1182,638.28,27475
0.02,30,0,256,565,1077,513.78,26494
0.02,30,1,158,581,897,414.66,25976
0.02,30,2,95,590,780,350.4,25945
0.02,30,3,81,582,744,331.92,25793
0.02,30,4,59,550,668,294.72,25735
0.02,30,5,63,459,585,260.82,25825
0.02,30,6,34,442,510,222.36,25712
0.02,30,7,29,377,435,189.66,25714
0.02,30,8,10,334,354,151.08,25879
0.02,30,9,7,295,309,131.46,25745
0.02,30,10,2,292,296,124.8,25983
0.02,30,11,9,219,237,101.7,25977
0.02,30,12,2,180,184,77.76,25692
0.02,30,13,3,153,159,67.5,25893
0.02,30,14,1,143,145,61.14,25702
0.02,30,15,4,90,98,42.12,25578
0.02,30,16,1,93,95,40.14,25708
0.02,30,17,0,93,93,39.06,25850
0.02,30,18,0,70,70,29.4,25591
0.02,30,19,0,50,50,21.0,25295
0.02,30,20,0,49,49,20.58,25466
0.02,30,21,0,51,51,21.42,25347
0.02,30,22,0,39,39,16.38,25324
0.02,30,23,0,43,43,18.06,25677
0.02,30,24,0,38,38,15.96,25782
0.02,30,25,0,23,23,9.66,25897
0.02,30,26,0,15,15,6.3,25977
0.02,30,27,0,10,10,4.2,25843
0.02,30,28,0,8,8,3.36,25331
0.02,30,29,0,7,7,2.94,25533
0.02,30,30,0,3,3,1.26,25311
0.02,30,31,0,1,1,0.42,25110
0.02,30,32,0,1,1,0.42,25425
0.02,30,33,0,0,0,0.0,25723
0.02,31,-1,544,0,1088,587.52,27872
0.02,31,0,246,553,1045,497.94,26680
0.02,31,1,177,580,934,434.76,26258
0.02,31,2,159,638,956,439.68,26120
0.02,31,3,122,616,860,390.48,25722
0.02,31,4,89,591,769,344.34,25249
0.02,31,5,82,538,702,314.52,25195
0.02,31,6,83,526,692,310.56,25051
0.02,31,7,50,507,607,266.94,25677
0.02,31,8,47,484,578,254.04,25451
0.02,31,9,31,467,529,229.62,25335
0.02,31,10,22,434,478,206.04,25724
0.02,31,11,10,365,385,164.1,25366
0.02,31,12,9,323,341,145.38,25407
0.02,31,13,18,271,307,133.26,25562
0.02,31,14,4,255,263,111.42,26132
0.02,31,15,1,206,208,87.6,26018
0.02,31,16,0,195,195,81.9,25620
0.02,31,17,4,152,160,68.16,25480
0.02,31,18,9,141,159,68.94,25700
0.02,31,19,3,130,136,57.84,25620
0.02,31,20,1,78,80,33.84,25404
0.02,31,21,0,73,73,30.66,25356
0.02,31,22,0,46,46,19.32,25427
0.02,31,23,0,44,44,18.48,25439
0.02,31,24,0,32,32,13.44,25440
0.02,31,25,0,19,19,7.98,25539
0.02,31,26,0,12,12,5.04,25488
0.02,31,27,0,9,9,3.78,25705
0.02,31,28,0,7,7,2.94,25715
0.02,31,29,0,5,5,2.1,25740
0.02,31,30,0,9,9,3.78,25778
0.02,31,31,0,4,4,1.68,25709
0.02,31,32,0,7,7,2.94,25661
0.02,31,33,0,3,3,1.26,26098
0.02,31,34,0,2,2,0.84,25783
0.02,31,35,0,1,1,0.42,25665
0.02,31,36,0,2,2,0.84,25653
0.02,31,37,0,0,0,0.0,25615
0.02,32,-1,558,0,1116,602.64,28035
0.02,32,0,208,552,968,456.48,26990
0.02,32,1,150,563,863,398.46,26206
0.02,32,2,99,577,775,349.26,25861
0.02,32,3,60,594,714,314.28,25501
0.02,32,4,47,530,624,273.36,25531
0.02,32,5,43,450,536,235.44,25484
0.02,32,6,38,422,498,218.28,25600
0.02,32,7,15,426,456,195.12,25750
0.02,32,8,23,358,404,175.2,25711
0.02,32,9,5,352,362,153.24,25404
0.02,32,10,4,274,282,119.4,25450
0.02,32,11,2,242,246,103.8,25709
0.02,32,12,0,211,211,88.62,25710
0.02,32,13,0,208,208,87.36,25661
0.02,32,14,3,169,175,74.22,25738
0.02,32,15,1,138,140,59.04,26000
0.02,32,16,3,105,111,47.34,26040
0.02,32,17,2,99,103,43.74,25548
0.02,32,18,0,85,85,35.7,25395
0.02,32,19,0,70,70,29.4,25358
0.02,32,20,0,56,56,23.52,25769
0.02,32,21,0,55,55,23.1,25642
0.02,32,22,0,38,38,15.96,25614
0.02,32,23,0,26,26,10.92,25905
0.02,32,24,0,27,27,11.34,26040
0.02,32,25,0,28,28,11.76,25698
0.02,32,26,0,23,23,9.66,25823
0.02,32,27,0,29,29,12.18,25581
0.02,32,28,0,22,22,9.24,25318
0.02,32,29,0,20,20,8.4,25634
0.02,32,30,0,13,13,5.46,25840
0.02,32,31,0,11,11,4.62,25573
0.02,32,32,0,4,4,1.68,25858
0.02,32,33,0,2,2,0.84,25830
0.02,32,34,0,3,3,1.26,25862
0.02,32,35,0,2,2,0.84,25705
0.02,32,36,0,0,0,0.0,25622
0.02,33,-1,548,0,1096,591.84,27805
0.02,33,0,279,495,1053,509.22,26927
0.02,33,1,139,598,876,401.28,26538
0.02,33,2,106,589,801,361.86,25901
0.02,33,3,74,594,742,329.4,25935
0.02,33,4,70,537,677,301.14,25911
0.02,33,5,48,515,611,268.14,25937
0.02,33,6,29,468,526,227.88,25665
0.02,33,7,16,391,423,181.5,25557
0.02,33,8,12,319,343,146.94,26079
0.02,33,9,15,267,297,128.34,25770
0.02,33,10,6,233,245,104.34,25584
0.02,33,11,3,227,233,98.58,25717
0.02,33,12,4,209,217,92.1,25884
0.02,33,13,5,184,194,82.68,25695
0.02,33,14,4,165,173,73.62,25827
0.02,33,15,1,130,132,55.68,25374
0.02,33,16,0,85,85,35.7,25551
0.02,33,17,2,65,69,29.46,25645
0.02,33,18,0,87,87,36.54,25412
0.02,33,19,0,64,64,26.88,25656
0.02,33,20,1,77,79,33.42,25841
0.02,33,21,0,64,64,26.88,26036
0.02,33,22,0,55,55,23.1,25997
0.02,33,23,0,41,41,17.22,25773
0.02,33,24,0,43,43,18.06,25455
0.02,33,25,3,33,39,17.1,25814
0.02,33,26,0,31,31,13.02,25909
0.02,33,27,0,27,27,11.34,26149
0.02,33,28,0,22,22,9.24,25801
0.02,33,29,0,22,22,9.24,26167
0.02,33,30,0,15,15,6.3,26072
0.02,33,31,0,12,12,5.04,25954
0.02,33,32,0,1,1,0.42,26361
0.02,33,33,0,1,1,0.42,25978
0.02,33,34,0,1,1,0.42,25845
0.02,33,35,0,0,0,0.0,25758
0.02,34,-1,497,0,994,536.76,27811
0.02,34,0,211,477,899,428.22,26606
0.02,34,1,128,550,806,369.24,26336
0.02,34,2,84,612,780,347.76,26143
0.02,34,3,76,547,699,311.82,25832
0.02,34,4,48,525,621,272.34,25688
0.02,34,5,31,429,491,213.66,25645
0.02,34,6,16,421,453,194.1,25946
0.02,34,7,37,407,481,210.9,25862
0.02,34,8,20,401,441,190.02,25797
0.02,34,9,11,364,386,164.76,25849
0.02,34,10,15,265,295,127.5,26078
0.02,34,11,6,250,262,111.48,25944
0.02,34,12,7,219,233,99.54,26143
0.02,34,13,0,199,199,83.58,25966
0.02,34,14,8,176,192,82.56,25859
0.02,34,15,3,154,160,67.92,25686
0.02,34,16,1,135,137,57.78,25541
0.02,34,17,3,106,112,47.76,25732
0.02,34,18,2,125,129,54.66,25964
0.02,34,19,0,86,86,36.12,25549
0.02,34,20,0,83,83,34.86,25659
0.02,34,21,1,65,67,28.38,25937
0.02,34,22,0,53,53,22.26,25767
0.02,34,23,0,27,27,11.34,25209
0.02,34,24,0,29,29,12.18,25343
0.02,34,25,0,21,21,8.82,25448
0.02,34,26,0,16,16,6.72,25812
0.02,34,27,1,13,15,6.54,25637
0.02,34,28,0,7,7,2.94,25688
0.02,34,29,0,7,7,2.94,25614
0.02,34,30,0,4,4,1.68,26061
0.02,34,31,0,2,2,0.84,25709
0.02,34,32,0,3,3,1.26,25224
0.02,34,33,0,2,2,0.84,25515
0.02,34,34,0,4,4,1.68,25594
0.02,34,35,0,2,2,0.84,25679
0.02,34,36,0,1,1,0.42,26031
0.02,34,37,0,0,0,0.0,25926
0.02,35,-1,560,0,1120,604.8,27487
0.02,35,0,244,528,1016,485.28,26546
0.02,35,1,133,609,875,399.42,25768
0.02,35,2,108,608,824,372.0,25082
0.02,35,3,75,634,784,347.28,25132
0.02,35,4,80,557,717,320.34,25181
0.02,35,5,60,527,647,286.14,25200
0.02,35,6,43,462,548,240.48,25439
0.02,35,7,35,447,517,225.54,25577
0.02,35,8,35,423,493,215.46,26015
0.02,35,9,19,417,455,195.66,25459
0.02,35,10,21,388,430,185.64,25618
0.02,35,11,13,316,342,146.76,24962
0.02,35,12,6,329,341,144.66,25618
0.02,35,13,6,298,310,131.64,25340
0.02,35,14,5,274,284,120.48,25335
0.02,35,15,0,246,246,103.32,25486
0.02,35,16,1,209,211,88.86,25212
0.02,35,17,1,182,184,77.52,25346
0.02,35,18,4,171,179,76.14,25571
0.02,35,19,0,155,155,65.1,25838
0.02,35,20,0,134,134,56.28,25648
0.02,35,21,0,106,106,44.52,25766
0.02,35,22,0,93,93,39.06,25603
0.02,35,23,3,74,80,34.32,26257
0.02,35,24,0,87,87,36.54,25585
0.02,35,25,0,65,65,27.3,25657
0.02,35,26,0,45,45,18.9,25813
0.02,35,27,0,39,39,16.38,25647
0.02,35,28,0,31,31,13.02,25918
0.02,35,29,0,18,18,7.56,25788
0.02,35,30,0,10,10,4.2,25682
0.02,35,31,0,8,8,3.36,25554
0.02,35,32,0,7,7,2.94,25660
0.02,35,33,0,10,10,4.2,25499
0.02,35,34,0,7,7,2.94,25323
0.02,35,35,0,5,5,2.1,25409
0.02,35,36,0,5,5,2.1,25682
0.02,35,37,0,6,6,2.52,25561
0.02,35,38,0,5,5,2.1,25861
0.02,35,39,1,3,5,2.34,25729
0.02,35,40,0,7,7,2.94,25493
0.02,35,41,0,4,4,1.68,25137
0.02,35,42,0,3,3,1.26,25313
0.02,35,43,0,5,5,2.1,25778
0.02,35,44,0,3,3,1.26,26198
0.02,35,45,0,3,3,1.26,25805
0.02,35,46,0,0,0,0.0,25684
0.02,36,-1,597,0,1194,644.76,27915
0.02,36,0,253,520,1026,491.64,26979
0.02,36,1,152,598,902,415.32,26087
0.02,36,2,110,558,778,353.16,25633
0.02,36,3,85,565,735,329.1,25825
0.02,36,4,60,543,663,292.86,25978
0.02,36,5,50,503,603,265.26,25674
0.02,36,6,35,449,519,226.38,25902
0.02,36,7,15,381,411,176.22,25574
0.02,36,8,23,342,388,168.48,25375
0.02,36,9,13,310,336,144.24,25498
0.02,36,10,11,292,314,134.52,25478
0.02,36,11,8,272,288,122.88,25820
0.02,36,12,8,244,260,111.12,25891
0.02,36,13,6,222,234,99.72,25691
0.02,36,14,11,186,208,90.0,25764
0.02,36,15,0,152,152,63.84,25754
0.02,36,16,0,132,132,55.44,25501
0.02,36,17,3,117,123,52.38,25394
0.02,36,18,0,138,138,57.96,25323
0.02,36,19,1,125,127,53.58,25262
0.02,36,20,0,114,114,47.88,25859
0.02,36,21,1,103,105,44.34,25688
0.02,36,22,1,64,66,27.96,26183
0.02,36,23,2,58,62,26.52,25828
0.02,36,24,0,64,64,26.88,25682
0.02,36,25,0,71,71,29.82,25532
0.02,36,26,0,60,60,25.2,25793
0.02,36,27,0,49,49,20.58,25434
0.02,36,28,0,34,34,14.28,25655
0.02,36,29,0,32,32,13.44,26149
0.02,36,30,0,26,26,10.92,25701
0.02,36,31,0,25,25,10.5,25265
0.02,36,32,0,10,10,4.2,25452
0.02,36,33,0,9,9,3.78,25438
0.02,36,34,0,5,5,2.1,25579
0.02,36,35,0,6,6,2.52,25907
0.02,36,36,0,6,6,2.52,25310
0.02,36,37,0,3,3,1.26,25630
0.02,36,38,0,1,1,0.42,25522
0.02,36,39,0,0,0,0.0,25517
0.02,37,-1,524,0,1048,565.92,27449
0.02,37,0,199,520,918,433.32,26272
0.02,37,1,142,592,876,402.0,25931
0.02,37,2,109,590,808,365.52,26070
0.02,37,3,76,598,750,333.24,25828
0.02,37,4,67,569,703,311.34,25753
0.02,37,5,56,545,657,289.38,26133
0.02,37,6,51,511,613,269.7,25933
0.02,37,7,21,438,480,206.64,25557
0.02,37,8,13,387,413,176.58,25214
0.02,37,9,5,305,315,133.5,25409
0.02,37,10,4,237,245,103.86,25756
0.02,37,11,5,214,224,95.28,25471
0.02,37,12,6,197,209,89.22,25322
0.02,37,13,2,193,197,83.22,25581
0.02,37,14,3,150,156,66.24,25529
0.02,37,15,1,126,128,54.0,25506
0.02,37,16,0,102,102,42.84,26033
0.02,37,17,0,86,86,36.12,26020
0.02,37,18,0,78,78,32.76,25791
0.02,37,19,0,48,48,20.16,25798
0.02,37,20,0,54,54,22.68,26050
0.02,37,21,0,42,42,17.64,26497
0.02,37,22,0,31,31,13.02,26309
0.02,37,23,0,35,35,14.7,25715
0.02,37,24,0,35,35,14.7,25794
0.02,37,25,0,36,36,15.12,25787
0.02,37,26,0,34,34,14.28,25574
0.02,37,27,0,37,37,15.54,25720
0.02,37,28,0,23,23,9.66,26047
0.02,37,29,0,23,23,9.66,26299
0.02,37,30,0,25,25,10.5,25990
0.02,37,31,0,15,15,6.3,25648
0.02,37,32,0,17,17,7.14,25630
0.02,37,33,0,15,15,6.3,25703
0.02,37,34,0,10,10,4.2,25761
0.02,37,35,0,13,13,5.46,25377
0.02,37,36,0,15,15,6.3,25105
0.02,37,37,0,16,16,6.72,25405
0.02,37,38,0,17,17,7.14,25511
0.02,37,39,0,7,7,2.94,25754
0.02,37,40,0,6,6,2.52,25931
0.02,37,41,0,2,2,0.84,25802
0.02,37,42,0,2,2,0.84,25842
0.02,37,43,0,2,2,0.84,25512
0.02,37,44,0,2,2,0.84,25580
0.02,37,45,0,0,0,0.0,25873
0.02,38,-1,544,0,1088,587.52,27760
0.02,38,0,219,476,914,436.44,26765
0.02,38,1,145,548,838,386.76,26094
0.02,38,2,94,560,748,336.72,25799
0.02,38,3,99,551,749,338.34,25524
0.02,38,4,63,558,684,302.4,25844
0.02,38,5,62,502,626,277.8,25760
0.02,38,6,39,469,547,239.1,25671
0.02,38,7,19,425,463,199.02,25657
0.02,38,8,21,343,385,166.74,25796
0.02,38,9,10,303,323,138.06,25424
0.02,38,10,9,277,295,126.06,25267
0.02,38,11,6,214,226,96.36,25267
0.02,38,12,2,200,204,86.16,25252
0.02,38,13,4,201,209,88.74,25335
0.02,38,14,3,177,183,77.58,25423
0.02,38,15,1,159,161,67.86,25381
0.02,38,16,1,141,143,60.3,25446
0.02,38,17,0,110,110,46.2,25691
0.02,38,18,0,63,63,26.46,25749
0.02,38,19,0,45,45,18.9,25913
0.02,38,20,0,35,35,14.7,26160
0.02,38,21,0,24,24,10.08,25831
0.02,38,22,0,11,11,4.62,25935
0.02,38,23,0,6,6,2.52,25549
0.02,38,24,0,5,5,2.1,25521
0.02,38,25,0,4,4,1.68,25181
0.02,38,26,0,3,3,1.26,25716
0.02,38,27,0,8,8,3.36,25935
0.02,38,28,0,6,6,2.52,25963
0.02,38,29,0,7,7,2.94,25917
0.02,38,30,0,6,6,2.52,25773
0.02,38,31,0,5,5,2.1,25842
0.02,38,32,0,5,5,2.1,25776
0.02,38,33,0,7,7,2.94,25763
0.02,38,34,0,8,8,3.36,25757
0.02,38,35,0,5,5,2.1,25707
0.02,38,36,0,3,3,1.26,25811
0.02,38,37,0,1,1,0.42,25708
0.02,38,38,0,1,1,0.42,25424
0.02,38,39,0,0,0,0.0,25819
0.02,39,-1,608,0,1216,656.64,27714
0.02,39,0,263,587,1113,530.58,26919
0.02,39,1,194,649,1037,482.1,26336
0.02,39,2,152,641,945,433.38,26172
0.02,39,3,128,691,947,428.46,25868
0.02,39,4,76,659,811,358.86,25783
0.02,39,5,71,586,728,322.8,25533
0.02,39,6,60,558,678,299.16,25374
0.02,39,7,54,544,652,286.8,26192
0.02,39,8,23,550,596,255.84,25928
0.02,39,9,21,497,539,231.42,26197
0.02,39,10,23,434,480,207.12,26157
0.02,39,11,12,383,407,173.82,25900
0.02,39,12,7,326,340,144.48,25859
0.02,39,13,4,288,296,125.28,25567
0.02,39,14,5,236,246,104.52,25470
0.02,39,15,5,219,229,97.38,25769
0.02,39,16,4,198,206,87.48,25837
0.02,39,17,2,182,186,78.6,25718
0.02,39,18,1,163,165,69.54,25747
0.02,39,19,2,111,115,48.78,25753
0.02,39,20,0,95,95,39.9,25822
0.02,39,21,0,98,98,41.16,25779
0.02,39,22,1,84,86,36.36,25365
0.02,39,23,2,80,84,35.76,25549
0.02,39,24,0,87,87,36.54,25814
0.02,39,25,0,65,65,27.3,25668
0.02,39,26,0,68,68,28.56,25685
0.02,39,27,0,60,60,25.2,25880
0.02,39,28,0,46,46,19.32,26054
0.02,39,29,0,36,36,15.12,25873
0.02,39,30,0,29,29,12.18,25756
0.02,39,31,0,20,20,8.4,25404
0.02,39,32,0,22,22,9.24,25332
0.02,39,33,0,17,17,7.14,25367
0.02,39,34,0,15,15,6.3,25669
0.02,39,35,0,11,11,4.62,25500
0.02,39,36,0,13,13,5.46,25415
0.02,39,37,1,13,15,6.54,25645
0.02,39,38,0,0,0,0.0,25504
0.02,40,-1,535,0,1070,577.8,27676
0.02,40,0,237,504,978,467.64,27096
0.02,40,1,146,612,904,414.72,26508
0.02,40,2,88,666,842,374.76,26105
0.02,40,3,83,542,708,317.28,26435
0.02,40,4,49,467,565,249.06,25961
0.02,40,5,49,442,540,238.56,25996
0.02,40,6,34,474,542,235.8,25436
0.02,40,7,20,451,491,211.02,25629
0.02,40,8,18,350,386,166.44,25438
0.02,40,9,9,345,363,154.62,25537
0.02,40,10,3,334,340,143.52,25415
0.02,40,11,7,273,287,122.22,25787
0.02,40,12,3,211,217,91.86,25613
0.02,40,13,2,155,159,67.26,25522
0.02,40,14,2,136,140,59.28,25529
0.02,40,15,3,97,103,43.98,25302
0.02,40,16,0,82,82,34.44,25465
0.02,40,17,0,58,58,24.36,25410
0.02,40,18,0,43,43,18.06,25453
0.02,40,19,0,33,33,13.86,25806
0.02,40,20,0,33,33,13.86,25725
0.02,40,21,0,26,26,10.92,26359
0.02,40,22,0,22,22,9.24,26041
0.02,40,23,0,16,16,6.72,26040
0.02,40,24,0,15,15,6.3,25879
0.02,40,25,0,14,14,5.88,25676
0.02,40,26,0,21,21,8.82,25796
0.02,40,27,0,17,17,7.14,25621
0.02,40,28,0,7,7,2.94,25634
0.02,40,29,0,4,4,1.68,25809
0.02,40,30,0,3,3,1.26,25581
0.02,40,31,0,5,5,2.1,25465
0.02,40,32,0,1,1,0.42,25614
0.02,40,33,0,2,2,0.84,25820
0.02,40,34,0,1,1,0.42,25965
0.02,40,35,0,1,1,0.42,25773
0.02,40,36,0,1,1,0.42,25878
0.02,40,37,0,0,0,0.0,25655
0.02,41,-1,565,0,1130,610.2,27699
0.02,41,0,268,541,1077,516.66,26693
0.02,41,1,170,587,927,430.14,26177
0.02,41,2,106,633,845,380.34,25722
0.02,41,3,108,581,797,360.66,25562
0.02,41,4,61,524,646,285.96,25215
0.02,41,5,58,487,603,267.18,25329
0.02,41,6,30,431,491,213.42,25070
0.02,41,7,30,398,458,199.56,25278
0.02,41,8,21,397,439,189.42,25367
0.02,41,9,14,381,409,175.14,25458
0.02,41,10,15,310,340,146.4,26038
0.02,41,11,18,296,332,143.76,25806
0.02,41,12,6,257,269,114.42,25694
0.02,41,13,2,228,232,97.92,25614
0.02,41,14,4,215,223,94.62,25785
0.02,41,15,4,175,183,77.82,25576
0.02,41,16,5,148,158,67.56,25548
0.02,41,17,1,143,145,61.14,25453
0.02,41,18,2,108,112,47.52,25466
0.02,41,19,0,100,100,42.0,25786
0.02,41,20,4,74,82,35.4,25442
0.02,41,21,1,59,61,25.86,25771
0.02,41,22,1,47,49,20.82,25329
0.02,41,23,0,51,51,21.42,25495
0.02,41,24,0,43,43,18.06,25424
0.02,41,25,1,37,39,16.62,25667
0.02,41,26,0,37,37,15.54,25940
0.02,41,27,0,28,28,11.76,25826
0.02,41,28,0,15,15,6.3,25369
0.02,41,29,0,10,10,4.2,25663
0.02,41,30,0,9,9,3.78,25829
0.02,41,31,0,6,6,2.52,25756
0.02,41,32,0,7,7,2.94,25954
0.02,41,33,0,8,8,3.36,25938
0.02,41,34,0,8,8,3.36,25521
0.02,41,35,0,5,5,2.1,24851
0.02,41,36,0,6,6,2.52,25375
0.02,41,37,0,11,11,4.62,25271
0.02,41,38,0,10,10,4.2,25202
0.02,41,39,0,9,9,3.78,25648
0.02,41,40,0,13,13,5.46,25610
0.02,41,41,0,6,6,2.52,25362
0.02,41,42,0,5,5,2.1,25150
0.02,41,43,0,5,5,2.1,25077
0.02,41,44,0,5,5,2.1,24978
0.02,41,45,0,5,5,2.1,25169
0.02,41,46,0,0,0,0.0,25079
0.02,42,-1,541,0,1082,584.28,27534
0.02,42,0,250,526,1026,490.92,27163
0.02,42,1,164,589,917,424.5,26246
0.02,42,2,136,528,800,368.64,25920
0.02,42,3,91,568,750,336.84,25833
0.02,42,4,61,594,716,315.36,25695
0.02,42,5,65,500,630,280.2,26100
0.02,42,6,44,435,523,230.22,25678
0.02,42,7,38,363,439,193.5,25553
0.02,42,8,10,352,372,158.64,25566
0.02,42,9,24,292,340,148.56,26034
0.02,42,10,11,269,291,124.86,25312
0.02,42,11,4,228,236,100.08,25178
0.02,42,12,1,192,194,81.72,25535
0.02,42,13,2,145,149,63.06,25511
0.02,42,14,0,116,116,48.72,25357
0.02,42,15,0,85,85,35.7,25386
0.02,42,16,1,77,79,33.42,25515
0.02,42,17,0,58,58,24.36,25974
0.02,42,18,0,46,46,19.32,26042
0.02,42,19,0,45,45,18.9,25787
0.02,42,20,0,32,32,13.44,26043
0.02,42,21,0,31,31,13.02,25895
0.02,42,22,0,25,25,10.5,25761
0.02,42,23,0,16,16,6.72,25794
0.02,42,24,1,13,15,6.54,25497
0.02,42,25,0,12,12,5.04,25484
0.02,42,26,0,11,11,4.62,25735
0.02,42,27,0,9,9,3.78,25471
0.02,42,28,0,8,8,3.36,25369
0.02,42,29,0,5,5,2.1,25656
0.02,42,30,0,7,7,2.94,25639
0.02,42,31,0,1,1,0.42,25407
0.02,42,32,0,0,0,0.0,25594
0.02,43,-1,527,0,1054,569.16,27845
0.02,43,0,264,506,1034,497.64,26683
0.02,43,1,151,639,941,431.46,25988
0.02,43,2,115,623,853,385.86,25535
0.02,43,3,97,605,799,358.86,25727
0.02,43,4,49,578,676,295.68,25485
0.02,43,5,58,495,611,270.54,25454
0.02,43,6,25,448,498,215.16,24919
0.02,43,7,28,409,465,202.02,24846
0.02,43,8,22,403,447,193.02,24981
0.02,43,9,15,401,431,184.62,25322
0.02,43,10,10,373,393,167.46,25465
0.02,43,11,2,361,365,153.78,25615
0.02,43,12,13,304,330,141.72,25461
0.02,43,13,6,253,265,112.74,25513
0.02,43,14,6,234,246,104.76,25443
0.02,43,15,2,211,215,90.78,25322
0.02,43,16,3,170,176,74.64,25532
0.02,43,17,1,142,144,60.72,25816
0.02,43,18,1,104,106,44.76,25633
0.02,43,19,0,107,107,44.94,25533
0.02,43,20,0,85,85,35.7,25489
0.02,43,21,1,79,81,34.26,25363
0.02,43,22,0,88,88,36.96,25371
0.02,43,23,0,88,88,36.96,25940
0.02,43,24,1,43,45,19.14,25572
0.02,43,25,0,42,42,17.64,25582
0.02,43,26,0,36,36,15.12,24978
0.02,43,27,0,34,34,14.28,25004
0.02,43,28,0,28,28,11.76,25137
0.02,43,29,0,17,17,7.14,25597
0.02,43,30,0,15,15,6.3,25874
0.02,43,31,0,7,7,2.94,25858
0.02,43,32,0,8,8,3.36,24902
0.02,43,33,0,6,6,2.52,25322
0.02,43,34,0,7,7,2.94,25858
0.02,43,35,0,4,4,1.68,26376
0.02,43,36,0,4,4,1.68,26563
0.02,43,37,0,2,2,0.84,26609
0.02,43,38,0,3,3,1.26,25935
0.02,43,39,0,3,3,1.26,26091
0.02,43,40,0,2,2,0.84,25692
0.02,43,41,0,2,2,0.84,25895
0.02,43,42,0,3,3,1.26,26082
0.02,43,43,0,0,0,0.0,26038
0.02,44,-1,494,0,988,533.52,28176
0.02,44,0,185,513,883,415.26,27061
0.02,44,1,146,516,808,374.4,26736
0.02,44,2,105,474,684,312.48,26242
0.02,44,3,75,475,625,280.5,26084
0.02,44,4,47,495,589,258.66,25443
0.02,44,5,46,470,562,247.08,25770
0.02,44,6,35,410,480,210.0,26166
0.02,44,7,26,412,464,201.12,25826
0.02,44,8,14,382,410,175.56,25449
0.02,44,9,11,333,355,151.74,25076
0.02,44,10,6,290,302,128.28,25816
0.02,44,11,11,257,279,119.82,25520
0.02,44,12,5,206,216,91.92,25165
0.02,44,13,4,164,172,73.2,25242
0.02,44,14,3,145,151,64.14,25522
0.02,44,15,1,131,133,56.1,25731
0.02,44,16,0,113,113,47.46,25794
0.02,44,17,1,73,75,31.74,25637
0.02,44,18,0,46,46,19.32,25423
0.02,44,19,0,43,43,18.06,25808
0.02,44,20,0,28,28,11.76,25948
0.02,44,21,0,29,29,12.18,25905
0.02,44,22,0,28,28,11.76,25442
0.02,44,23,0,26,26,10.92,25345
0.02,44,24,0,17,17,7.14,25417
0.02,44,25,0,9,9,3.78,25559
0.02,44,26,0,11,11,4.62,25361
0.02,44,27,0,9,9,3.78,25459
0.02,44,28,0,6,6,2.52,25760
0.02,44,29,0,9,9,3.78,25831
0.02,44,30,0,6,6,2.52,25865
0.02,44,31,0,3,3,1.26,26022
0.02,44,32,0,2,2,0.84,25837
0.02,44,33,0,0,0,0.0,26256
0.02,45,-1,588,0,1176,635.04,27744
0.02,45,0,280,494,1054,509.88,26751
0.02,45,1,143,589,875,401.82,26219
0.02,45,2,117,602,836,379.2,26194
0.02,45,3,72,555,699,310.86,25611
0.02,45,4,51,553,655,287.34,25531
0.02,45,5,44,469,557,244.5,25700
0.02,45,6,23,435,481,207.54,25613
0.02,45,7,13,392,418,178.68,25626
0.02,45,8,19,316,354,153.24,25808
0.02,45,9,12,320,344,147.36,25585
0.02,45,10,4,295,303,128.22,25695
0.02,45,11,9,206,224,96.24,25660
0.02,45,12,1,206,208,87.6,25627
0.02,45,13,0,169,169,70.98,25108
0.02,45,14,3,159,165,70.02,25365
0.02,45,15,4,143,151,64.38,25899
0.02,45,16,1,139,141,59.46,25821
0.02,45,17,1,138,140,59.04,25658
0.02,45,18,1,96,98,41.4,25423
0.02,45,19,0,82,82,34.44,25720
0.02,45,20,1,69,71,30.06,25968
0.02,45,21,0,52,52,21.84,26098
0.02,45,22,1,40,42,17.88,26055
0.02,45,23,0,39,39,16.38,25666
0.02,45,24,0,34,34,14.28,25553
0.02,45,25,0,25,25,10.5,25847
0.02,45,26,0,24,24,10.08,25578
0.02,45,27,0,34,34,14.28,25164
0.02,45,28,0,31,31,13.02,25390
0.02,45,29,0,23,23,9.66,25666
0.02,45,30,0,14,14,5.88,25175
0.02,45,31,0,14,14,5.88,25382
0.02,45,32,0,9,9,3.78,25165
0.02,45,33,0,10,10,4.2,25572
0.02,45,34,0,3,3,1.26,25819
0.02,45,35,0,4,4,1.68,25518
0.02,45,36,0,1,1,0.42,25869
0.02,45,37,0,0,0,0.0,26066
0.02,46,-1,510,0,1020,550.8,27734
0.02,46,0,277,484,1038,502.44,26270
0.02,46,1,133,595,861,393.54,26289
0.02,46,2,126,573,825,376.74,26151
0.02,46,3,98,601,797,358.26,25787
0.02,46,4,84,543,711,318.78,25484
0.02,46,5,64,566,694,306.84,25658
0.02,46,6,70,563,703,312.06,25722
0.02,46,7,38,473,549,239.7,25578
0.02,46,8,18,429,465,199.62,26049
0.02,46,9,17,378,412,177.12,25806
0.02,46,10,16,332,364,156.72,25124
0.02,46,11,4,338,346,146.28,25442
0.02,46,12,11,289,311,133.26,25801
0.02,46,13,9,227,245,105.06,26187
0.02,46,14,1,200,202,85.08,26211
0.02,46,15,4,188,196,83.28,26131
0.02,46,16,3,165,171,72.54,25677
0.02,46,17,3,126,132,56.16,25418
0.02,46,18,0,111,111,46.62,25970
0.02,46,19,0,99,99,41.58,26089
0.02,46,20,2,90,94,39.96,25834
0.02,46,21,1,82,84,35.52,26037
0.02,46,22,0,79,79,33.18,25768
0.02,46,23,0,72,72,30.24,25314
0.02,46,24,0,71,71,29.82,25530
0.02,46,25,0,63,63,26.46,25814
0.02,46,26,0,54,54,22.68,25943
0.02,46,27,0,48,48,20.16,25733
0.02,46,28,1,46,48,20.4,26092
0.02,46,29,0,26,26,10.92,25765
0.02,46,30,0,27,27,11.34,25976
0.02,46,31,0,26,26,10.92,26106
0.02,46,32,0,14,14,5.88,26190
0.02,46,33,0,16,16,6.72,26004
0.02,46,34,0,9,9,3.78,26000
0.02,46,35,0,8,8,3.36,26219
0.02,46,36,0,2,2,0.84,25954
0.02,46,37,0,0,0,0.0,26104
0.02,47,-1,568,0,1136,613.44,28365
0.02,47,0,204,542,950,447.96,26770
0.02,47,1,171,632,974,450.12,26226
0.02,47,2,127,611,865,393.78,26089
0.02,47,3,120,604,844,383.28,25865
0.02,47,4,74,607,755,334.86,25634
0.02,47,5,59,521,639,282.54,25556
0.02,47,6,45,483,573,251.46,25362
0.02,47,7,29,438,496,215.28,25658
0.02,47,8,24,383,431,186.78,25660
0.02,47,9,14,308,336,144.48,25484
0.02,47,10,6,259,271,115.26,25778
0.02,47,11,5,225,235,99.9,25730
0.02,47,12,3,194,200,84.72,25734
0.02,47,13,4,169,177,75.3,25831
0.02,47,14,1,146,148,62.4,25746
0.02,47,15,3,141,147,62.46,25887
0.02,47,16,1,114,116,48.96,25833
0.02,47,17,0,71,71,29.82,25964
0.02,47,18,0,65,65,27.3,25563
0.02,47,19,0,53,53,22.26,25649
0.02,47,20,0,47,47,19.74,25878
0.02,47,21,0,47,47,19.74,25714
0.02,47,22,0,51,51,21.42,25861
0.02,47,23,0,42,42,17.64,25807
0.02,47,24,0,43,43,18.06,25459
0.02,47,25,0,35,35,14.7,25365
0.02,47,26,0,24,24,10.08,25556
0.02,47,27,0,24,24,10.08,25438
0.02,47,28,0,22,22,9.24,25682
0.02,47,29,0,21,21,8.82,25888
0.02,47,30,0,19,19,7.98,25873
0.02,47,31,0,16,16,6.72,26086
0.02,47,32,0,12,12,5.04,25586
0.02,47,33,0,11,11,4.62,25342
0.02,47,34,0,18,18,7.56,25711
0.02,47,35,0,19,19,7.98,25791
0.02,47,36,0,7,7,2.94,25667
0.02,47,37,0,4,4,1.68,25730
0.02,47,38,0,3,3,1.26,25662
0.02,47,39,0,3,3,1.26,25436
0.02,47,40,0,1,1,0.42,25414
0.02,47,41,0,0,0,0.0,25522
0.02,48,-1,541,0,1082,584.28,27514
0.02,48,0,242,516,1000,478.08,26395
0.02,48,1,156,535,847,393.18,25775
0.02,48,2,158,551,867,402.06,25591
0.02,48,3,102,583,787,355.02,25250
0.02,48,4,78,614,770,342.12,25503
0.02,48,5,71,586,728,322.8,25538
0.02,48,6,69,559,697,309.3,25743
0.02,48,7,55,516,626,276.12,25357
0.02,48,8,38,426,502,219.96,25480
0.02,48,9,40,472,552,241.44,24978
0.02,48,10,34,446,514,224.04,25045
0.02,48,11,21,414,456,196.56,25122
0.02,48,12,17,386,420,180.48,25226
0.02,48,13,13,317,343,147.18,25306
0.02,48,14,1,280,282,118.68,25311
0.02,48,15,2,246,250,105.48,25385
0.02,48,16,5,205,215,91.5,25733
0.02,48,17,2,186,190,80.28,25866
0.02,48,18,2,160,164,69.36,26026
0.02,48,19,2,159,163,68.94,26139
0.02,48,20,1,136,138,58.2,26206
0.02,48,21,3,112,118,50.28,26175
0.02,48,22,4,87,95,40.86,25700
0.02,48,23,2,84,88,37.44,25458
0.02,48,24,0,74,74,31.08,25575
0.02,48,25,0,52,52,21.84,25842
0.02,48,26,0,36,36,15.12,25864
0.02,48,27,0,35,35,14.7,25730
0.02,48,28,0,27,27,11.34,25470
0.02,48,29,0,21,21,8.82,25654
0.02,48,30,0,20,20,8.4,25959
0.02,48,31,0,15,15,6.3,26069
0.02,48,32,2,9,13,5.94,26251
0.02,48,33,0,8,8,3.36,26259
0.02,48,34,0,11,11,4.62,25820
0.02,48,35,0,16,16,6.72,25933
0.02,48,36,0,16,16,6.72,25708
0.02,48,37,0,15,15,6.3,26027
0.02,48,38,0,13,13,5.46,25850
0.02,48,39,0,13,13,5.46,25534
0.02,48,40,0,13,13,5.46,25773
0.02,48,41,0,10,10,4.2,25703
0.02,48,42,0,13,13,5.46,25853
0.02,48,43,0,17,17,7.14,25661
0.02,48,44,0,18,18,7.56,26080
0.02,48,45,0,12,12,5.04,25902
0.02,48,46,0,11,11,4.62,25908
0.02,48,47,0,3,3,1.26,26000
0.02,48,48,0,1,1,0.42,26187
0.02,48,49,0,1,1,0.42,26314
0.02,48,50,0,0,0,0.0,26261
0.02,49,-1,550,0,1100,594.0,27651
0.02,49,0,221,484,926,441.96,26444
0.02,49,1,128,516,772,354.96,25839
0.02,49,2,91,527,709,319.62,25522
0.02,49,3,76,482,634,284.52,25302
0.02,49,4,52,541,645,283.38,25589
0.02,49,5,44,468,556,244.08,25560
0.02,49,6,20,395,435,187.5,25360
0.02,49,7,18,361,397,171.06,25326
0.02,49,8,9,284,302,129.0,25456
0.02,49,9,9,218,236,101.28,25561
0.02,49,10,2,206,210,88.68,25901
0.02,49,11,1,183,185,77.94,25952
0.02,49,12,0,151,151,63.42,25832
0.02,49,13,1,170,172,72.48,25891
0.02,49,14,5,160,170,72.6,25892
0.02,49,15,0,144,144,60.48,26087
0.02,49,16,3,105,111,47.34,25731
0.02,49,17,0,85,85,35.7,25852
0.02,49,18,0,72,72,30.24,25794
0.02,49,19,0,46,46,19.32,25676
0.02,49,20,0,35,35,14.7,25585
0.02,49,21,0,26,26,10.92,25527
0.02,49,22,0,18,18,7.56,25616
0.02,49,23,0,15,15,6.3,25916
0.02,49,24,0,17,17,7.14,25634
0.02,49,25,0,16,16,6.72,25539
0.02,49,26,0,19,19,7.98,25767
0.02,49,27,0,14,14,5.88,25622
0.02,49,28,0,10,10,4.2,25366
0.02,49,29,0,4,4,1.68,25395
0.02,49,30,0,1,1,0.42,25691
0.02,49,31,0,3,3,1.26,25557
0.02,49,32,0,5,5,2.1,25647
0.02,49,33,0,5,5,2.1,25200
0.02,49,34,0,2,2,0.84,25589
0.02,49,35,0,5,5,2.1,25721
0.02,49,36,0,4,4,1.68,25926
0.02,49,37,0,5,5,2.1,25826
0.02,49,38,0,3,3,1.26,25780
0.02,49,39,0,0,0,0.0,25821
