m, replicate_number, generation, num_drive_alleles
1210,0,0,2420
1210,0,1,2471
1210,0,2,2796
1210,0,3,3095
1210,0,4,3329
1210,0,5,3687
1210,0,6,3787
1210,0,7,3881
1210,0,8,4039
1210,0,9,4492
1210,0,10,4662
1210,0,11,5047
1210,0,12,5202
1210,0,13,5853
1210,0,14,6187
1210,0,15,6905
1210,0,16,7754
1210,0,17,8702
1210,0,18,9763
1210,0,19,10944
1210,0,20,12111
1210,0,21,13492
1210,0,22,14823
1210,0,23,16281
1210,0,24,17507
1210,0,25,19557
1210,0,26,20756
1210,0,27,22271
1210,0,28,23472
1210,0,29,24741
1210,0,30,24966
1210,0,31,25895
1210,0,32,26352
1210,0,33,26899
1210,0,34,28060
1210,0,35,28805
1210,0,36,28706
1210,0,37,29030
1210,0,38,29660
1210,0,39,29587
1210,0,40,29722
1210,0,41,30127
1210,0,42,31074
1210,0,43,31266
1210,0,44,31554
1210,0,45,31803
1210,0,46,31568
1210,0,47,32402
1210,0,48,32589
1210,0,49,32604
1210,0,50,33276
1210,0,51,33070
1210,0,52,33289
1210,0,53,33039
1210,0,54,33642
1210,0,55,33336
1210,0,56,33850
1210,0,57,33914
1210,0,58,34465
1210,0,59,34408
1210,0,60,34727
1210,0,61,35312
1210,0,62,35453
1210,0,63,35511
1210,0,64,35051
1210,0,65,35684
1210,0,66,35637
1210,0,67,35816
1210,0,68,36225
1210,0,69,36368
1210,0,70,36360
1210,0,71,36276
1210,0,72,36293
1210,0,73,36634
1210,0,74,36611
1210,0,75,36460
1210,0,76,36972
1210,0,77,37432
1210,0,78,37129
1210,0,79,37405
1210,0,80,37574
1210,0,81,38028
1210,0,82,38325
1210,0,83,38345
1210,0,84,38401
1210,0,85,38734
1210,0,86,38659
1210,0,87,38657
1210,0,88,38663
1210,0,89,39212
1210,0,90,38668
1210,0,91,39175
1210,0,92,39615
1210,0,93,39519
1210,0,94,39699
1210,0,95,40193
1210,0,96,40123
1210,0,97,40564
1210,0,98,40485
1210,0,99,40484
1210,0,100,41078
,,,
1210,1,0,2420
1210,1,1,2439
1210,1,2,2436
1210,1,3,2494
1210,1,4,2727
1210,1,5,2796
1210,1,6,3002
1210,1,7,3143
1210,1,8,3178
1210,1,9,3476
1210,1,10,3693
1210,1,11,4122
1210,1,12,4391
1210,1,13,4800
1210,1,14,5114
1210,1,15,5592
1210,1,16,5913
1210,1,17,6432
1210,1,18,7372
1210,1,19,8435
1210,1,20,9205
1210,1,21,9751
1210,1,22,11111
1210,1,23,12719
1210,1,24,13807
1210,1,25,14962
1210,1,26,16763
1210,1,27,18242
1210,1,28,19859
1210,1,29,21158
1210,1,30,22461
1210,1,31,23833
1210,1,32,24777
1210,1,33,25872
1210,1,34,26726
1210,1,35,26904
1210,1,36,27887
1210,1,37,28504
1210,1,38,28902
1210,1,39,29090
1210,1,40,29268
1210,1,41,29717
1210,1,42,30219
1210,1,43,30444
1210,1,44,30994
1210,1,45,31188
1210,1,46,31466
1210,1,47,31730
1210,1,48,32156
1210,1,49,32838
1210,1,50,32651
1210,1,51,32790
1210,1,52,32750
1210,1,53,32854
1210,1,54,32640
1210,1,55,32822
1210,1,56,33047
1210,1,57,33001
1210,1,58,33032
1210,1,59,33231
1210,1,60,33435
1210,1,61,33050
1210,1,62,33809
1210,1,63,34176
1210,1,64,34680
1210,1,65,34432
1210,1,66,34544
1210,1,67,34651
1210,1,68,34769
1210,1,69,35211
1210,1,70,35226
1210,1,71,35184
1210,1,72,35679
1210,1,73,36144
1210,1,74,36101
1210,1,75,36018
1210,1,76,36422
1210,1,77,36818
1210,1,78,36732
1210,1,79,36327
1210,1,80,36614
1210,1,81,36357
1210,1,82,36708
1210,1,83,36701
1210,1,84,36907
1210,1,85,37476
1210,1,86,38090
1210,1,87,37896
1210,1,88,37402
1210,1,89,37878
1210,1,90,37960
1210,1,91,38358
1210,1,92,38119
1210,1,93,38367
1210,1,94,38860
1210,1,95,39159
1210,1,96,39697
1210,1,97,40080
1210,1,98,40141
1210,1,99,39896
1210,1,100,39935
,,,
1210,2,0,2420
1210,2,1,2341
1210,2,2,2299
1210,2,3,2529
1210,2,4,2572
1210,2,5,2682
1210,2,6,2663
1210,2,7,2755
1210,2,8,2709
1210,2,9,2740
1210,2,10,2885
1210,2,11,3071
1210,2,12,3352
1210,2,13,3529
1210,2,14,3611
1210,2,15,3838
1210,2,16,4111
1210,2,17,4358
1210,2,18,4464
1210,2,19,4775
1210,2,20,5205
1210,2,21,5802
1210,2,22,6348
1210,2,23,6898
1210,2,24,7555
1210,2,25,8248
1210,2,26,9283
1210,2,27,10300
1210,2,28,11064
1210,2,29,12100
1210,2,30,13548
1210,2,31,15193
1210,2,32,16435
1210,2,33,17629
1210,2,34,19194
1210,2,35,20376
1210,2,36,21673
1210,2,37,23155
1210,2,38,24300
1210,2,39,25220
1210,2,40,26311
1210,2,41,27039
1210,2,42,27272
1210,2,43,27827
1210,2,44,28052
1210,2,45,28538
1210,2,46,29410
1210,2,47,30051
1210,2,48,30063
1210,2,49,30405
1210,2,50,30903
1210,2,51,31413
1210,2,52,31473
1210,2,53,31369
1210,2,54,31610
1210,2,55,31988
1210,2,56,31981
1210,2,57,31837
1210,2,58,31857
1210,2,59,31908
1210,2,60,32488
1210,2,61,33198
1210,2,62,33519
1210,2,63,33396
1210,2,64,33584
1210,2,65,33149
1210,2,66,34219
1210,2,67,33735
1210,2,68,34405
1210,2,69,34598
1210,2,70,34782
1210,2,71,34667
1210,2,72,34962
1210,2,73,35124
1210,2,74,35057
1210,2,75,35475
1210,2,76,35692
1210,2,77,35494
1210,2,78,35531
1210,2,79,35792
1210,2,80,35557
1210,2,81,36037
1210,2,82,36446
1210,2,83,36310
1210,2,84,36802
1210,2,85,36812
1210,2,86,37199
1210,2,87,36957
1210,2,88,37137
1210,2,89,37430
1210,2,90,37602
1210,2,91,37883
1210,2,92,37662
1210,2,93,38124
1210,2,94,38551
1210,2,95,38497
1210,2,96,38157
1210,2,97,38844
1210,2,98,38907
1210,2,99,39142
1210,2,100,39372
,,,
1210,3,0,2420
1210,3,1,2389
1210,3,2,2547
1210,3,3,2598
1210,3,4,2712
1210,3,5,2686
1210,3,6,2869
1210,3,7,3014
1210,3,8,3159
1210,3,9,3207
1210,3,10,3474
1210,3,11,3632
1210,3,12,3691
1210,3,13,3940
1210,3,14,3930
1210,3,15,4413
1210,3,16,4686
1210,3,17,5057
1210,3,18,5611
1210,3,19,6327
1210,3,20,6762
1210,3,21,7443
1210,3,22,8290
1210,3,23,9100
1210,3,24,10093
1210,3,25,11714
1210,3,26,12805
1210,3,27,14420
1210,3,28,15874
1210,3,29,17093
1210,3,30,18370
1210,3,31,20030
1210,3,32,21112
1210,3,33,22565
1210,3,34,23296
1210,3,35,24090
1210,3,36,24691
1210,3,37,25726
1210,3,38,26756
1210,3,39,27121
1210,3,40,27861
1210,3,41,28473
1210,3,42,29335
1210,3,43,29837
1210,3,44,30564
1210,3,45,30922
1210,3,46,31002
1210,3,47,31222
1210,3,48,32069
1210,3,49,32337
1210,3,50,32451
1210,3,51,32677
1210,3,52,33133
1210,3,53,32973
1210,3,54,32793
1210,3,55,32522
1210,3,56,32521
1210,3,57,33296
1210,3,58,33386
1210,3,59,33692
1210,3,60,34038
1210,3,61,33760
1210,3,62,34148
1210,3,63,34566
1210,3,64,34254
1210,3,65,34634
1210,3,66,34408
1210,3,67,34600
1210,3,68,35384
1210,3,69,34850
1210,3,70,35208
1210,3,71,35038
1210,3,72,35120
1210,3,73,35170
1210,3,74,35627
1210,3,75,35955
1210,3,76,35678
1210,3,77,36222
1210,3,78,36255
1210,3,79,35900
1210,3,80,36380
1210,3,81,37085
1210,3,82,37168
1210,3,83,37405
1210,3,84,37474
1210,3,85,37200
1210,3,86,37501
1210,3,87,37097
1210,3,88,37296
1210,3,89,37538
1210,3,90,37682
1210,3,91,37976
1210,3,92,38566
1210,3,93,38572
1210,3,94,38880
1210,3,95,39220
1210,3,96,39357
1210,3,97,39264
1210,3,98,39292
1210,3,99,38854
1210,3,100,39236
,,,
1210,4,0,2420
1210,4,1,2517
1210,4,2,2653
1210,4,3,2602
1210,4,4,2725
1210,4,5,2754
1210,4,6,2888
1210,4,7,2911
1210,4,8,3109
1210,4,9,3245
1210,4,10,3434
1210,4,11,3642
1210,4,12,3799
1210,4,13,3910
1210,4,14,4166
1210,4,15,4523
1210,4,16,4850
1210,4,17,5179
1210,4,18,5973
1210,4,19,6534
1210,4,20,7025
1210,4,21,7796
1210,4,22,8769
1210,4,23,9682
1210,4,24,10723
1210,4,25,12089
1210,4,26,13336
1210,4,27,14910
1210,4,28,16284
1210,4,29,17847
1210,4,30,19397
1210,4,31,20600
1210,4,32,21998
1210,4,33,23363
1210,4,34,24577
1210,4,35,25488
1210,4,36,26133
1210,4,37,27078
1210,4,38,27680
1210,4,39,28323
1210,4,40,29256
1210,4,41,29997
1210,4,42,30409
1210,4,43,30566
1210,4,44,30803
1210,4,45,30946
1210,4,46,31253
1210,4,47,32352
1210,4,48,32518
1210,4,49,32664
1210,4,50,32748
1210,4,51,32933
1210,4,52,32417
1210,4,53,32489
1210,4,54,32384
1210,4,55,32581
1210,4,56,32832
1210,4,57,32638
1210,4,58,32712
1210,4,59,33013
1210,4,60,33279
1210,4,61,33354
1210,4,62,34029
1210,4,63,33378
1210,4,64,33455
1210,4,65,33593
1210,4,66,33994
1210,4,67,34024
1210,4,68,34111
1210,4,69,34276
1210,4,70,35049
1210,4,71,35535
1210,4,72,35437
1210,4,73,35399
1210,4,74,35801
1210,4,75,35974
1210,4,76,36103
1210,4,77,36611
1210,4,78,36065
1210,4,79,36457
1210,4,80,36122
1210,4,81,36401
1210,4,82,37094
1210,4,83,37420
1210,4,84,37425
1210,4,85,37277
1210,4,86,37665
1210,4,87,37587
1210,4,88,37835
1210,4,89,37949
1210,4,90,38347
1210,4,91,38524
1210,4,92,38175
1210,4,93,38338
1210,4,94,38766
1210,4,95,38293
1210,4,96,38491
1210,4,97,38877
1210,4,98,38933
1210,4,99,39291
1210,4,100,39432
,,,
1210,5,0,2420
1210,5,1,2404
1210,5,2,2562
1210,5,3,2695
1210,5,4,2798
1210,5,5,2934
1210,5,6,2934
1210,5,7,3033
1210,5,8,3002
1210,5,9,3165
1210,5,10,3307
1210,5,11,3406
1210,5,12,3701
1210,5,13,3807
1210,5,14,3957
1210,5,15,4227
1210,5,16,4560
1210,5,17,4772
1210,5,18,5053
1210,5,19,5260
1210,5,20,5514
1210,5,21,5998
1210,5,22,6487
1210,5,23,6831
1210,5,24,7498
1210,5,25,8071
1210,5,26,8880
1210,5,27,9909
1210,5,28,11129
1210,5,29,12196
1210,5,30,13603
1210,5,31,14714
1210,5,32,16054
1210,5,33,17300
1210,5,34,18845
1210,5,35,20012
1210,5,36,21649
1210,5,37,22835
1210,5,38,24093
1210,5,39,25188
1210,5,40,26237
1210,5,41,26787
1210,5,42,27723
1210,5,43,28850
1210,5,44,29091
1210,5,45,29793
1210,5,46,30040
1210,5,47,30658
1210,5,48,30780
1210,5,49,31170
1210,5,50,31176
1210,5,51,31392
1210,5,52,31682
1210,5,53,31869
1210,5,54,32086
1210,5,55,32433
1210,5,56,32176
1210,5,57,32523
1210,5,58,32641
1210,5,59,32765
1210,5,60,32765
1210,5,61,32876
1210,5,62,33069
1210,5,63,33408
1210,5,64,33655
1210,5,65,33893
1210,5,66,33956
1210,5,67,34171
1210,5,68,33776
1210,5,69,34181
1210,5,70,34602
1210,5,71,34744
1210,5,72,34939
1210,5,73,34692
1210,5,74,34956
1210,5,75,35327
1210,5,76,35370
1210,5,77,35771
1210,5,78,35614
1210,5,79,35991
1210,5,80,36148
1210,5,81,36176
1210,5,82,36551
1210,5,83,36742
1210,5,84,36966
1210,5,85,36410
1210,5,86,37414
1210,5,87,37397
1210,5,88,37425
1210,5,89,37698
1210,5,90,38749
1210,5,91,38557
1210,5,92,38488
1210,5,93,38923
1210,5,94,38964
1210,5,95,39795
1210,5,96,39846
1210,5,97,39819
1210,5,98,40302
1210,5,99,40278
1210,5,100,39993
,,,
1210,6,0,2420
1210,6,1,2427
1210,6,2,2476
1210,6,3,2486
1210,6,4,2529
1210,6,5,2461
1210,6,6,2478
1210,6,7,2523
1210,6,8,2657
1210,6,9,2939
1210,6,10,3017
1210,6,11,3175
1210,6,12,3420
1210,6,13,3802
1210,6,14,4061
1210,6,15,4293
1210,6,16,4726
1210,6,17,5190
1210,6,18,5800
1210,6,19,6302
1210,6,20,6786
1210,6,21,7496
1210,6,22,8348
1210,6,23,8942
1210,6,24,9887
1210,6,25,10622
1210,6,26,11847
1210,6,27,13190
1210,6,28,14507
1210,6,29,15932
1210,6,30,17383
1210,6,31,19057
1210,6,32,20529
1210,6,33,22014
1210,6,34,23452
1210,6,35,24572
1210,6,36,26166
1210,6,37,26576
1210,6,38,27716
1210,6,39,28481
1210,6,40,28684
1210,6,41,29253
1210,6,42,29528
1210,6,43,30161
1210,6,44,30444
1210,6,45,31060
1210,6,46,31065
1210,6,47,31180
1210,6,48,31594
1210,6,49,31564
1210,6,50,32196
1210,6,51,32151
1210,6,52,32526
1210,6,53,32464
1210,6,54,32696
1210,6,55,33193
1210,6,56,33753
1210,6,57,33741
1210,6,58,34083
1210,6,59,34272
1210,6,60,33952
1210,6,61,34076
1210,6,62,33981
1210,6,63,34302
1210,6,64,34475
1210,6,65,34521
1210,6,66,34320
1210,6,67,34982
1210,6,68,34984
1210,6,69,35446
1210,6,70,35803
1210,6,71,35493
1210,6,72,35647
1210,6,73,36029
1210,6,74,35820
1210,6,75,36180
1210,6,76,35894
1210,6,77,36775
1210,6,78,37302
1210,6,79,37503
1210,6,80,37354
1210,6,81,37071
1210,6,82,37495
1210,6,83,37572
1210,6,84,38053
1210,6,85,37882
1210,6,86,38257
1210,6,87,38400
1210,6,88,38583
1210,6,89,38816
1210,6,90,38605
1210,6,91,38702
1210,6,92,39140
1210,6,93,39438
1210,6,94,39710
1210,6,95,40169
1210,6,96,40297
1210,6,97,40026
1210,6,98,39648
1210,6,99,40028
1210,6,100,40397
,,,
1210,7,0,2420
1210,7,1,2415
1210,7,2,2482
1210,7,3,2551
1210,7,4,2676
1210,7,5,2890
1210,7,6,3003
1210,7,7,3183
1210,7,8,3354
1210,7,9,3377
1210,7,10,3414
1210,7,11,3615
1210,7,12,3746
1210,7,13,4009
1210,7,14,4320
1210,7,15,4773
1210,7,16,5037
1210,7,17,5651
1210,7,18,6078
1210,7,19,6588
1210,7,20,7126
1210,7,21,8181
1210,7,22,8755
1210,7,23,9869
1210,7,24,10778
1210,7,25,11958
1210,7,26,13286
1210,7,27,15135
1210,7,28,16791
1210,7,29,18060
1210,7,30,19291
1210,7,31,20907
1210,7,32,22418
1210,7,33,23875
1210,7,34,25257
1210,7,35,26108
1210,7,36,27386
1210,7,37,27903
1210,7,38,28516
1210,7,39,29001
1210,7,40,29512
1210,7,41,30077
1210,7,42,30528
1210,7,43,30473
1210,7,44,30271
1210,7,45,30619
1210,7,46,30913
1210,7,47,31127
1210,7,48,31085
1210,7,49,31018
1210,7,50,31354
1210,7,51,31717
1210,7,52,31752
1210,7,53,32067
1210,7,54,32431
1210,7,55,32813
1210,7,56,32741
1210,7,57,33457
1210,7,58,33592
1210,7,59,33857
1210,7,60,34325
1210,7,61,34251
1210,7,62,34662
1210,7,63,34171
1210,7,64,34449
1210,7,65,34623
1210,7,66,34796
1210,7,67,34778
1210,7,68,34858
1210,7,69,34764
1210,7,70,35065
1210,7,71,35278
1210,7,72,34740
1210,7,73,35415
1210,7,74,35887
1210,7,75,35842
1210,7,76,36077
1210,7,77,36635
1210,7,78,36569
1210,7,79,36813
1210,7,80,36817
1210,7,81,36529
1210,7,82,36558
1210,7,83,36530
1210,7,84,36780
1210,7,85,37425
1210,7,86,37766
1210,7,87,37621
1210,7,88,37708
1210,7,89,38546
1210,7,90,38181
1210,7,91,38674
1210,7,92,38686
1210,7,93,38806
1210,7,94,39412
1210,7,95,39471
1210,7,96,39342
1210,7,97,39659
1210,7,98,39739
1210,7,99,39759
1210,7,100,40228
,,,
1210,8,0,2420
1210,8,1,2383
1210,8,2,2461
1210,8,3,2400
1210,8,4,2412
1210,8,5,2518
1210,8,6,2605
1210,8,7,2779
1210,8,8,2969
1210,8,9,2963
1210,8,10,2981
1210,8,11,3258
1210,8,12,3071
1210,8,13,3115
1210,8,14,3285
1210,8,15,3488
1210,8,16,3769
1210,8,17,4028
1210,8,18,4424
1210,8,19,4786
1210,8,20,5272
1210,8,21,5759
1210,8,22,6225
1210,8,23,7109
1210,8,24,7734
1210,8,25,8924
1210,8,26,9940
1210,8,27,10789
1210,8,28,12023
1210,8,29,13222
1210,8,30,13910
1210,8,31,15599
1210,8,32,17331
1210,8,33,18933
1210,8,34,20334
1210,8,35,21088
1210,8,36,22150
1210,8,37,23195
1210,8,38,25069
1210,8,39,26307
1210,8,40,26814
1210,8,41,27524
1210,8,42,28231
1210,8,43,28645
1210,8,44,29160
1210,8,45,29384
1210,8,46,30027
1210,8,47,30460
1210,8,48,30687
1210,8,49,31374
1210,8,50,31363
1210,8,51,31139
1210,8,52,31288
1210,8,53,31660
1210,8,54,32006
1210,8,55,32475
1210,8,56,32474
1210,8,57,32591
1210,8,58,32528
1210,8,59,32859
1210,8,60,33048
1210,8,61,33399
1210,8,62,33405
1210,8,63,33349
1210,8,64,33213
1210,8,65,33578
1210,8,66,33532
1210,8,67,34117
1210,8,68,33438
1210,8,69,34449
1210,8,70,34628
1210,8,71,35255
1210,8,72,35766
1210,8,73,35625
1210,8,74,36027
1210,8,75,36312
1210,8,76,36654
1210,8,77,36439
1210,8,78,36507
1210,8,79,36645
1210,8,80,36944
1210,8,81,37175
1210,8,82,37098
1210,8,83,37486
1210,8,84,37965
1210,8,85,38200
1210,8,86,38226
1210,8,87,37746
1210,8,88,38373
1210,8,89,38181
1210,8,90,38731
1210,8,91,38670
1210,8,92,38454
1210,8,93,38979
1210,8,94,39220
1210,8,95,39623
1210,8,96,39634
1210,8,97,39595
1210,8,98,39861
1210,8,99,39869
1210,8,100,39963
,,,
1210,9,0,2420
1210,9,1,2589
1210,9,2,2696
1210,9,3,2931
1210,9,4,3095
1210,9,5,3139
1210,9,6,3447
1210,9,7,3686
1210,9,8,4032
1210,9,9,4090
1210,9,10,4430
1210,9,11,4741
1210,9,12,5089
1210,9,13,5593
1210,9,14,6248
1210,9,15,6919
1210,9,16,7587
1210,9,17,8343
1210,9,18,9047
1210,9,19,10411
1210,9,20,11743
1210,9,21,13315
1210,9,22,14430
1210,9,23,15577
1210,9,24,16677
1210,9,25,18179
1210,9,26,19292
1210,9,27,21082
1210,9,28,22910
1210,9,29,23786
1210,9,30,24531
1210,9,31,25518
1210,9,32,26925
1210,9,33,27362
1210,9,34,28063
1210,9,35,28606
1210,9,36,29326
1210,9,37,29825
1210,9,38,30010
1210,9,39,30226
1210,9,40,30680
1210,9,41,30720
1210,9,42,31168
1210,9,43,31660
1210,9,44,31833
1210,9,45,31898
1210,9,46,32217
1210,9,47,32140
1210,9,48,32486
1210,9,49,33049
1210,9,50,32494
1210,9,51,33016
1210,9,52,33225
1210,9,53,32971
1210,9,54,33022
1210,9,55,33743
1210,9,56,33881
1210,9,57,33652
1210,9,58,34062
1210,9,59,34235
1210,9,60,34143
1210,9,61,34359
1210,9,62,34561
1210,9,63,35084
1210,9,64,35021
1210,9,65,35126
1210,9,66,35562
1210,9,67,35476
1210,9,68,35802
1210,9,69,35329
1210,9,70,35636
1210,9,71,35766
1210,9,72,36097
1210,9,73,36750
1210,9,74,36934
1210,9,75,37115
1210,9,76,36961
1210,9,77,37616
1210,9,78,37619
1210,9,79,37768
1210,9,80,38129
1210,9,81,37718
1210,9,82,37859
1210,9,83,38685
1210,9,84,38708
1210,9,85,38141
1210,9,86,38690
1210,9,87,38926
1210,9,88,39101
1210,9,89,38993
1210,9,90,39015
1210,9,91,38498
1210,9,92,38453
1210,9,93,39057
1210,9,94,39843
1210,9,95,40044
1210,9,96,40167
1210,9,97,40592
1210,9,98,40467
1210,9,99,40138
1210,9,100,40676
,,,
1210,10,0,2420
1210,10,1,2307
1210,10,2,2414
1210,10,3,2575
1210,10,4,2661
1210,10,5,2736
1210,10,6,2679
1210,10,7,2722
1210,10,8,2855
1210,10,9,2967
1210,10,10,3309
1210,10,11,3552
1210,10,12,3833
1210,10,13,4087
1210,10,14,4393
1210,10,15,4812
1210,10,16,5254
1210,10,17,5689
1210,10,18,6239
1210,10,19,6687
1210,10,20,7380
1210,10,21,7920
1210,10,22,8732
1210,10,23,9579
1210,10,24,10740
1210,10,25,11503
1210,10,26,12751
1210,10,27,14250
1210,10,28,15843
1210,10,29,17314
1210,10,30,19260
1210,10,31,20971
1210,10,32,22177
1210,10,33,23326
1210,10,34,24485
1210,10,35,25366
1210,10,36,25906
1210,10,37,26646
1210,10,38,27599
1210,10,39,28218
1210,10,40,28610
1210,10,41,29071
1210,10,42,29338
1210,10,43,29450
1210,10,44,29839
1210,10,45,30572
1210,10,46,30864
1210,10,47,30868
1210,10,48,31682
1210,10,49,31601
1210,10,50,31662
1210,10,51,31812
1210,10,52,32056
1210,10,53,32087
1210,10,54,32392
1210,10,55,32879
1210,10,56,33012
1210,10,57,33083
1210,10,58,33934
1210,10,59,33601
1210,10,60,33472
1210,10,61,33590
1210,10,62,34007
1210,10,63,34513
1210,10,64,34013
1210,10,65,34093
1210,10,66,34630
1210,10,67,34713
1210,10,68,34785
1210,10,69,35106
1210,10,70,35220
1210,10,71,35657
1210,10,72,35626
1210,10,73,35928
1210,10,74,36530
1210,10,75,36697
1210,10,76,36393
1210,10,77,36163
1210,10,78,36246
1210,10,79,36747
1210,10,80,37327
1210,10,81,37024
1210,10,82,37059
1210,10,83,37023
1210,10,84,36821
1210,10,85,37050
1210,10,86,37206
1210,10,87,37137
1210,10,88,37174
1210,10,89,37620
1210,10,90,37448
1210,10,91,37849
1210,10,92,38079
1210,10,93,38108
1210,10,94,38158
1210,10,95,38695
1210,10,96,38560
1210,10,97,39016
1210,10,98,39142
1210,10,99,39217
1210,10,100,39132
,,,
1210,11,0,2420
1210,11,1,2436
1210,11,2,2435
1210,11,3,2670
1210,11,4,2854
1210,11,5,3048
1210,11,6,3200
1210,11,7,3468
1210,11,8,3668
1210,11,9,3910
1210,11,10,4146
1210,11,11,4438
1210,11,12,4731
1210,11,13,5067
1210,11,14,5786
1210,11,15,6233
1210,11,16,6822
1210,11,17,7583
1210,11,18,8335
1210,11,19,9346
1210,11,20,10352
1210,11,21,11713
1210,11,22,12618
1210,11,23,13734
1210,11,24,14758
1210,11,25,15941
1210,11,26,17695
1210,11,27,19187
1210,11,28,20846
1210,11,29,22702
1210,11,30,24381
1210,11,31,25148
1210,11,32,26106
1210,11,33,27091
1210,11,34,27767
1210,11,35,28118
1210,11,36,28433
1210,11,37,28696
1210,11,38,29458
1210,11,39,29335
1210,11,40,29432
1210,11,41,30058
1210,11,42,29947
1210,11,43,30434
1210,11,44,30700
1210,11,45,31209
1210,11,46,31460
1210,11,47,31323
1210,11,48,31728
1210,11,49,31545
1210,11,50,31544
1210,11,51,31946
1210,11,52,32202
1210,11,53,32880
1210,11,54,33257
1210,11,55,32928
1210,11,56,33226
1210,11,57,33174
1210,11,58,33389
1210,11,59,33713
1210,11,60,34128
1210,11,61,34168
1210,11,62,34194
1210,11,63,34913
1210,11,64,34713
1210,11,65,34677
1210,11,66,35071
1210,11,67,34895
1210,11,68,35302
1210,11,69,35501
1210,11,70,36266
1210,11,71,35903
1210,11,72,36138
1210,11,73,36109
1210,11,74,36425
1210,11,75,36993
1210,11,76,36745
1210,11,77,37040
1210,11,78,37271
1210,11,79,37706
1210,11,80,37491
1210,11,81,37449
1210,11,82,37527
1210,11,83,37685
1210,11,84,37784
1210,11,85,37488
1210,11,86,38108
1210,11,87,38120
1210,11,88,38708
1210,11,89,39098
1210,11,90,39441
1210,11,91,39215
1210,11,92,39618
1210,11,93,39403
1210,11,94,39647
1210,11,95,39290
1210,11,96,39520
1210,11,97,39769
1210,11,98,40168
1210,11,99,40843
1210,11,100,40768
,,,
1210,12,0,2420
1210,12,1,2379
1210,12,2,2598
1210,12,3,2623
1210,12,4,2670
1210,12,5,2714
1210,12,6,2732
1210,12,7,2754
1210,12,8,2930
1210,12,9,3107
1210,12,10,3178
1210,12,11,3332
1210,12,12,3565
1210,12,13,3547
1210,12,14,3716
1210,12,15,3880
1210,12,16,4035
1210,12,17,4334
1210,12,18,4646
1210,12,19,4888
1210,12,20,5170
1210,12,21,5554
1210,12,22,5969
1210,12,23,6668
1210,12,24,7262
1210,12,25,8045
1210,12,26,9371
1210,12,27,10135
1210,12,28,11134
1210,12,29,12489
1210,12,30,13652
1210,12,31,15059
1210,12,32,16518
1210,12,33,18080
1210,12,34,19565
1210,12,35,20953
1210,12,36,22233
1210,12,37,23426
1210,12,38,24574
1210,12,39,25878
1210,12,40,26420
1210,12,41,27863
1210,12,42,28202
1210,12,43,28499
1210,12,44,29289
1210,12,45,29478
1210,12,46,30567
1210,12,47,30918
1210,12,48,30994
1210,12,49,31260
1210,12,50,31498
1210,12,51,31594
1210,12,52,31820
1210,12,53,31776
1210,12,54,32247
1210,12,55,31873
1210,12,56,32780
1210,12,57,32056
1210,12,58,32310
1210,12,59,32533
1210,12,60,32421
1210,12,61,32922
1210,12,62,33182
1210,12,63,33223
1210,12,64,33321
1210,12,65,33262
1210,12,66,33456
1210,12,67,33859
1210,12,68,34125
1210,12,69,34242
1210,12,70,34144
1210,12,71,34504
1210,12,72,35305
1210,12,73,35576
1210,12,74,35365
1210,12,75,35888
1210,12,76,36139
1210,12,77,36121
1210,12,78,35707
1210,12,79,35894
1210,12,80,36039
1210,12,81,36600
1210,12,82,36515
1210,12,83,36592
1210,12,84,36953
1210,12,85,37286
1210,12,86,37128
1210,12,87,37561
1210,12,88,37121
1210,12,89,37011
1210,12,90,37596
1210,12,91,37755
1210,12,92,37856
1210,12,93,38557
1210,12,94,38581
1210,12,95,38918
1210,12,96,38716
1210,12,97,39043
1210,12,98,39048
1210,12,99,39450
1210,12,100,39888
,,,
1210,13,0,2420
1210,13,1,2464
1210,13,2,2606
1210,13,3,2782
1210,13,4,2978
1210,13,5,3244
1210,13,6,3594
1210,13,7,3786
1210,13,8,4114
1210,13,9,4375
1210,13,10,4609
1210,13,11,4852
1210,13,12,5246
1210,13,13,5760
1210,13,14,6121
1210,13,15,6771
1210,13,16,7562
1210,13,17,8561
1210,13,18,9311
1210,13,19,10267
1210,13,20,11540
1210,13,21,12653
1210,13,22,13800
1210,13,23,15463
1210,13,24,16703
1210,13,25,18016
1210,13,26,19282
1210,13,27,20431
1210,13,28,21353
1210,13,29,22711
1210,13,30,23984
1210,13,31,25157
1210,13,32,26414
1210,13,33,27247
1210,13,34,27981
1210,13,35,28987
1210,13,36,29855
1210,13,37,30091
1210,13,38,30029
1210,13,39,29860
1210,13,40,30740
1210,13,41,30936
1210,13,42,30676
1210,13,43,31456
1210,13,44,32029
1210,13,45,31353
1210,13,46,31522
1210,13,47,31850
1210,13,48,32179
1210,13,49,32294
1210,13,50,32210
1210,13,51,32582
1210,13,52,33265
1210,13,53,33092
1210,13,54,33035
1210,13,55,33563
1210,13,56,34190
1210,13,57,34412
1210,13,58,34282
1210,13,59,34404
1210,13,60,34799
1210,13,61,34920
1210,13,62,35190
1210,13,63,35218
1210,13,64,35737
1210,13,65,35668
1210,13,66,35710
1210,13,67,35734
1210,13,68,35790
1210,13,69,35435
1210,13,70,36197
1210,13,71,36004
1210,13,72,36647
1210,13,73,36888
1210,13,74,37421
1210,13,75,37635
1210,13,76,37418
1210,13,77,37286
1210,13,78,37939
1210,13,79,37939
1210,13,80,38305
1210,13,81,38154
1210,13,82,38248
1210,13,83,38100
1210,13,84,38819
1210,13,85,38897
1210,13,86,39067
1210,13,87,38640
1210,13,88,39158
1210,13,89,39385
1210,13,90,39490
1210,13,91,40127
1210,13,92,40095
1210,13,93,40330
1210,13,94,40426
1210,13,95,40393
1210,13,96,40773
1210,13,97,40887
1210,13,98,41007
1210,13,99,41469
1210,13,100,41361
,,,
1210,14,0,2420
1210,14,1,2392
1210,14,2,2459
1210,14,3,2626
1210,14,4,2653
1210,14,5,2750
1210,14,6,2943
1210,14,7,3266
1210,14,8,3507
1210,14,9,3733
1210,14,10,3842
1210,14,11,3964
1210,14,12,4211
1210,14,13,4422
1210,14,14,4622
1210,14,15,5212
1210,14,16,5587
1210,14,17,6155
1210,14,18,6654
1210,14,19,7510
1210,14,20,8583
1210,14,21,9344
1210,14,22,10080
1210,14,23,11051
1210,14,24,12258
1210,14,25,13591
1210,14,26,14351
1210,14,27,16087
1210,14,28,17198
1210,14,29,18565
1210,14,30,20241
1210,14,31,21612
1210,14,32,22799
1210,14,33,24078
1210,14,34,24962
1210,14,35,25734
1210,14,36,26489
1210,14,37,27223
1210,14,38,28033
1210,14,39,29064
1210,14,40,29085
1210,14,41,29615
1210,14,42,30056
1210,14,43,30390
1210,14,44,30506
1210,14,45,31117
1210,14,46,31549
1210,14,47,31785
1210,14,48,31707
1210,14,49,32149
1210,14,50,32380
1210,14,51,32359
1210,14,52,32154
1210,14,53,32112
1210,14,54,32065
1210,14,55,32618
1210,14,56,32498
1210,14,57,32420
1210,14,58,32756
1210,14,59,32907
1210,14,60,33162
1210,14,61,33846
1210,14,62,33931
1210,14,63,33929
1210,14,64,34227
1210,14,65,34596
1210,14,66,34991
1210,14,67,34852
1210,14,68,34979
1210,14,69,34903
1210,14,70,35399
1210,14,71,35681
1210,14,72,35343
1210,14,73,35565
1210,14,74,35727
1210,14,75,36280
1210,14,76,36504
1210,14,77,36543
1210,14,78,37116
1210,14,79,37026
1210,14,80,36996
1210,14,81,36972
1210,14,82,37310
1210,14,83,36985
1210,14,84,37421
1210,14,85,37680
1210,14,86,37696
1210,14,87,37662
1210,14,88,37951
1210,14,89,38695
1210,14,90,38305
1210,14,91,38672
1210,14,92,38796
1210,14,93,39268
1210,14,94,38546
1210,14,95,39685
1210,14,96,39681
1210,14,97,39990
1210,14,98,39684
1210,14,99,40129
1210,14,100,40406
,,,
1210,15,0,2420
1210,15,1,2424
1210,15,2,2503
1210,15,3,2555
1210,15,4,2614
1210,15,5,2616
1210,15,6,2663
1210,15,7,2663
1210,15,8,2734
1210,15,9,2809
1210,15,10,2934
1210,15,11,3296
1210,15,12,3552
1210,15,13,3826
1210,15,14,3870
1210,15,15,4222
1210,15,16,4540
1210,15,17,4757
1210,15,18,5202
1210,15,19,5606
1210,15,20,6116
1210,15,21,6814
1210,15,22,7580
1210,15,23,8123
1210,15,24,9150
1210,15,25,10523
1210,15,26,11755
1210,15,27,13075
1210,15,28,14358
1210,15,29,15889
1210,15,30,17493
1210,15,31,19035
1210,15,32,20647
1210,15,33,21366
1210,15,34,22487
1210,15,35,23977
1210,15,36,25400
1210,15,37,26495
1210,15,38,27549
1210,15,39,28192
1210,15,40,29201
1210,15,41,29112
1210,15,42,29491
1210,15,43,30286
1210,15,44,30755
1210,15,45,31464
1210,15,46,31371
1210,15,47,30955
1210,15,48,31262
1210,15,49,31913
1210,15,50,31709
1210,15,51,32283
1210,15,52,32104
1210,15,53,32442
1210,15,54,32768
1210,15,55,32547
1210,15,56,32699
1210,15,57,32916
1210,15,58,33380
1210,15,59,33693
1210,15,60,34022
1210,15,61,33592
1210,15,62,34111
1210,15,63,34402
1210,15,64,34070
1210,15,65,33981
1210,15,66,34235
1210,15,67,34344
1210,15,68,34798
1210,15,69,35202
1210,15,70,35048
1210,15,71,34979
1210,15,72,35074
1210,15,73,35533
1210,15,74,35768
1210,15,75,35543
1210,15,76,35538
1210,15,77,35740
1210,15,78,35941
1210,15,79,36354
1210,15,80,36484
1210,15,81,36717
1210,15,82,37296
1210,15,83,37544
1210,15,84,37303
1210,15,85,37776
1210,15,86,37647
1210,15,87,37747
1210,15,88,37924
1210,15,89,38725
1210,15,90,38234
1210,15,91,38371
1210,15,92,38147
1210,15,93,38584
1210,15,94,38498
1210,15,95,38170
1210,15,96,39106
1210,15,97,39338
1210,15,98,39785
1210,15,99,40057
1210,15,100,40172
,,,
1210,16,0,2420
1210,16,1,2598
1210,16,2,2611
1210,16,3,2714
1210,16,4,2797
1210,16,5,2948
1210,16,6,2945
1210,16,7,2980
1210,16,8,3125
1210,16,9,3207
1210,16,10,3215
1210,16,11,3291
1210,16,12,3457
1210,16,13,3529
1210,16,14,3866
1210,16,15,4301
1210,16,16,4623
1210,16,17,4911
1210,16,18,5245
1210,16,19,5772
1210,16,20,6245
1210,16,21,6689
1210,16,22,7380
1210,16,23,8139
1210,16,24,8872
1210,16,25,9926
1210,16,26,11100
1210,16,27,12452
1210,16,28,13638
1210,16,29,15138
1210,16,30,16619
1210,16,31,18116
1210,16,32,18968
1210,16,33,20558
1210,16,34,21818
1210,16,35,22735
1210,16,36,24429
1210,16,37,26081
1210,16,38,27086
1210,16,39,27983
1210,16,40,28406
1210,16,41,28873
1210,16,42,29623
1210,16,43,30156
1210,16,44,29976
1210,16,45,29863
1210,16,46,30640
1210,16,47,30880
1210,16,48,30934
1210,16,49,31475
1210,16,50,31351
1210,16,51,31520
1210,16,52,31270
1210,16,53,31615
1210,16,54,31301
1210,16,55,31939
1210,16,56,32533
1210,16,57,32908
1210,16,58,32855
1210,16,59,32927
1210,16,60,33868
1210,16,61,34004
1210,16,62,34034
1210,16,63,34110
1210,16,64,34403
1210,16,65,33941
1210,16,66,33672
1210,16,67,34378
1210,16,68,34403
1210,16,69,34552
1210,16,70,34526
1210,16,71,34223
1210,16,72,35122
1210,16,73,35147
1210,16,74,36210
1210,16,75,36038
1210,16,76,35950
1210,16,77,36019
1210,16,78,35828
1210,16,79,35933
1210,16,80,35958
1210,16,81,36015
1210,16,82,36630
1210,16,83,36718
1210,16,84,37196
1210,16,85,37238
1210,16,86,37759
1210,16,87,37613
1210,16,88,37822
1210,16,89,37954
1210,16,90,38312
1210,16,91,38148
1210,16,92,38573
1210,16,93,38453
1210,16,94,38489
1210,16,95,39160
1210,16,96,39485
1210,16,97,39012
1210,16,98,39650
1210,16,99,39774
1210,16,100,39804
,,,
1210,17,0,2420
1210,17,1,2506
1210,17,2,2668
1210,17,3,2425
1210,17,4,2608
1210,17,5,2837
1210,17,6,3056
1210,17,7,3133
1210,17,8,3252
1210,17,9,3428
1210,17,10,3620
1210,17,11,3961
1210,17,12,4236
1210,17,13,4531
1210,17,14,4771
1210,17,15,5087
1210,17,16,5491
1210,17,17,5907
1210,17,18,6446
1210,17,19,7195
1210,17,20,7849
1210,17,21,8629
1210,17,22,9607
1210,17,23,10710
1210,17,24,12160
1210,17,25,13361
1210,17,26,14754
1210,17,27,16232
1210,17,28,17645
1210,17,29,18950
1210,17,30,20717
1210,17,31,22069
1210,17,32,23105
1210,17,33,24190
1210,17,34,24870
1210,17,35,25511
1210,17,36,26695
1210,17,37,27259
1210,17,38,27850
1210,17,39,28415
1210,17,40,28260
1210,17,41,28961
1210,17,42,29176
1210,17,43,29284
1210,17,44,29417
1210,17,45,29772
1210,17,46,30274
1210,17,47,30409
1210,17,48,30271
1210,17,49,30934
1210,17,50,30882
1210,17,51,31465
1210,17,52,31897
1210,17,53,32252
1210,17,54,32249
1210,17,55,32400
1210,17,56,32434
1210,17,57,32559
1210,17,58,33447
1210,17,59,33425
1210,17,60,33759
1210,17,61,34292
1210,17,62,34458
1210,17,63,34209
1210,17,64,34590
1210,17,65,34543
1210,17,66,34835
1210,17,67,34779
1210,17,68,34664
1210,17,69,34679
1210,17,70,34897
1210,17,71,35502
1210,17,72,35271
1210,17,73,36202
1210,17,74,35659
1210,17,75,35307
1210,17,76,35957
1210,17,77,36299
1210,17,78,36850
1210,17,79,37183
1210,17,80,37110
1210,17,81,36823
1210,17,82,36783
1210,17,83,36971
1210,17,84,37634
1210,17,85,37401
1210,17,86,37147
1210,17,87,37294
1210,17,88,38003
1210,17,89,37979
1210,17,90,38125
1210,17,91,38666
1210,17,92,38318
1210,17,93,38530
1210,17,94,39542
1210,17,95,39319
1210,17,96,39363
1210,17,97,39497
1210,17,98,39272
1210,17,99,39232
1210,17,100,39339
,,,
1210,18,0,2420
1210,18,1,2496
1210,18,2,2835
1210,18,3,2889
1210,18,4,3073
1210,18,5,3258
1210,18,6,3325
1210,18,7,3658
1210,18,8,3986
1210,18,9,4277
1210,18,10,4418
1210,18,11,4612
1210,18,12,4931
1210,18,13,5299
1210,18,14,5849
1210,18,15,6406
1210,18,16,6866
1210,18,17,7573
1210,18,18,8331
1210,18,19,9290
1210,18,20,10311
1210,18,21,11452
1210,18,22,12740
1210,18,23,13693
1210,18,24,14820
1210,18,25,16232
1210,18,26,17361
1210,18,27,18888
1210,18,28,20821
1210,18,29,21467
1210,18,30,23143
1210,18,31,23971
1210,18,32,25052
1210,18,33,25887
1210,18,34,26857
1210,18,35,27386
1210,18,36,28067
1210,18,37,29246
1210,18,38,29324
1210,18,39,30079
1210,18,40,30383
1210,18,41,30328
1210,18,42,30503
1210,18,43,30596
1210,18,44,30778
1210,18,45,30844
1210,18,46,31106
1210,18,47,32166
1210,18,48,32170
1210,18,49,31861
1210,18,50,32230
1210,18,51,32609
1210,18,52,32604
1210,18,53,32937
1210,18,54,33393
1210,18,55,33613
1210,18,56,33187
1210,18,57,33183
1210,18,58,33400
1210,18,59,33330
1210,18,60,33067
1210,18,61,33876
1210,18,62,34066
1210,18,63,34268
1210,18,64,34273
1210,18,65,34482
1210,18,66,34525
1210,18,67,34841
1210,18,68,35753
1210,18,69,35276
1210,18,70,35785
1210,18,71,36049
1210,18,72,35458
1210,18,73,35941
1210,18,74,36373
1210,18,75,36212
1210,18,76,36015
1210,18,77,36304
1210,18,78,36783
1210,18,79,37132
1210,18,80,37297
1210,18,81,38103
1210,18,82,37892
1210,18,83,37954
1210,18,84,37963
1210,18,85,38109
1210,18,86,37914
1210,18,87,38116
1210,18,88,38528
1210,18,89,38158
1210,18,90,38851
1210,18,91,38518
1210,18,92,39180
1210,18,93,38825
1210,18,94,38974
1210,18,95,39634
1210,18,96,40147
1210,18,97,40160
1210,18,98,40431
1210,18,99,40091
1210,18,100,40370
,,,
1210,19,0,2420
1210,19,1,2272
1210,19,2,2407
1210,19,3,2360
1210,19,4,2415
1210,19,5,2495
1210,19,6,2558
1210,19,7,2650
1210,19,8,2764
1210,19,9,2861
1210,19,10,2953
1210,19,11,2954
1210,19,12,3184
1210,19,13,3234
1210,19,14,3303
1210,19,15,3457
1210,19,16,3721
1210,19,17,3992
1210,19,18,4275
1210,19,19,4412
1210,19,20,4710
1210,19,21,5140
1210,19,22,5401
1210,19,23,5739
1210,19,24,6431
1210,19,25,7171
1210,19,26,7947
1210,19,27,8794
1210,19,28,9629
1210,19,29,10821
1210,19,30,12015
1210,19,31,12855
1210,19,32,14073
1210,19,33,15473
1210,19,34,16947
1210,19,35,18230
1210,19,36,20060
1210,19,37,21808
1210,19,38,22820
1210,19,39,23948
1210,19,40,24318
1210,19,41,25708
1210,19,42,26193
1210,19,43,27087
1210,19,44,27678
1210,19,45,28403
1210,19,46,28798
1210,19,47,29351
1210,19,48,30061
1210,19,49,30431
1210,19,50,30884
1210,19,51,31092
1210,19,52,31114
1210,19,53,31423
1210,19,54,31608
1210,19,55,32139
1210,19,56,31961
1210,19,57,32245
1210,19,58,32520
1210,19,59,33134
1210,19,60,32500
1210,19,61,32627
1210,19,62,32510
1210,19,63,32747
1210,19,64,33129
1210,19,65,33063
1210,19,66,33626
1210,19,67,34308
1210,19,68,34632
1210,19,69,34294
1210,19,70,34967
1210,19,71,34862
1210,19,72,35168
1210,19,73,34799
1210,19,74,35386
1210,19,75,35749
1210,19,76,35434
1210,19,77,35830
1210,19,78,35955
1210,19,79,35937
1210,19,80,35929
1210,19,81,36367
1210,19,82,36514
1210,19,83,36255
1210,19,84,36376
1210,19,85,36363
1210,19,86,36272
1210,19,87,36578
1210,19,88,36842
1210,19,89,37659
1210,19,90,37953
1210,19,91,38169
1210,19,92,38340
1210,19,93,38765
1210,19,94,38546
1210,19,95,38764
1210,19,96,38277
1210,19,97,38616
1210,19,98,39470
1210,19,99,39647
1210,19,100,39582