m,change
1054,54
1054,17
1054,88
1054,-4
1054,20
1054,109
1054,121
1054,32
1054,17
1054,59
1054,-84
1054,26
1054,-8
1054,-26
1054,-6
1054,27
1054,-24
1054,-88
1054,67
1054,120
1055,-96
1055,-45
1055,-20
1055,35
1055,214
1055,86
1055,12
1055,-110
1055,68
1055,53
1055,-11
1055,111
1055,45
1055,-29
1055,-119
1055,117
1055,109
1055,159
1055,-43
1055,36
1056,23
1056,-29
1056,-24
1056,81
1056,-26
1056,-185
1056,-30
1056,26
1056,-120
1056,88
1056,-22
1056,-8
1056,41
1056,-7
1056,47
1056,-8
1056,130
1056,80
1056,56
1056,95
1057,6
1057,109
1057,-52
1057,-4
1057,60
1057,84
1057,6
1057,99
1057,-35
1057,-76
1057,53
1057,-8
1057,34
1057,-53
1057,-7
1057,121
1057,76
1057,51
1057,64
1057,-72
1058,80
1058,-61
1058,-86
1058,146
1058,132
1058,-107
1058,126
1058,-40
1058,-60
1058,-15
1058,72
1058,-22
1058,-143
1058,27
1058,183
1058,-72
1058,38
1058,90
1058,75
1058,2
1059,-6
1059,217
1059,62
1059,-71
1059,-21
1059,26
1059,-18
1059,-108
1059,84
1059,58
1059,127
1059,58
1059,91
1059,-2
1059,63
1059,133
1059,95
1059,35
1059,-58
1059,98
1060,16
1060,14
1060,74
1060,-42
1060,-42
1060,9
1060,-2
1060,-34
1060,76
1060,62
1060,-56
1060,-92
1060,45
1060,-14
1060,28
1060,32
1060,-3
1060,66
1060,-8
1060,36
1061,-63
1061,160
1061,116
1061,-10
1061,-5
1061,42
1061,-97
1061,-64
1061,32
1061,26
1061,42
1061,1
1061,99
1061,93
1061,25
1061,-52
1061,-40
1061,89
1061,-16
1061,69
1062,37
1062,-5
1062,-43
1062,-77
1062,97
1062,76
1062,61
1062,-1
1062,54
1062,38
1062,64
1062,60
1062,3
1062,-9
1062,169
1062,44
1062,18
1062,-48
1062,118
1062,22
1063,-15
1063,125
1063,32
1063,16
1063,66
1063,-84
1063,177
1063,-63
1063,64
1063,24
1063,-129
1063,30
1063,-38
1063,50
1063,39
1063,-44
1063,142
1063,-145
1063,107
1063,-67
960,189
960,13
960,188
960,-622
960,-646
960,-700
960,-184
960,38
960,82
960,-10
960,-545
960,-535
960,-37
960,-47
960,-113
960,-18
960,-50
960,-86
960,108
960,-752
1064,112
1064,8
1064,43
1064,-74
1064,22
1064,-57
1064,67
1064,71
1064,-35
1064,49
1064,70
1064,41
1064,-74
1064,-101
1064,125
1064,20
1064,-2
1064,-110
1064,146
1064,-3
1065,40
1065,4
1065,10
1065,-83
1065,87
1065,-4
1065,11
1065,-70
1065,133
1065,36
1065,16
1065,38
1065,43
1065,62
1065,57
1065,-124
1065,111
1065,31
1065,-45
1065,-45
1066,53
1066,30
1066,128
1066,51
1066,179
1066,53
1066,105
1066,23
1066,8
1066,163
1066,4
1066,78
1066,43
1066,13
1066,3
1066,-61
1066,-80
1066,109
1066,46
1066,107
1067,-3
1067,83
1067,-95
1067,32
1067,18
1067,-47
1067,57
1067,114
1067,56
1067,-30
1067,6
1067,58
1067,79
1067,-61
1067,122
1067,29
1067,123
1067,26
1067,-21
1067,14
1068,263
1068,-108
1068,155
1068,68
1068,135
1068,167
1068,-14
1068,61
1068,7
1068,-133
1068,75
1068,108
1068,60
1068,51
1068,-14
1068,123
1068,33
1068,-21
1068,-17
1068,-23
1069,150
1069,41
1069,132
1069,2
1069,97
1069,-164
1069,-68
1069,61
1069,55
1069,72
1069,-94
1069,-32
1069,57
1069,58
1069,-94
1069,14
1069,-51
1069,-7
1069,-63
1069,49
1070,16
1070,-68
1070,-14
1070,59
1070,93
1070,34
1070,4
1070,101
1070,138
1070,-58
1070,-45
1070,62
1070,137
1070,68
1070,-51
1070,10
1070,135
1070,99
1070,81
1070,124
1071,90
1071,47
1071,120
1071,114
1071,137
1071,-8
1071,-71
1071,-65
1071,26
1071,127
1071,40
1071,-16
1071,-74
1071,-42
1071,-5
1071,77
1071,133
1071,-31
1071,-57
1071,-40
1072,-51
1072,18
1072,27
1072,-86
1072,-11
1072,-26
1072,86
1072,92
1072,-90
1072,28
1072,14
1072,-65
1072,10
1072,-85
1072,45
1072,47
1072,122
1072,129
1072,94
1072,43
1073,-60
1073,28
1073,154
1073,43
1073,135
1073,-13
1073,72
1073,26
1073,-116
1073,24
1073,52
1073,-27
1073,-135
1073,161
1073,-30
1073,-97
1073,15
1073,-71
1073,-64
1073,53
961,10
961,-105
961,-56
961,49
961,111
961,24
961,-77
961,-16
961,-600
961,35
961,-75
961,-25
961,3
961,171
961,132
961,3
961,100
961,-93
961,52
961,-46
1074,-9
1074,-51
1074,-40
1074,-22
1074,-50
1074,-11
1074,-29
1074,74
1074,-110
1074,99
1074,-73
1074,-26
1074,51
1074,46
1074,-33
1074,-10
1074,63
1074,5
1074,-125
1074,-76
1076,49
1076,-33
1076,-130
1076,32
1076,170
1076,163
1076,0
1076,-18
1076,-69
1076,45
1076,57
1076,120
1076,-95
1076,12
1076,60
1076,-113
1076,-36
1076,-80
1076,-18
1076,156
1077,4
1077,-62
1077,30
1077,128
1077,89
1077,-253
1077,-34
1077,16
1077,86
1077,-44
1077,-29
1077,-115
1077,66
1077,-63
1077,-18
1077,-4
1077,-87
1077,62
1077,6
1077,-66
1078,-18
1078,93
1078,-7
1078,40
1078,20
1078,139
1078,-101
1078,3
1078,52
1078,-39
1078,115
1078,29
1078,30
1078,41
1078,-27
1078,47
1078,-25
1078,-70
1078,98
1078,-31
1079,22
1079,108
1079,-80
1079,168
1079,-21
1079,71
1079,71
1079,112
1079,-89
1079,21
1079,47
1079,149
1079,-19
1079,76
1079,34
1079,185
1079,123
1079,80
1079,70
1079,148
1080,3
1080,-28
1080,-14
1080,-64
1080,199
1080,33
1080,23
1080,-26
1080,39
1080,76
1080,6
1080,-17
1080,-11
1080,103
1080,-186
1080,72
1080,-27
1080,138
1080,38
1080,-10
1081,-1
1081,93
1081,76
1081,2
1081,35
1081,79
1081,10
1081,36
1081,-66
1081,56
1081,-56
1081,-14
1081,121
1081,-35
1081,3
1081,-103
1081,54
1081,50
1081,-59
1081,94
1082,150
1082,-6
1082,-8
1082,127
1082,29
1082,-57
1082,-22
1082,-106
1082,-78
1082,-72
1082,-30
1082,36
1082,47
1082,43
1082,-9
1082,-49
1082,87
1082,21
1082,-28
1082,8
1083,118
1083,172
1083,34
1083,36
1083,-4
1083,129
1083,23
1083,113
1083,195
1083,47
1083,97
1083,115
1083,41
1083,70
1083,14
1083,-6
1083,75
1083,32
1083,-69
1083,84
1084,30
1084,25
1084,-52
1084,30
1084,-99
1084,136
1084,79
1084,47
1084,5
1084,-22
1084,-30
1084,-196
1084,184
1084,22
1084,-23
1084,-85
1084,-41
1084,199
1084,36
1084,-23
962,-60
962,-98
962,-36
962,-2
962,-53
962,42
962,104
962,-85
962,-46
962,28
962,-628
962,-23
962,30
962,94
962,-775
962,25
962,-598
962,-681
962,-445
962,9
1085,131
1085,-62
1085,146
1085,-43
1085,75
1085,-49
1085,35
1085,-48
1085,-72
1085,24
1085,86
1085,-42
1085,82
1085,2
1085,11
1085,-27
1085,79
1085,39
1085,-26
1085,-80
1086,22
1086,27
1086,126
1086,-115
1086,7
1086,146
1086,49
1086,23
1086,179
1086,89
1086,-38
1086,91
1086,-41
1086,64
1086,11
1086,-90
1086,93
1086,-41
1086,28
1086,-48
1087,99
1087,86
1087,36
1087,-95
1087,49
1087,-2
1087,112
1087,36
1087,-7
1087,83
1087,15
1087,137
1087,-71
1087,89
1087,163
1087,30
1087,-20
1087,52
1087,79
1087,74
1088,-13
1088,-22
1088,41
1088,-35
1088,195
1088,4
1088,51
1088,-150
1088,-139
1088,27
1088,46
1088,61
1088,112
1088,94
1088,6
1088,-17
1088,-31
1088,102
1088,-12
1088,62
1089,138
1089,-2
1089,-1
1089,70
1089,73
1089,1
1089,76
1089,-149
1089,3
1089,146
1089,-112
1089,-84
1089,147
1089,8
1089,108
1089,64
1089,62
1089,71
1089,47
1089,43
1090,132
1090,21
1090,25
1090,41
1090,-109
1090,-62
1090,93
1090,-50
1090,66
1090,4
1090,-9
1090,150
1090,-78
1090,-110
1090,-74
1090,37
1090,38
1090,118
1090,70
1090,153
1091,85
1091,20
1091,42
1091,4
1091,55
1091,27
1091,-22
1091,-68
1091,7
1091,-9
1091,162
1091,90
1091,-46
1091,-100
1091,-36
1091,-36
1091,68
1091,-156
1091,204
1091,-5
1092,91
1092,132
1092,67
1092,-61
1092,85
1092,-50
1092,285
1092,80
1092,-25
1092,-66
1092,-34
1092,95
1092,72
1092,-12
1092,70
1092,122
1092,143
1092,-100
1092,140
1092,118
1093,26
1093,21
1093,-107
1093,63
1093,172
1093,-76
1093,-2
1093,76
1093,-57
1093,25
1093,106
1093,-40
1093,23
1093,-126
1093,-32
1093,-18
1093,60
1093,30
1093,-35
1093,-112
1094,70
1094,102
1094,89
1094,6
1094,34
1094,-146
1094,-36
1094,-44
1094,32
1094,24
1094,170
1094,-9
1094,83
1094,-63
1094,-149
1094,67
1094,-52
1094,96
1094,200
1094,85
963,45
963,134
963,-597
963,104
963,-619
963,-49
963,-669
963,-634
963,42
963,-595
963,89
963,1
963,33
963,-41
963,11
963,84
963,-57
963,-601
963,-358
963,16
1095,-3
1095,72
1095,-16
1095,132
1095,-61
1095,10
1095,-10
1095,50
1095,75
1095,41
1095,-52
1095,-28
1095,-157
1095,56
1095,42
1095,-39
1095,76
1095,168
1095,125
1095,-2
1096,125
1096,-16
1096,47
1096,-9
1096,160
1096,-27
1096,-22
1096,-27
1096,95
1096,-58
1096,-153
1096,17
1096,-29
1096,89
1096,6
1096,24
1096,75
1096,40
1096,121
1096,55
1097,47
1097,80
1097,-73
1097,-12
1097,-6
1097,90
1097,43
1097,24
1097,-61
1097,-66
1097,212
1097,67
1097,72
1097,-24
1097,51
1097,3
1097,-3
1097,115
1097,-79
1097,35
1098,-46
1098,63
1098,113
1098,80
1098,12
1098,9
1098,72
1098,-31
1098,98
1098,85
1098,22
1098,121
1098,128
1098,-40
1098,86
1098,31
1098,-6
1098,112
1098,135
1098,-78
1099,44
1099,76
1099,69
1099,158
1099,138
1099,-97
1099,57
1099,28
1099,87
1099,74
1099,23
1099,127
1099,68
1099,123
1099,46
1099,188
1099,20
1099,5
1099,31
1099,-84
1101,29
1101,48
1101,-54
1101,-59
1101,77
1101,-10
1101,99
1101,-65
1101,-14
1101,78
1101,23
1101,38
1101,-37
1101,1
1101,112
1101,72
1101,1
1101,-94
1101,1
1101,8
1102,166
1102,-85
1102,156
1102,87
1102,-55
1102,-48
1102,-45
1102,-171
1102,25
1102,118
1102,-46
1102,91
1102,-77
1102,79
1102,-18
1102,40
1102,-71
1102,5
1102,57
1102,25
1103,-88
1103,-53
1103,-53
1103,155
1103,86
1103,-111
1103,5
1103,151
1103,-109
1103,-86
1103,-6
1103,43
1103,154
1103,-62
1103,-9
1103,-44
1103,27
1103,-103
1103,-36
1103,-60
1104,91
1104,57
1104,-2
1104,85
1104,-61
1104,-10
1104,90
1104,80
1104,112
1104,89
1104,139
1104,140
1104,103
1104,114
1104,-8
1104,-33
1104,-105
1104,7
1104,93
1104,2
1105,-248
1105,0
1105,67
1105,119
1105,-11
1105,31
1105,23
1105,66
1105,-132
1105,50
1105,64
1105,-7
1105,44
1105,50
1105,132
1105,137
1105,105
1105,37
1105,-24
1105,58
964,-590
964,-15
964,113
964,-90
964,105
964,205
964,32
964,-189
964,211
964,-650
964,4
964,-25
964,-546
964,13
964,113
964,70
964,100
964,101
964,186
964,60
1106,-64
1106,97
1106,52
1106,64
1106,2
1106,26
1106,-43
1106,-71
1106,64
1106,-55
1106,71
1106,95
1106,140
1106,-103
1106,64
1106,52
1106,124
1106,-1
1106,-86
1106,-36
1107,96
1107,18
1107,-27
1107,92
1107,44
1107,68
1107,-64
1107,-5
1107,164
1107,34
1107,49
1107,67
1107,48
1107,153
1107,58
1107,-76
1107,-26
1107,54
1107,17
1107,66
1108,47
1108,182
1108,40
1108,88
1108,75
1108,8
1108,120
1108,45
1108,-27
1108,97
1108,-16
1108,-9
1108,-113
1108,9
1108,74
1108,24
1108,-7
1108,113
1108,111
1108,28
1109,91
1109,25
1109,155
1109,-77
1109,-19
1109,82
1109,55
1109,101
1109,119
1109,71
1109,59
1109,-29
1109,-70
1109,-79
1109,-53
1109,16
1109,40
1109,126
1109,-1
1109,164
1110,32
1110,206
1110,-56
1110,-124
1110,21
1110,38
1110,30
1110,-107
1110,73
1110,-40
1110,-24
1110,105
1110,126
1110,26
1110,0
1110,-106
1110,4
1110,42
1110,-71
1110,20
1111,24
1111,149
1111,159
1111,45
1111,40
1111,10
1111,88
1111,-12
1111,103
1111,0
1111,24
1111,26
1111,-33
1111,197
1111,-47
1111,52
1111,-176
1111,1
1111,-146
1111,9
1112,32
1112,127
1112,20
1112,52
1112,9
1112,-35
1112,-11
1112,101
1112,53
1112,-16
1112,-24
1112,65
1112,0
1112,-3
1112,72
1112,175
1112,227
1112,-19
1112,61
1112,23
1113,169
1113,38
1113,135
1113,31
1113,-58
1113,-51
1113,24
1113,-9
1113,-9
1113,-89
1113,-58
1113,3
1113,-217
1113,-27
1113,-83
1113,37
1113,60
1113,70
1113,-63
1113,-3
1114,-82
1114,85
1114,-87
1114,138
1114,-21
1114,-70
1114,232
1114,39
1114,-42
1114,-93
1114,267
1114,-105
1114,-57
1114,33
1114,205
1114,-92
1114,105
1114,173
1114,51
1114,80
1115,-36
1115,-22
1115,25
1115,-7
1115,-113
1115,102
1115,-69
1115,-22
1115,-138
1115,79
1115,-144
1115,-28
1115,-56
1115,-19
1115,-110
1115,-30
1115,-25
1115,52
1115,-14
1115,-10
965,-41
965,-45
965,68
965,63
965,91
965,-671
965,97
965,-12
965,-643
965,114
965,-131
965,79
965,-669
965,-613
965,44
965,107
965,110
965,62
965,26
965,131
1116,24
1116,14
1116,58
1116,25
1116,-46
1116,-77
1116,-9
1116,78
1116,113
1116,-88
1116,81
1116,121
1116,125
1116,-35
1116,150
1116,-60
1116,32
1116,-37
1116,-33
1116,8
1117,-20
1117,37
1117,21
1117,127
1117,-2
1117,77
1117,114
1117,166
1117,21
1117,21
1117,59
1117,-4
1117,73
1117,-2
1117,-15
1117,-59
1117,114
1117,99
1117,86
1117,-86
1118,134
1118,-5
1118,133
1118,156
1118,2
1118,13
1118,30
1118,-19
1118,-7
1118,3
1118,-103
1118,-51
1118,-29
1118,178
1118,-21
1118,85
1118,44
1118,94
1118,90
1118,29
1119,-18
1119,-13
1119,86
1119,-2
1119,-4
1119,-38
1119,41
1119,-19
1119,59
1119,-107
1119,97
1119,-10
1119,30
1119,-26
1119,11
1119,32
1119,35
1119,-32
1119,-86
1119,47
1120,177
1120,129
1120,-41
1120,116
1120,9
1120,112
1120,89
1120,-62
1120,-3
1120,24
1120,17
1120,106
1120,40
1120,81
1120,12
1120,-50
1120,43
1120,94
1120,-31
1120,-13
1121,2
1121,87
1121,15
1121,103
1121,-94
1121,-9
1121,111
1121,47
1121,43
1121,86
1121,129
1121,15
1121,47
1121,-100
1121,90
1121,-133
1121,-114
1121,-38
1121,86
1121,-56
1122,13
1122,-101
1122,-74
1122,43
1122,152
1122,148
1122,-49
1122,81
1122,-89
1122,80
1122,-87
1122,16
1122,55
1122,-37
1122,185
1122,67
1122,-133
1122,115
1122,-67
1122,106
1123,74
1123,-85
1123,59
1123,-28
1123,-17
1123,-33
1123,-4
1123,-16
1123,74
1123,13
1123,1
1123,74
1123,-33
1123,27
1123,37
1123,47
1123,51
1123,-44
1123,66
1123,70
1124,65
1124,66
1124,15
1124,154
1124,28
1124,112
1124,-52
1124,167
1124,-68
1124,121
1124,5
1124,12
1124,-56
1124,42
1124,277
1124,-64
1124,-81
1124,57
1124,-19
1124,28
1125,-45
1125,-30
1125,23
1125,95
1125,9
1125,80
1125,33
1125,214
1125,-23
1125,-42
1125,-2
1125,114
1125,17
1125,153
1125,3
1125,99
1125,37
1125,-63
1125,39
1125,-128
966,-12
966,-3
966,107
966,-99
966,49
966,73
966,-53
966,29
966,55
966,-29
966,-30
966,-20
966,56
966,69
966,-14
966,-194
966,-555
966,-72
966,-682
966,-660
1126,-16
1126,-3
1126,179
1126,1
1126,10
1126,131
1126,216
1126,15
1126,87
1126,-111
1126,55
1126,112
1126,55
1126,75
1126,83
1126,92
1126,17
1126,-32
1126,-77
1126,-104
1127,10
1127,46
1127,3
1127,84
1127,82
1127,-134
1127,-11
1127,-76
1127,-102
1127,136
1127,94
1127,54
1127,18
1127,-20
1127,-35
1127,71
1127,-36
1127,13
1127,-142
1127,94
1128,-54
1128,119
1128,-1
1128,-93
1128,-81
1128,-53
1128,-8
1128,104
1128,-25
1128,-106
1128,-71
1128,-141
1128,138
1128,35
1128,-74
1128,-53
1128,-20
1128,-44
1128,148
1128,-39
1129,54
1129,54
1129,-46
1129,2
1129,86
1129,-41
1129,-52
1129,52
1129,24
1129,75
1129,265
1129,66
1129,6
1129,177
1129,118
1129,-13
1129,15
1129,67
1129,-8
1129,70
1130,61
1130,46
1130,125
1130,16
1130,-84
1130,-72
1130,70
1130,46
1130,-57
1130,42
1130,76
1130,113
1130,81
1130,140
1130,-22
1130,-1
1130,22
1130,218
1130,18
1130,-28
1131,30
1131,-31
1131,28
1131,69
1131,123
1131,77
1131,43
1131,17
1131,40
1131,-35
1131,-33
1131,134
1131,119
1131,-38
1131,93
1131,-115
1131,10
1131,19
1131,-36
1131,1
1132,203
1132,-16
1132,97
1132,39
1132,-87
1132,35
1132,-33
1132,-5
1132,93
1132,113
1132,100
1132,17
1132,-181
1132,-92
1132,2
1132,-84
1132,9
1132,67
1132,-47
1132,56
1133,19
1133,212
1133,24
1133,186
1133,108
1133,77
1133,-80
1133,26
1133,-49
1133,46
1133,110
1133,24
1133,143
1133,3
1133,32
1133,121
1133,42
1133,16
1133,107
1133,-13
1134,1
1134,84
1134,36
1134,152
1134,-7
1134,35
1134,-63
1134,-37
1134,119
1134,-101
1134,71
1134,47
1134,-76
1134,61
1134,-46
1134,-144
1134,-58
1134,-5
1134,24
1134,-94
1135,-53
1135,7
1135,-51
1135,54
1135,-68
1135,166
1135,140
1135,210
1135,35
1135,44
1135,-36
1135,38
1135,-24
1135,31
1135,86
1135,163
1135,-41
1135,3
1135,28
1135,10
967,101
967,-627
967,-599
967,-1
967,25
967,9
967,10
967,-119
967,-673
967,89
967,77
967,-70
967,-54
967,62
967,-64
967,-692
967,95
967,-64
967,118
967,-45
1136,-130
1136,5
1136,148
1136,85
1136,21
1136,-4
1136,28
1136,-53
1136,65
1136,86
1136,-56
1136,-10
1136,-62
1136,79
1136,-195
1136,73
1136,-67
1136,19
1136,-24
1136,75
1137,-82
1137,43
1137,30
1137,84
1137,88
1137,10
1137,0
1137,50
1137,56
1137,52
1137,64
1137,-23
1137,-22
1137,-4
1137,40
1137,-45
1137,-56
1137,-27
1137,36
1137,50
1138,25
1138,-114
1138,-77
1138,-11
1138,211
1138,37
1138,52
1138,-2
1138,118
1138,-128
1138,31
1138,52
1138,-142
1138,124
1138,-26
1138,170
1138,169
1138,113
1138,78
1138,69
1139,46
1139,211
1139,7
1139,-10
1139,81
1139,199
1139,74
1139,83
1139,10
1139,61
1139,7
1139,109
1139,-68
1139,-67
1139,-8
1139,15
1139,-93
1139,-27
1139,50
1139,-60
1140,-59
1140,171
1140,-52
1140,27
1140,23
1140,-98
1140,14
1140,96
1140,64
1140,0
1140,-70
1140,131
1140,43
1140,104
1140,53
1140,122
1140,-46
1140,62
1140,5
1140,166
1141,72
1141,115
1141,131
1141,162
1141,121
1141,-157
1141,43
1141,14
1141,256
1141,112
1141,-22
1141,82
1141,43
1141,-87
1141,66
1141,141
1141,60
1141,-68
1141,183
1141,3
1142,-58
1142,53
1142,-119
1142,0
1142,74
1142,-4
1142,276
1142,68
1142,-105
1142,159
1142,-16
1142,33
1142,-45
1142,-71
1142,113
1142,90
1142,35
1142,181
1142,-97
1142,-25
1143,-72
1143,20
1143,-84
1143,-23
1143,52
1143,-119
1143,-82
1143,44
1143,-30
1143,98
1143,64
1143,59
1143,245
1143,-122
1143,-74
1143,103
1143,-68
1143,6
1143,88
1143,-22
1144,140
1144,45
1144,118
1144,71
1144,46
1144,-15
1144,27
1144,-7
1144,56
1144,3
1144,-58
1144,-72
1144,-35
1144,112
1144,-47
1144,-84
1144,107
1144,97
1144,-7
1144,58
1145,-39
1145,-58
1145,133
1145,-58
1145,12
1145,22
1145,-20
1145,82
1145,123
1145,-84
1145,-76
1145,-107
1145,162
1145,29
1145,-6
1145,67
1145,12
1145,-32
1145,-98
1145,-69
968,-6
968,16
968,-16
968,-655
968,-616
968,43
968,-24
968,-102
968,-10
968,144
968,-521
968,39
968,-113
968,-142
968,3
968,65
968,-93
968,-61
968,-16
968,-21
1146,234
1146,5
1146,-47
1146,91
1146,-59
1146,44
1146,155
1146,-33
1146,178
1146,181
1146,-33
1146,-83
1146,82
1146,-47
1146,172
1146,78
1146,42
1146,68
1146,45
1146,120
1147,-33
1147,104
1147,-3
1147,96
1147,85
1147,128
1147,-30
1147,-58
1147,138
1147,17
1147,-66
1147,136
1147,154
1147,124
1147,173
1147,116
1147,-79
1147,-94
1147,-29
1147,77
1148,-45
1148,40
1148,86
1148,70
1148,114
1148,36
1148,101
1148,76
1148,52
1148,-32
1148,-29
1148,-15
1148,11
1148,-39
1148,-43
1148,-63
1148,22
1148,26
1148,-42
1148,5
1149,-83
1149,96
1149,133
1149,40
1149,-166
1149,75
1149,30
1149,-128
1149,-157
1149,86
1149,-35
1149,118
1149,-103
1149,-102
1149,86
1149,31
1149,58
1149,-69
1149,50
1149,37
969,72
969,5
969,-602
969,58
969,33
969,-97
969,46
969,-699
969,-600
969,-80
969,-41
969,177
969,-762
969,-145
969,80
969,-19
969,-5
969,5
969,54
969,143
951,-665
951,-666
951,-13
951,68
951,-46
951,117
951,-3
951,-618
951,64
951,54
951,51
951,-5
951,107
951,130
951,-57
951,-20
951,-10
951,34
951,26
951,-577
970,-4
970,-90
970,-83
970,-576
970,163
970,24
970,-579
970,5
970,-77
970,-708
970,4
970,102
970,-4
970,47
970,7
970,-666
970,-211
970,-656
970,70
970,2
971,133
971,-515
971,72
971,-39
971,-668
971,-539
971,-43
971,-28
971,-417
971,83
971,-130
971,-28
971,7
971,8
971,-70
971,-83
971,-1
971,-10
971,-1
971,-136
972,4
972,18
972,29
972,-654
972,128
972,36
972,106
972,39
972,16
972,-10
972,40
972,-47
972,146
972,96
972,-33
972,-42
972,1
972,-618
972,5
972,-688
973,113
973,-23
973,-728
973,-597
973,-7
973,125
973,-704
973,-569
973,-574
973,72
973,43
973,96
973,-21
973,-92
973,-30
973,41
973,-669
973,-584
973,43
973,-54
974,-648
974,127
974,-83
974,123
974,21
974,-570
974,27
974,38
974,22
974,-647
974,44
974,-577
974,71
974,-10
974,23
974,110
974,60
974,-650
974,-679
974,105
976,102
976,68
976,-48
976,-706
976,55
976,-30
976,-28
976,-649
976,-73
976,-24
976,-60
976,-45
976,79
976,-620
976,-622
976,21
976,142
976,-101
976,17
976,-2
977,-613
977,-532
977,18
977,-97
977,39
977,68
977,-5
977,11
977,47
977,-700
977,-86
977,-660
977,43
977,-684
977,160
977,70
977,70
977,11
977,-706
977,31
978,143
978,-13
978,38
978,68
978,-92
978,-682
978,-589
978,34
978,96
978,-45
978,76
978,5
978,-682
978,-105
978,-35
978,-692
978,32
978,-559
978,8
978,-592
979,35
979,120
979,-581
979,-56
979,-42
979,2
979,31
979,-648
979,115
979,107
979,83
979,93
979,-37
979,-16
979,-648
979,119
979,-615
979,-64
979,24
979,52
980,-37
980,-36
980,44
980,-615
980,-59
980,-570
980,246
980,29
980,-556
980,18
980,63
980,-692
980,-2
980,-649
980,55
980,-1
980,127
980,-17
980,3
980,24
952,-86
952,-636
952,96
952,-600
952,109
952,-739
952,-626
952,18
952,-661
952,28
952,-592
952,67
952,-679
952,73
952,-84
952,149
952,138
952,167
952,-40
952,-70
981,-781
981,-10
981,118
981,-4
981,-759
981,-14
981,67
981,-694
981,-586
981,57
981,-656
981,-32
981,56
981,55
981,63
981,-153
981,-32
981,-30
981,-47
981,-651
982,50
982,-639
982,-133
982,-640
982,194
982,-68
982,-19
982,-749
982,30
982,-654
982,33
982,-55
982,173
982,153
982,-628
982,-717
982,-44
982,64
982,-677
982,121
983,-685
983,-783
983,-707
983,88
983,-93
983,-29
983,-741
983,-646
983,18
983,21
983,8
983,-663
983,20
983,-648
983,54
983,-43
983,-45
983,-521
983,-711
983,91
984,-674
984,63
984,1
984,-3
984,-4
984,-641
984,63
984,-35
984,156
984,-117
984,-50
984,-619
984,-654
984,-696
984,-72
984,-77
984,8
984,60
984,-651
984,11
985,-61
985,1
985,-103
985,-9
985,96
985,101
985,76
985,118
985,38
985,9
985,-612
985,-582
985,-627
985,-692
985,185
985,30
985,112
985,-18
985,-56
985,-126
986,36
986,52
986,-44
986,17
986,-636
986,146
986,1
986,26
986,118
986,-609
986,-87
986,-37
986,-640
986,211
986,65
986,-603
986,36
986,-18
986,-94
986,-607
987,-709
987,-65
987,-654
987,-128
987,-71
987,-23
987,95
987,39
987,58
987,74
987,17
987,39
987,-577
987,-27
987,-679
987,-608
987,-2
987,-15
987,-731
987,173
988,15
988,101
988,108
988,28
988,93
988,89
988,-664
988,85
988,137
988,92
988,135
988,-76
988,-40
988,13
988,72
988,-546
988,40
988,-142
988,148
988,84
989,70
989,-659
989,75
989,3
989,-609
989,-32
989,-658
989,-178
989,69
989,-616
989,-608
989,-87
989,-34
989,54
989,-78
989,-691
989,-566
989,-668
989,-41
989,101
990,-94
990,-68
990,124
990,-47
990,-8
990,67
990,-584
990,46
990,-46
990,-588
990,-38
990,39
990,44
990,-9
990,90
990,-2
990,11
990,-15
990,-6
990,-626
953,-90
953,-52
953,25
953,-633
953,39
953,48
953,-20
953,-48
953,2
953,70
953,49
953,-104
953,-47
953,-597
953,31
953,-711
953,-697
953,28
953,-3
953,-24
991,164
991,68
991,171
991,114
991,94
991,52
991,-642
991,32
991,47
991,64
991,-615
991,-125
991,2
991,-697
991,-582
991,-662
991,-661
991,-659
991,-125
991,-79
992,40
992,45
992,-3
992,22
992,-30
992,-138
992,159
992,79
992,101
992,-154
992,-24
992,-45
992,-28
992,-662
992,80
992,-46
992,-34
992,-33
992,290
992,-599
993,73
993,151
993,-661
993,51
993,108
993,125
993,-699
993,14
993,82
993,55
993,-78
993,22
993,31
993,-68
993,-96
993,-119
993,-593
993,86
993,-630
993,-653
994,-108
994,-68
994,151
994,-91
994,16
994,84
994,-738
994,8
994,-82
994,88
994,24
994,20
994,60
994,35
994,-540
994,53
994,130
994,-37
994,-645
994,70
995,-79
995,125
995,-631
995,9
995,95
995,-681
995,-40
995,158
995,-637
995,-646
995,62
995,-670
995,33
995,-69
995,-32
995,72
995,-636
995,18
995,-606
995,-157
996,-116
996,-677
996,125
996,-612
996,38
996,-631
996,-591
996,-34
996,-53
996,-78
996,100
996,0
996,93
996,-674
996,-629
996,18
996,-18
996,88
996,60
996,-41
997,-18
997,-536
997,-628
997,-114
997,133
997,-662
997,-519
997,75
997,-19
997,-713
997,-70
997,61
997,15
997,10
997,36
997,-128
997,120
997,-538
997,-647
997,7
998,-649
998,78
998,173
998,-153
998,-63
998,-36
998,40
998,86
998,-136
998,81
998,-710
998,-70
998,145
998,7
998,-21
998,39
998,-618
998,-688
998,116
998,-648
999,-590
999,-705
999,-644
999,-647
999,14
999,206
999,-689
999,-583
999,41
999,-31
999,-612
999,-607
999,-16
999,33
999,-616
999,111
999,-663
999,-677
999,-128
999,12
1001,44
1001,-647
1001,3
1001,78
1001,-592
1001,55
1001,-86
1001,-648
1001,64
1001,78
1001,-78
1001,73
1001,-621
1001,35
1001,15
1001,107
1001,167
1001,-563
1001,0
1001,26
954,-565
954,-22
954,-84
954,7
954,-604
954,-9
954,-54
954,-10
954,-705
954,-26
954,-637
954,-682
954,-63
954,-61
954,4
954,-161
954,-187
954,-652
954,-67
954,-48
1002,-43
1002,-601
1002,-634
1002,-26
1002,-654
1002,22
1002,25
1002,-13
1002,-714
1002,145
1002,-50
1002,-568
1002,-692
1002,-622
1002,150
1002,-72
1002,-8
1002,-607
1002,41
1002,26
1003,44
1003,-706
1003,-136
1003,-105
1003,-686
1003,-71
1003,-627
1003,-1
1003,42
1003,-645
1003,15
1003,127
1003,-690
1003,-612
1003,117
1003,-674
1003,-48
1003,-616
1003,-2
1003,-21
1004,-81
1004,80
1004,-549
1004,-645
1004,-58
1004,-133
1004,166
1004,128
1004,141
1004,192
1004,57
1004,-83
1004,181
1004,-26
1004,-17
1004,39
1004,19
1004,16
1004,35
1004,-693
1005,110
1005,-40
1005,109
1005,111
1005,82
1005,-658
1005,-716
1005,47
1005,88
1005,-613
1005,-17
1005,-763
1005,20
1005,55
1005,5
1005,118
1005,17
1005,76
1005,-619
1005,-722
1006,-546
1006,109
1006,-616
1006,-624
1006,-125
1006,73
1006,112
1006,-27
1006,-641
1006,25
1006,67
1006,-593
1006,40
1006,-12
1006,-660
1006,-682
1006,-605
1006,48
1006,169
1006,38
1007,8
1007,90
1007,-46
1007,-86
1007,4
1007,-46
1007,-33
1007,-633
1007,-47
1007,-628
1007,41
1007,-2
1007,-717
1007,28
1007,-35
1007,-655
1007,41
1007,10
1007,-97
1007,52
1008,175
1008,-175
1008,65
1008,-672
1008,77
1008,-21
1008,41
1008,7
1008,149
1008,-567
1008,9
1008,9
1008,-13
1008,22
1008,13
1008,-47
1008,-42
1008,65
1008,-663
1008,42
1009,-47
1009,92
1009,-30
1009,74
1009,-597
1009,57
1009,-624
1009,83
1009,-49
1009,-40
1009,-691
1009,-588
1009,91
1009,53
1009,-646
1009,-674
1009,-13
1009,-602
1009,10
1009,-45
1010,165
1010,-771
1010,186
1010,-562
1010,-17
1010,-617
1010,-187
1010,9
1010,51
1010,-1
1010,-46
1010,16
1010,-30
1010,100
1010,6
1010,143
1010,-8
1010,124
1010,-60
1010,-8
1011,-584
1011,127
1011,85
1011,48
1011,102
1011,8
1011,0
1011,153
1011,35
1011,-39
1011,68
1011,31
1011,-51
1011,-669
1011,-564
1011,16
1011,-12
1011,-556
1011,67
1011,53
955,-36
955,-642
955,-608
955,-81
955,-608
955,-14
955,-647
955,-122
955,46
955,-99
955,-66
955,-49
955,51
955,-550
955,-688
955,19
955,77
955,55
955,58
955,16
1012,-78
1012,-623
1012,119
1012,-600
1012,167
1012,73
1012,-40
1012,51
1012,57
1012,108
1012,123
1012,145
1012,151
1012,71
1012,-639
1012,5
1012,-49
1012,195
1012,-42
1012,8
1013,-624
1013,27
1013,134
1013,15
1013,-145
1013,123
1013,115
1013,-12
1013,90
1013,-629
1013,-88
1013,-42
1013,-649
1013,30
1013,-671
1013,-55
1013,158
1013,-608
1013,-563
1013,10
1014,-624
1014,-43
1014,85
1014,-663
1014,-1
1014,22
1014,16
1014,-736
1014,-71
1014,-94
1014,85
1014,-711
1014,16
1014,-33
1014,-646
1014,-669
1014,85
1014,4
1014,-677
1014,-18
1015,-13
1015,47
1015,94
1015,-40
1015,-127
1015,-642
1015,-88
1015,55
1015,-29
1015,39
1015,24
1015,31
1015,7
1015,-674
1015,62
1015,102
1015,-627
1015,-11
1015,-487
1015,-41
1016,-77
1016,-20
1016,110
1016,72
1016,-47
1016,107
1016,-98
1016,144
1016,130
1016,-61
1016,-659
1016,-582
1016,-115
1016,-50
1016,73
1016,-50
1016,-658
1016,41
1016,128
1016,59
1017,-18
1017,109
1017,8
1017,-680
1017,-24
1017,-699
1017,0
1017,-132
1017,-651
1017,12
1017,68
1017,-3
1017,82
1017,-736
1017,84
1017,92
1017,-13
1017,130
1017,47
1017,-42
1018,-643
1018,-41
1018,-102
1018,-42
1018,-17
1018,-543
1018,64
1018,12
1018,-113
1018,69
1018,-559
1018,-20
1018,-21
1018,41
1018,-590
1018,-609
1018,-480
1018,-488
1018,57
1018,-178
1019,116
1019,67
1019,-56
1019,-639
1019,167
1019,-570
1019,-11
1019,69
1019,101
1019,102
1019,81
1019,91
1019,-649
1019,-627
1019,-102
1019,-98
1019,112
1019,52
1019,90
1019,-14
1020,-121
1020,-103
1020,136
1020,26
1020,-624
1020,-622
1020,-64
1020,-605
1020,34
1020,-1
1020,-496
1020,-717
1020,-658
1020,-683
1020,-57
1020,137
1020,54
1020,-16
1020,17
1020,-674
1021,-628
1021,62
1021,69
1021,-118
1021,153
1021,51
1021,-10
1021,-50
1021,142
1021,-599
1021,-57
1021,86
1021,-34
1021,-690
1021,-29
1021,119
1021,26
1021,29
1021,-580
1021,-13
956,-50
956,88
956,-664
956,-619
956,50
956,-40
956,-529
956,25
956,53
956,10
956,-594
956,-40
956,-716
956,0
956,110
956,-730
956,17
956,35
956,-680
956,131
1022,64
1022,57
1022,129
1022,-34
1022,88
1022,138
1022,61
1022,63
1022,-40
1022,146
1022,175
1022,-656
1022,-137
1022,42
1022,152
1022,-105
1022,75
1022,162
1022,-67
1022,81
1023,42
1023,-577
1023,14
1023,-651
1023,18
1023,74
1023,97
1023,105
1023,-9
1023,23
1023,-68
1023,-650
1023,39
1023,-55
1023,41
1023,37
1023,74
1023,-624
1023,125
1023,-712
1024,-683
1024,-31
1024,-23
1024,-26
1024,-726
1024,-637
1024,62
1024,146
1024,-99
1024,124
1024,-67
1024,7
1024,20
1024,-43
1024,-733
1024,-8
1024,100
1024,-652
1024,92
1024,-679
1026,-93
1026,-21
1026,-127
1026,-155
1026,16
1026,-43
1026,59
1026,-94
1026,16
1026,-18
1026,280
1026,-97
1026,-13
1026,12
1026,186
1026,47
1026,97
1026,-22
1026,71
1026,-118
1027,16
1027,80
1027,32
1027,74
1027,9
1027,-6
1027,65
1027,104
1027,-54
1027,134
1027,170
1027,-61
1027,76
1027,84
1027,98
1027,-49
1027,127
1027,9
1027,44
1027,-76
1028,3
1028,-6
1028,103
1028,-13
1028,244
1028,-55
1028,-41
1028,-34
1028,79
1028,68
1028,2
1028,6
1028,-92
1028,73
1028,78
1028,-13
1028,52
1028,63
1028,56
1028,8
1029,35
1029,-62
1029,120
1029,2
1029,52
1029,102
1029,15
1029,-22
1029,5
1029,-120
1029,35
1029,45
1029,67
1029,-78
1029,-71
1029,-175
1029,138
1029,-10
1029,-27
1029,120
1030,64
1030,74
1030,102
1030,-70
1030,116
1030,-142
1030,64
1030,5
1030,56
1030,55
1030,205
1030,73
1030,-77
1030,35
1030,-47
1030,31
1030,26
1030,68
1030,83
1030,17
1031,111
1031,-85
1031,-45
1031,-27
1031,27
1031,86
1031,12
1031,99
1031,207
1031,39
1031,244
1031,-28
1031,-50
1031,74
1031,-77
1031,78
1031,138
1031,104
1031,4
1031,-76
1032,-25
1032,135
1032,-60
1032,-82
1032,83
1032,-38
1032,-73
1032,63
1032,85
1032,50
1032,-60
1032,-60
1032,71
1032,17
1032,30
1032,172
1032,72
1032,90
1032,-116
1032,-17
957,29
957,-12
957,93
957,50
957,-65
957,-646
957,-146
957,-483
957,100
957,-682
957,-14
957,-372
957,103
957,-46
957,92
957,-717
957,-75
957,45
957,-33
957,0
1033,-23
1033,33
1033,-49
1033,117
1033,-103
1033,56
1033,0
1033,103
1033,-42
1033,-45
1033,-10
1033,27
1033,-48
1033,-8
1033,103
1033,-113
1033,-20
1033,64
1033,-75
1033,-84
1034,124
1034,75
1034,-71
1034,-27
1034,20
1034,-1
1034,127
1034,48
1034,65
1034,60
1034,42
1034,-73
1034,56
1034,-46
1034,63
1034,20
1034,77
1034,66
1034,5
1034,4
1035,0
1035,188
1035,0
1035,78
1035,56
1035,95
1035,58
1035,12
1035,132
1035,-20
1035,78
1035,2
1035,-96
1035,28
1035,18
1035,84
1035,-106
1035,-161
1035,-216
1035,94
1036,-28
1036,100
1036,56
1036,49
1036,106
1036,-92
1036,22
1036,40
1036,-139
1036,42
1036,-66
1036,-113
1036,180
1036,-15
1036,68
1036,44
1036,-89
1036,113
1036,-25
1036,-5
1037,10
1037,91
1037,12
1037,169
1037,84
1037,-121
1037,-65
1037,51
1037,54
1037,-30
1037,47
1037,17
1037,-91
1037,100
1037,13
1037,32
1037,-65
1037,-54
1037,119
1037,87
1038,-129
1038,163
1038,-71
1038,-37
1038,-32
1038,-21
1038,15
1038,35
1038,84
1038,-11
1038,13
1038,41
1038,13
1038,127
1038,-16
1038,-61
1038,-33
1038,-15
1038,135
1038,-84
1039,127
1039,136
1039,1
1039,146
1039,91
1039,-124
1039,-69
1039,12
1039,30
1039,31
1039,8
1039,-153
1039,21
1039,71
1039,61
1039,110
1039,-44
1039,36
1039,176
1039,161
1040,-29
1040,-23
1040,-127
1040,-14
1040,-118
1040,-54
1040,117
1040,-94
1040,3
1040,-72
1040,-21
1040,57
1040,-93
1040,-31
1040,-138
1040,-44
1040,-13
1040,8
1040,-18
1040,21
1041,64
1041,-169
1041,34
1041,124
1041,51
1041,-72
1041,81
1041,-52
1041,-23
1041,26
1041,-10
1041,33
1041,-39
1041,22
1041,89
1041,15
1041,18
1041,25
1041,151
1041,-63
1042,-26
1042,74
1042,-7
1042,-2
1042,94
1042,125
1042,41
1042,26
1042,35
1042,198
1042,7
1042,70
1042,-4
1042,-58
1042,54
1042,-81
1042,221
1042,78
1042,-77
1042,-84
958,30
958,-635
958,-620
958,70
958,-598
958,9
958,-68
958,118
958,-721
958,180
958,52
958,65
958,-82
958,-53
958,-747
958,-92
958,-24
958,-10
958,-509
958,-39
1043,76
1043,108
1043,-60
1043,73
1043,106
1043,89
1043,-22
1043,35
1043,46
1043,-35
1043,-26
1043,78
1043,84
1043,-54
1043,41
1043,72
1043,96
1043,16
1043,-172
1043,-10
1044,235
1044,166
1044,44
1044,13
1044,53
1044,121
1044,-94
1044,97
1044,-40
1044,85
1044,-17
1044,-62
1044,62
1044,37
1044,86
1044,71
1044,-18
1044,107
1044,-50
1044,-27
1045,-87
1045,1
1045,-29
1045,64
1045,-58
1045,-56
1045,24
1045,-138
1045,11
1045,126
1045,98
1045,21
1045,-167
1045,-93
1045,22
1045,175
1045,-24
1045,-108
1045,-63
1045,19
1046,-21
1046,-58
1046,-48
1046,114
1046,132
1046,-192
1046,-2
1046,-156
1046,138
1046,-74
1046,105
1046,67
1046,49
1046,-10
1046,-264
1046,-98
1046,88
1046,-38
1046,43
1046,-135
1047,62
1047,-61
1047,-98
1047,-24
1047,20
1047,35
1047,16
1047,76
1047,56
1047,-18
1047,-6
1047,3
1047,-8
1047,93
1047,41
1047,-61
1047,174
1047,114
1047,28
1047,48
1048,124
1048,125
1048,40
1048,-15
1048,5
1048,-33
1048,-50
1048,42
1048,13
1048,40
1048,42
1048,-15
1048,40
1048,-37
1048,68
1048,-31
1048,-45
1048,76
1048,100
1048,109
1049,-109
1049,154
1049,-61
1049,24
1049,13
1049,-41
1049,-58
1049,-108
1049,12
1049,-27
1049,12
1049,-160
1049,44
1049,90
1049,36
1049,-113
1049,-12
1049,-83
1049,34
1049,-42
1051,-2
1051,-109
1051,137
1051,14
1051,20
1051,63
1051,169
1051,102
1051,39
1051,-118
1051,-105
1051,49
1051,25
1051,-123
1051,6
1051,-69
1051,-1
1051,66
1051,60
1051,-18
1052,24
1052,-36
1052,-9
1052,-18
1052,-31
1052,81
1052,-63
1052,-2
1052,138
1052,-58
1052,2
1052,98
1052,-41
1052,-11
1052,112
1052,-49
1052,30
1052,-132
1052,-74
1052,63
1053,188
1053,81
1053,-39
1053,42
1053,35
1053,23
1053,-184
1053,-7
1053,-12
1053,34
1053,-124
1053,68
1053,-116
1053,71
1053,-14
1053,11
1053,37
1053,10
1053,15
1053,4
959,-629
959,23
959,-661
959,-618
959,-636
959,-52
959,-602
959,236
959,-651
959,99
959,56
959,67
959,66
959,-5
959,-630
959,49
959,-723
959,49
959,-8
959,-25