a,replicate,gen,num_dd, num_dwt, d_fitness
0.06,0,0,1492,0,1611.36
0.06,0,1,1310,605,1668.9
0.06,0,2,1135,902,1604.64
0.06,0,3,948,1075,1475.34
0.06,0,4,918,1071,1441.26
0.06,0,5,840,1128,1380.96
0.06,0,6,772,1329,1391.94
0.06,0,7,796,1238,1379.64
0.06,0,8,772,1268,1366.32
0.06,0,9,730,1303,1335.66
0.06,0,10,668,1349,1288.02
0.06,0,11,687,1465,1357.26
0.06,0,12,730,1503,1419.66
0.06,0,13,724,1522,1421.16
0.06,0,14,612,1466,1276.68
0.06,0,15,585,1419,1227.78
0.06,0,16,547,1381,1170.78
0.06,0,17,507,1432,1149.0
0.06,0,18,522,1409,1155.54
0.06,0,19,503,1417,1138.38
0.06,0,20,473,1437,1114.38
0.06,0,21,437,1333,1031.82
0.06,0,22,362,1343,955.02
0.06,0,23,312,1349,903.54
0.06,0,24,294,1294,861.0
0.06,0,25,281,1264,834.36
0.06,0,26,275,1289,838.38
0.06,0,27,213,1248,754.2
0.06,0,28,227,1157,731.1
0.06,0,29,196,1055,654.78
0.06,0,30,129,1071,589.14
0.06,0,31,138,940,543.84
0.06,0,32,102,867,474.3
0.06,0,33,64,833,418.98
0.06,0,34,51,740,365.88
0.06,0,35,51,644,325.56
0.06,0,36,35,558,272.16
0.06,0,37,29,489,236.7
0.06,0,38,16,422,194.52
0.06,0,39,16,353,165.54
0.06,0,40,10,316,143.52
0.06,0,41,9,297,134.46
0.06,0,42,5,264,116.28
0.06,0,43,7,210,95.76
0.06,0,44,2,168,72.72
0.06,0,45,4,135,61.02
0.06,0,46,1,91,39.3
0.06,0,47,0,79,33.18
0.06,0,48,0,81,34.02
0.06,0,49,3,64,30.12
0.06,0,50,0,51,21.42
0.06,0,51,0,26,10.92
0.06,0,52,0,22,9.24
0.06,0,53,0,15,6.3
0.06,0,54,0,3,1.26
0.06,0,55,0,1,0.42
0.06,0,56,0,0,0.0
0.06,1,0,1582,0,1708.56
0.06,1,1,1256,638,1624.44
0.06,1,2,1139,847,1585.86
0.06,1,3,1081,989,1582.86
0.06,1,4,1071,1207,1663.62
0.06,1,5,1010,1264,1621.68
0.06,1,6,1087,1356,1743.48
0.06,1,7,1077,1372,1739.4
0.06,1,8,990,1382,1649.64
0.06,1,9,1056,1488,1765.44
0.06,1,10,1027,1602,1782.0
0.06,1,11,996,1647,1767.42
0.06,1,12,1013,1682,1800.48
0.06,1,13,1081,1667,1867.62
0.06,1,14,1090,1689,1886.58
0.06,1,15,1103,1624,1873.32
0.06,1,16,1096,1700,1897.68
0.06,1,17,1114,1813,1964.58
0.06,1,18,1143,1704,1950.12
0.06,1,19,1103,1764,1932.12
0.06,1,20,1161,1728,1979.64
0.06,1,21,1192,1746,2020.68
0.06,1,22,1211,1788,2058.84
0.06,1,23,1243,1899,2140.02
0.06,1,24,1216,1930,2123.88
0.06,1,25,1161,1943,2069.94
0.06,1,26,1244,1860,2124.72
0.06,1,27,1270,1766,2113.32
0.06,1,28,1243,1855,2121.54
0.06,1,29,1324,1860,2211.12
0.06,1,30,1412,1815,2287.26
0.06,1,31,1358,1820,2231.04
0.06,1,32,1468,1968,2412.0
0.06,1,33,1444,1830,2328.12
0.06,1,34,1587,1749,2448.54
0.06,1,35,1655,1811,2548.02
0.06,1,36,1620,1690,2459.4
0.06,1,37,1861,1674,2712.96
0.06,1,38,1856,1785,2754.18
0.06,1,39,1873,1799,2778.42
0.06,1,40,1852,1803,2757.42
0.06,1,41,1906,1856,2838.0
0.06,1,42,2047,1937,3024.3
0.06,1,43,2167,1949,3158.94
0.06,1,44,2163,1849,3112.62
0.06,1,45,2185,1789,3111.18
0.06,1,46,2276,1811,3218.7
0.06,1,47,2314,1753,3235.38
0.06,1,48,2360,1745,3281.7
0.06,1,49,2342,1797,3284.1
0.06,1,50,2431,1802,3382.32
0.06,1,51,2496,1733,3423.54
0.06,1,52,2675,1735,3617.7
0.06,1,53,2672,1795,3639.66
0.06,1,54,2798,1883,3812.7
0.06,1,55,2693,1924,3716.52
0.06,1,56,2725,1840,3715.8
0.06,1,57,2912,1820,3909.36
0.06,1,58,3077,1955,4144.26
0.06,1,59,2974,1865,3995.22
0.06,1,60,3209,1890,4259.52
0.06,1,61,3267,1909,4330.14
0.06,1,62,3397,1775,4414.26
0.06,1,63,3443,1920,4524.84
0.06,1,64,3485,1904,4563.48
0.06,1,65,3414,1736,4416.24
0.06,1,66,3546,1749,4564.26
0.06,1,67,3725,1777,4769.34
0.06,1,68,3886,1837,4968.42
0.06,1,69,4012,1735,5061.66
0.06,1,70,4064,1723,5112.78
0.06,1,71,4181,1693,5226.54
0.06,1,72,4144,1734,5203.8
0.06,1,73,4074,1739,5130.3
0.06,1,74,4326,1685,5379.78
0.06,1,75,4227,1799,5320.74
0.06,1,76,4319,1769,5407.5
0.06,1,77,4376,1776,5472.0
0.06,1,78,4358,1812,5467.68
0.06,1,79,4490,1796,5603.52
0.06,1,80,4619,1807,5747.46
0.06,1,81,4578,1758,5682.6
0.06,1,82,4625,1739,5725.38
0.06,1,83,4688,1878,5851.8
0.06,1,84,4803,1767,5929.38
0.06,1,85,4885,1859,6056.58
0.06,1,86,5132,1793,6295.62
0.06,1,87,5055,1753,6195.66
0.06,1,88,4879,1696,5981.64
0.06,1,89,5119,1692,6239.16
0.06,1,90,5194,1707,6326.46
0.06,1,91,5206,1748,6356.64
0.06,1,92,5411,1770,6587.28
0.06,1,93,5438,1832,6642.48
0.06,1,94,5494,1722,6656.76
0.06,1,95,5610,1690,6768.6
0.06,1,96,5740,1659,6895.98
0.06,1,97,5937,1713,7131.42
0.06,1,98,5891,1745,7095.18
0.06,1,99,5825,1789,7042.38
0.06,1,100,6015,1693,7207.26
0.06,2,0,1554,0,1678.32
0.06,2,1,1385,593,1744.86
0.06,2,2,1230,900,1706.4
0.06,2,3,1128,1049,1658.82
0.06,2,4,1043,1175,1619.94
0.06,2,5,1076,1205,1668.18
0.06,2,6,1041,1202,1629.12
0.06,2,7,980,1262,1588.44
0.06,2,8,950,1350,1593.0
0.06,2,9,968,1363,1617.9
0.06,2,10,979,1470,1674.72
0.06,2,11,946,1449,1630.26
0.06,2,12,911,1482,1606.32
0.06,2,13,917,1369,1565.34
0.06,2,14,928,1491,1628.46
0.06,2,15,956,1526,1673.4
0.06,2,16,874,1450,1552.92
0.06,2,17,935,1454,1620.48
0.06,2,18,896,1523,1607.34
0.06,2,19,894,1533,1609.38
0.06,2,20,875,1604,1618.68
0.06,2,21,887,1618,1637.52
0.06,2,22,884,1681,1660.74
0.06,2,23,914,1704,1702.8
0.06,2,24,900,1627,1655.34
0.06,2,25,979,1674,1760.4
0.06,2,26,956,1716,1753.2
0.06,2,27,996,1700,1789.68
0.06,2,28,988,1601,1739.46
0.06,2,29,955,1561,1687.02
0.06,2,30,860,1648,1620.96
0.06,2,31,925,1687,1707.54
0.06,2,32,922,1720,1718.16
0.06,2,33,949,1732,1752.36
0.06,2,34,948,1750,1758.84
0.06,2,35,932,1720,1728.96
0.06,2,36,980,1642,1748.04
0.06,2,37,958,1669,1735.62
0.06,2,38,866,1714,1655.16
0.06,2,39,887,1648,1650.12
0.06,2,40,869,1640,1627.32
0.06,2,41,907,1646,1670.88
0.06,2,42,854,1658,1618.68
0.06,2,43,854,1716,1643.04
0.06,2,44,819,1680,1590.12
0.06,2,45,896,1610,1643.88
0.06,2,46,871,1679,1645.86
0.06,2,47,907,1631,1664.58
0.06,2,48,849,1747,1650.66
0.06,2,49,910,1747,1716.54
0.06,2,50,947,1726,1747.68
0.06,2,51,887,1636,1645.08
0.06,2,52,833,1626,1582.56
0.06,2,53,867,1615,1614.66
0.06,2,54,845,1638,1600.56
0.06,2,55,828,1709,1612.02
0.06,2,56,781,1630,1528.08
0.06,2,57,784,1591,1514.94
0.06,2,58,809,1637,1561.26
0.06,2,59,834,1684,1608.0
0.06,2,60,793,1692,1567.08
0.06,2,61,798,1733,1589.7
0.06,2,62,750,1719,1531.98
0.06,2,63,696,1570,1411.08
0.06,2,64,647,1561,1354.38
0.06,2,65,658,1510,1344.84
0.06,2,66,676,1484,1353.36
0.06,2,67,626,1485,1299.78
0.06,2,68,667,1548,1370.52
0.06,2,69,642,1591,1361.58
0.06,2,70,656,1666,1408.2
0.06,2,71,608,1682,1363.08
0.06,2,72,566,1585,1276.98
0.06,2,73,540,1525,1223.7
0.06,2,74,512,1423,1150.62
0.06,2,75,486,1510,1159.08
0.06,2,76,505,1575,1206.9
0.06,2,77,476,1563,1170.54
0.06,2,78,400,1545,1080.9
0.06,2,79,416,1458,1061.64
0.06,2,80,360,1479,1009.98
0.06,2,81,317,1493,969.42
0.06,2,82,296,1303,866.94
0.06,2,83,250,1388,852.96
0.06,2,84,201,1204,722.76
0.06,2,85,171,1049,625.26
0.06,2,86,159,1054,614.4
0.06,2,87,133,980,555.24
0.06,2,88,124,931,524.94
0.06,2,89,87,920,480.36
0.06,2,90,75,856,440.52
0.06,2,91,68,772,397.68
0.06,2,92,53,743,369.3
0.06,2,93,30,638,300.36
0.06,2,94,26,593,277.14
0.06,2,95,17,583,263.22
0.06,2,96,26,514,243.96
0.06,2,97,28,404,199.92
0.06,2,98,19,387,183.06
0.06,2,99,8,333,148.5
0.06,2,100,9,303,136.98
0.06,3,0,1462,0,1578.96
0.06,3,1,1192,666,1567.08
0.06,3,2,1015,882,1466.64
0.06,3,3,945,1110,1486.8
0.06,3,4,937,1162,1500.0
0.06,3,5,795,1267,1390.74
0.06,3,6,729,1214,1297.2
0.06,3,7,728,1362,1358.28
0.06,3,8,724,1343,1345.98
0.06,3,9,691,1364,1319.16
0.06,3,10,712,1386,1351.08
0.06,3,11,624,1410,1266.12
0.06,3,12,631,1372,1257.72
0.06,3,13,603,1442,1256.88
0.06,3,14,607,1341,1218.78
0.06,3,15,561,1386,1188.0
0.06,3,16,522,1319,1117.74
0.06,3,17,477,1390,1098.96
0.06,3,18,497,1428,1136.52
0.06,3,19,441,1476,1096.2
0.06,3,20,409,1404,1031.4
0.06,3,21,419,1364,1025.4
0.06,3,22,343,1274,905.52
0.06,3,23,310,1302,881.64
0.06,3,24,306,1291,872.7
0.06,3,25,260,1245,803.7
0.06,3,26,215,1206,738.72
0.06,3,27,230,1187,746.94
0.06,3,28,191,1068,654.84
0.06,3,29,176,933,581.94
0.06,3,30,134,894,520.2
0.06,3,31,118,850,484.44
0.06,3,32,83,856,449.16
0.06,3,33,71,748,390.84
0.06,3,34,56,644,330.96
0.06,3,35,53,620,317.64
0.06,3,36,27,554,261.84
0.06,3,37,28,497,238.98
0.06,3,38,21,417,197.82
0.06,3,39,26,369,183.06
0.06,3,40,4,362,156.36
0.06,3,41,11,333,151.74
0.06,3,42,5,285,125.1
0.06,3,43,1,260,110.28
0.06,3,44,8,221,101.46
0.06,3,45,4,202,89.16
0.06,3,46,6,171,78.3
0.06,3,47,0,142,59.64
0.06,3,48,0,123,51.66
0.06,3,49,0,81,34.02
0.06,3,50,0,68,28.56
0.06,3,51,0,53,22.26
0.06,3,52,1,53,23.34
0.06,3,53,0,52,21.84
0.06,3,54,0,43,18.06
0.06,3,55,1,37,16.62
0.06,3,56,0,22,9.24
0.06,3,57,0,18,7.56
0.06,3,58,0,9,3.78
0.06,3,59,0,7,2.94
0.06,3,60,0,11,4.62
0.06,3,61,0,9,3.78
0.06,3,62,0,8,3.36
0.06,3,63,0,14,5.88
0.06,3,64,0,12,5.04
0.06,3,65,0,11,4.62
0.06,3,66,0,13,5.46
0.06,3,67,0,12,5.04
0.06,3,68,0,5,2.1
0.06,3,69,0,2,0.84
0.06,3,70,0,1,0.42
0.06,3,71,0,1,0.42
0.06,3,72,0,0,0.0
0.06,4,0,1570,0,1695.6
0.06,4,1,1259,687,1648.26
0.06,4,2,1147,914,1622.64
0.06,4,3,1032,994,1532.04
0.06,4,4,1013,1124,1566.12
0.06,4,5,1029,1199,1614.9
0.06,4,6,860,1270,1462.2
0.06,4,7,850,1293,1461.06
0.06,4,8,790,1351,1420.62
0.06,4,9,802,1393,1451.22
0.06,4,10,749,1437,1412.46
0.06,4,11,706,1369,1337.46
0.06,4,12,698,1377,1332.18
0.06,4,13,656,1426,1307.4
0.06,4,14,661,1374,1290.96
0.06,4,15,602,1452,1260.0
0.06,4,16,575,1473,1239.66
0.06,4,17,530,1532,1215.84
0.06,4,18,484,1435,1125.42
0.06,4,19,422,1472,1074.0
0.06,4,20,413,1340,1008.84
0.06,4,21,369,1354,967.2
0.06,4,22,428,1325,1018.74
0.06,4,23,391,1337,983.82
0.06,4,24,414,1333,1006.98
0.06,4,25,365,1280,931.8
0.06,4,26,301,1395,910.98
0.06,4,27,280,1299,847.98
0.06,4,28,278,1289,841.62
0.06,4,29,246,1220,778.08
0.06,4,30,232,1196,752.88
0.06,4,31,175,1154,673.68
0.06,4,32,162,1023,604.62
0.06,4,33,126,954,536.76
0.06,4,34,101,963,513.54
0.06,4,35,87,955,495.06
0.06,4,36,82,841,441.78
0.06,4,37,51,774,380.16
0.06,4,38,39,694,333.6
0.06,4,39,26,631,293.1
0.06,4,40,30,514,248.28
0.06,4,41,21,455,213.78
0.06,4,42,7,397,174.3
0.06,4,43,5,348,151.56
0.06,4,44,10,309,140.58
0.06,4,45,3,270,116.64
0.06,4,46,2,224,96.24
0.06,4,47,2,194,83.64
0.06,4,48,4,171,76.14
0.06,4,49,0,160,67.2
0.06,4,50,1,156,66.6
0.06,4,51,0,124,52.08
0.06,4,52,0,110,46.2
0.06,4,53,0,100,42.0
0.06,4,54,0,87,36.54
0.06,4,55,0,71,29.82
0.06,4,56,0,56,23.52
0.06,4,57,0,52,21.84
0.06,4,58,0,38,15.96
0.06,4,59,0,37,15.54
0.06,4,60,0,53,22.26
0.06,4,61,0,36,15.12
0.06,4,62,0,35,14.7
0.06,4,63,0,27,11.34
0.06,4,64,0,19,7.98
0.06,4,65,0,30,12.6
0.06,4,66,0,23,9.66
0.06,4,67,0,21,8.82
0.06,4,68,0,31,13.02
0.06,4,69,0,24,10.08
0.06,4,70,0,16,6.72
0.06,4,71,0,10,4.2
0.06,4,72,0,6,2.52
0.06,4,73,0,6,2.52
0.06,4,74,0,9,3.78
0.06,4,75,0,3,1.26
0.06,4,76,0,3,1.26
0.06,4,77,0,2,0.84
0.06,4,78,0,4,1.68
0.06,4,79,0,5,2.1
0.06,4,80,0,6,2.52
0.06,4,81,0,7,2.94
0.06,4,82,0,2,0.84
0.06,4,83,0,0,0.0
0.06,5,0,1448,0,1563.84
0.06,5,1,1131,697,1514.22
0.06,5,2,1062,843,1501.02
0.06,5,3,958,1038,1470.6
0.06,5,4,938,1102,1475.88
0.06,5,5,830,1167,1386.54
0.06,5,6,807,1222,1384.8
0.06,5,7,762,1355,1392.06
0.06,5,8,749,1466,1424.64
0.06,5,9,690,1415,1339.5
0.06,5,10,697,1343,1316.82
0.06,5,11,658,1412,1303.68
0.06,5,12,652,1408,1295.52
0.06,5,13,667,1479,1341.54
0.06,5,14,669,1440,1327.32
0.06,5,15,688,1410,1335.24
0.06,5,16,645,1518,1334.16
0.06,5,17,616,1449,1273.86
0.06,5,18,635,1366,1259.52
0.06,5,19,576,1421,1218.9
0.06,5,20,561,1437,1209.42
0.06,5,21,485,1324,1079.88
0.06,5,22,494,1350,1100.52
0.06,5,23,449,1359,1055.7
0.06,5,24,388,1394,1004.52
0.06,5,25,419,1367,1026.66
0.06,5,26,359,1280,925.32
0.06,5,27,295,1241,839.82
0.06,5,28,291,1215,824.58
0.06,5,29,257,1159,764.34
0.06,5,30,236,1121,725.7
0.06,5,31,205,1159,708.18
0.06,5,32,177,1029,623.34
0.06,5,33,159,960,574.92
0.06,5,34,97,983,517.62
0.06,5,35,108,897,493.38
0.06,5,36,86,885,464.58
0.06,5,37,54,807,397.26
0.06,5,38,59,732,371.16
0.06,5,39,42,735,354.06
0.06,5,40,29,648,303.48
0.06,5,41,33,602,288.48
0.06,5,42,30,562,268.44
0.06,5,43,20,490,227.4
0.06,5,44,11,395,177.78
0.06,5,45,15,330,154.8
0.06,5,46,9,310,139.92
0.06,5,47,4,248,108.48
0.06,5,48,1,232,98.52
0.06,5,49,2,192,82.8
0.06,5,50,0,144,60.48
0.06,5,51,1,121,51.9
0.06,5,52,0,99,41.58
0.06,5,53,0,89,37.38
0.06,5,54,0,75,31.5
0.06,5,55,0,48,20.16
0.06,5,56,0,37,15.54
0.06,5,57,0,27,11.34
0.06,5,58,0,20,8.4
0.06,5,59,0,17,7.14
0.06,5,60,0,11,4.62
0.06,5,61,0,5,2.1
0.06,5,62,0,1,0.42
0.06,5,63,0,2,0.84
0.06,5,64,0,1,0.42
0.06,5,65,0,0,0.0
0.06,6,0,1547,0,1670.76
0.06,6,1,1307,614,1669.44
0.06,6,2,1094,932,1572.96
0.06,6,3,1010,1095,1550.7
0.06,6,4,1000,1165,1569.3
0.06,6,5,989,1250,1593.12
0.06,6,6,986,1283,1603.74
0.06,6,7,967,1399,1631.94
0.06,6,8,926,1434,1602.36
0.06,6,9,940,1449,1623.78
0.06,6,10,953,1600,1701.24
0.06,6,11,939,1457,1626.06
0.06,6,12,923,1578,1659.6
0.06,6,13,864,1579,1596.3
0.06,6,14,897,1608,1644.12
0.06,6,15,934,1692,1719.36
0.06,6,16,868,1547,1587.18
0.06,6,17,866,1547,1585.02
0.06,6,18,806,1714,1590.36
0.06,6,19,805,1621,1550.22
0.06,6,20,743,1581,1466.46
0.06,6,21,743,1566,1460.16
0.06,6,22,702,1575,1419.66
0.06,6,23,686,1530,1383.48
0.06,6,24,662,1479,1336.14
0.06,6,25,623,1511,1307.46
0.06,6,26,590,1546,1286.52
0.06,6,27,605,1564,1310.28
0.06,6,28,627,1500,1307.16
0.06,6,29,642,1497,1322.1
0.06,6,30,598,1495,1273.74
0.06,6,31,560,1576,1266.72
0.06,6,32,508,1505,1180.74
0.06,6,33,491,1455,1141.38
0.06,6,34,424,1426,1056.84
0.06,6,35,393,1455,1035.54
0.06,6,36,389,1441,1025.34
0.06,6,37,373,1428,1002.6
0.06,6,38,361,1445,996.78
0.06,6,39,380,1355,979.5
0.06,6,40,330,1365,929.7
0.06,6,41,297,1325,877.26
0.06,6,42,233,1319,805.62
0.06,6,43,200,1191,716.22
0.06,6,44,174,1113,655.38
0.06,6,45,153,1048,605.4
0.06,6,46,119,1013,553.98
0.06,6,47,71,891,450.9
0.06,6,48,73,817,421.98
0.06,6,49,55,727,364.74
0.06,6,50,48,642,321.48
0.06,6,51,24,624,288.0
0.06,6,52,29,542,258.96
0.06,6,53,20,460,214.8
0.06,6,54,17,433,200.22
0.06,6,55,4,397,171.06
0.06,6,56,6,329,144.66
0.06,6,57,6,298,131.64
0.06,6,58,3,279,120.42
0.06,6,59,7,278,124.32
0.06,6,60,4,264,115.2
0.06,6,61,2,272,116.4
0.06,6,62,0,225,94.5
0.06,6,63,0,175,73.5
0.06,6,64,1,131,56.1
0.06,6,65,0,123,51.66
0.06,6,66,3,94,42.72
0.06,6,67,0,84,35.28
0.06,6,68,0,74,31.08
0.06,6,69,1,59,25.86
0.06,6,70,0,37,15.54
0.06,6,71,0,31,13.02
0.06,6,72,0,27,11.34
0.06,6,73,0,23,9.66
0.06,6,74,0,20,8.4
0.06,6,75,0,26,10.92
0.06,6,76,0,13,5.46
0.06,6,77,0,7,2.94
0.06,6,78,0,6,2.52
0.06,6,79,0,5,2.1
0.06,6,80,0,1,0.42
0.06,6,81,0,0,0.0
0.06,7,0,1496,0,1615.68
0.06,7,1,1155,617,1506.54
0.06,7,2,1024,908,1487.28
0.06,7,3,1021,1024,1532.76
0.06,7,4,908,1054,1423.32
0.06,7,5,858,1160,1413.84
0.06,7,6,825,1250,1416.0
0.06,7,7,868,1296,1481.76
0.06,7,8,853,1354,1489.92
0.06,7,9,819,1376,1462.44
0.06,7,10,799,1420,1459.32
0.06,7,11,777,1444,1445.64
0.06,7,12,818,1501,1513.86
0.06,7,13,781,1516,1480.2
0.06,7,14,677,1550,1382.16
0.06,7,15,767,1588,1495.32
0.06,7,16,699,1530,1397.52
0.06,7,17,727,1529,1427.34
0.06,7,18,671,1597,1395.42
0.06,7,19,731,1590,1457.28
0.06,7,20,682,1570,1395.96
0.06,7,21,648,1581,1363.86
0.06,7,22,621,1542,1318.32
0.06,7,23,589,1550,1287.12
0.06,7,24,541,1487,1208.82
0.06,7,25,494,1593,1202.58
0.06,7,26,506,1499,1176.06
0.06,7,27,458,1503,1125.9
0.06,7,28,400,1410,1024.2
0.06,7,29,353,1458,993.6
0.06,7,30,326,1353,920.34
0.06,7,31,287,1325,866.46
0.06,7,32,276,1255,825.18
0.06,7,33,229,1233,765.18
0.06,7,34,227,1099,706.74
0.06,7,35,192,1053,649.62
0.06,7,36,126,1031,569.1
0.06,7,37,99,935,499.62
0.06,7,38,98,829,454.02
0.06,7,39,83,799,425.22
0.06,7,40,72,711,376.38
0.06,7,41,46,732,357.12
0.06,7,42,52,591,304.38
0.06,7,43,20,505,233.7
0.06,7,44,15,451,205.62
0.06,7,45,15,420,192.6
0.06,7,46,17,347,164.1
0.06,7,47,19,296,144.84
0.06,7,48,4,275,119.82
0.06,7,49,11,250,116.88
0.06,7,50,2,197,84.9
0.06,7,51,7,159,74.34
0.06,7,52,1,174,74.16
0.06,7,53,1,144,61.56
0.06,7,54,0,113,47.46
0.06,7,55,0,114,47.88
0.06,7,56,2,102,45.0
0.06,7,57,0,101,42.42
0.06,7,58,1,76,33.0
0.06,7,59,0,56,23.52
0.06,7,60,0,50,21.0
0.06,7,61,0,28,11.76
0.06,7,62,0,26,10.92
0.06,7,63,0,14,5.88
0.06,7,64,0,7,2.94
0.06,7,65,0,3,1.26
0.06,7,66,0,2,0.84
0.06,7,67,0,2,0.84
0.06,7,68,0,2,0.84
0.06,7,69,0,4,1.68
0.06,7,70,0,1,0.42
0.06,7,71,0,3,1.26
0.06,7,72,0,1,0.42
0.06,7,73,0,0,0.0
0.06,8,0,1533,0,1655.64
0.06,8,1,1226,612,1581.12
0.06,8,2,1061,843,1499.94
0.06,8,3,989,991,1484.34
0.06,8,4,937,1014,1437.84
0.06,8,5,919,1149,1475.1
0.06,8,6,801,1284,1404.36
0.06,8,7,748,1240,1328.64
0.06,8,8,644,1329,1253.7
0.06,8,9,622,1205,1177.86
0.06,8,10,620,1258,1197.96
0.06,8,11,637,1329,1246.14
0.06,8,12,603,1473,1269.9
0.06,8,13,609,1347,1223.46
0.06,8,14,626,1351,1243.5
0.06,8,15,592,1419,1235.34
0.06,8,16,510,1404,1140.48
0.06,8,17,494,1378,1112.28
0.06,8,18,476,1488,1139.04
0.06,8,19,372,1471,1019.58
0.06,8,20,379,1348,975.48
0.06,8,21,327,1378,931.92
0.06,8,22,328,1363,926.7
0.06,8,23,250,1308,819.36
0.06,8,24,247,1301,813.18
0.06,8,25,205,1246,744.72
0.06,8,26,187,1161,689.58
0.06,8,27,125,1094,594.48
0.06,8,28,111,921,506.7
0.06,8,29,65,882,440.64
0.06,8,30,76,828,429.84
0.06,8,31,56,775,385.98
0.06,8,32,41,658,320.64
0.06,8,33,44,574,288.6
0.06,8,34,28,512,245.28
0.06,8,35,14,470,212.52
0.06,8,36,8,346,153.96
0.06,8,37,9,323,145.38
0.06,8,38,7,261,117.18
0.06,8,39,3,218,94.8
0.06,8,40,4,189,83.7
0.06,8,41,0,172,72.24
0.06,8,42,0,132,55.44
0.06,8,43,1,105,45.18
0.06,8,44,0,92,38.64
0.06,8,45,0,83,34.86
0.06,8,46,0,60,25.2
0.06,8,47,0,50,21.0
0.06,8,48,0,37,15.54
0.06,8,49,0,26,10.92
0.06,8,50,0,30,12.6
0.06,8,51,0,19,7.98
0.06,8,52,0,17,7.14
0.06,8,53,0,16,6.72
0.06,8,54,0,12,5.04
0.06,8,55,0,8,3.36
0.06,8,56,0,2,0.84
0.06,8,57,0,2,0.84
0.06,8,58,0,1,0.42
0.06,8,59,0,3,1.26
0.06,8,60,0,3,1.26
0.06,8,61,0,5,2.1
0.06,8,62,0,0,0.0
0.06,9,0,1660,0,1792.8
0.06,9,1,1329,581,1679.34
0.06,9,2,1211,798,1643.04
0.06,9,3,1170,952,1663.44
0.06,9,4,1074,1187,1658.46
0.06,9,5,1011,1180,1587.48
0.06,9,6,1001,1152,1564.92
0.06,9,7,933,1295,1551.54
0.06,9,8,929,1361,1574.94
0.06,9,9,863,1437,1535.58
0.06,9,10,827,1422,1490.4
0.06,9,11,807,1487,1496.1
0.06,9,12,771,1489,1458.06
0.06,9,13,780,1458,1454.76
0.06,9,14,683,1441,1342.86
0.06,9,15,708,1358,1335.0
0.06,9,16,646,1423,1295.34
0.06,9,17,587,1404,1223.64
0.06,9,18,631,1547,1331.22
0.06,9,19,619,1507,1301.46
0.06,9,20,605,1516,1290.12
0.06,9,21,544,1532,1230.96
0.06,9,22,512,1527,1194.3
0.06,9,23,535,1470,1195.2
0.06,9,24,458,1516,1131.36
0.06,9,25,442,1405,1067.46
0.06,9,26,407,1458,1051.92
0.06,9,27,351,1479,1000.26
0.06,9,28,380,1390,994.2
0.06,9,29,314,1251,864.54
0.06,9,30,253,1311,823.86
0.06,9,31,251,1218,782.64
0.06,9,32,162,1241,696.18
0.06,9,33,171,1153,668.94
0.06,9,34,148,1064,606.72
0.06,9,35,119,1041,565.74
0.06,9,36,110,942,514.44
0.06,9,37,63,855,427.14
0.06,9,38,59,762,383.76
0.06,9,39,58,717,363.78
0.06,9,40,49,684,340.2
0.06,9,41,40,611,299.82
0.06,9,42,53,584,302.52
0.06,9,43,35,566,275.52
0.06,9,44,25,492,233.64
0.06,9,45,9,440,194.52
0.06,9,46,8,363,161.1
0.06,9,47,5,276,121.32
0.06,9,48,1,266,112.8
0.06,9,49,4,192,84.96
0.06,9,50,3,162,71.28
0.06,9,51,0,94,39.48
0.06,9,52,0,86,36.12
0.06,9,53,1,93,40.14
0.06,9,54,0,83,34.86
0.06,9,55,1,63,27.54
0.06,9,56,2,59,26.94
0.06,9,57,0,47,19.74
0.06,9,58,0,28,11.76
0.06,9,59,0,24,10.08
0.06,9,60,0,21,8.82
0.06,9,61,0,18,7.56
0.06,9,62,0,15,6.3
0.06,9,63,0,17,7.14
0.06,9,64,0,20,8.4
0.06,9,65,0,15,6.3
0.06,9,66,0,9,3.78
0.06,9,67,0,5,2.1
0.06,9,68,0,2,0.84
0.06,9,69,0,0,0.0
0.06,10,0,1548,0,1671.84
0.06,10,1,1321,647,1698.42
0.06,10,2,1195,872,1656.84
0.06,10,3,1086,1031,1605.9
0.06,10,4,1116,1098,1666.44
0.06,10,5,1015,1150,1579.2
0.06,10,6,1001,1261,1610.7
0.06,10,7,987,1280,1603.56
0.06,10,8,1011,1353,1660.14
0.06,10,9,966,1444,1649.76
0.06,10,10,920,1388,1576.56
0.06,10,11,934,1526,1649.64
0.06,10,12,882,1617,1631.7
0.06,10,13,931,1636,1692.6
0.06,10,14,916,1634,1675.56
0.06,10,15,948,1662,1721.88
0.06,10,16,869,1657,1634.46
0.06,10,17,827,1606,1567.68
0.06,10,18,755,1582,1479.84
0.06,10,19,748,1616,1486.56
0.06,10,20,737,1562,1452.0
0.06,10,21,734,1551,1444.14
0.06,10,22,698,1474,1372.92
0.06,10,23,697,1485,1376.46
0.06,10,24,598,1474,1264.92
0.06,10,25,613,1624,1344.12
0.06,10,26,600,1512,1283.04
0.06,10,27,529,1461,1184.94
0.06,10,28,517,1401,1146.78
0.06,10,29,509,1472,1167.96
0.06,10,30,505,1517,1182.54
0.06,10,31,442,1430,1077.96
0.06,10,32,430,1451,1073.82
0.06,10,33,428,1338,1024.2
0.06,10,34,393,1352,992.28
0.06,10,35,409,1199,945.3
0.06,10,36,412,1245,967.86
0.06,10,37,366,1389,978.66
0.06,10,38,325,1334,911.28
0.06,10,39,289,1255,839.22
0.06,10,40,266,1245,810.18
0.06,10,41,248,1128,741.6
0.06,10,42,205,1102,684.24
0.06,10,43,172,1067,633.9
0.06,10,44,121,955,531.78
0.06,10,45,124,883,504.78
0.06,10,46,95,835,453.3
0.06,10,47,65,837,421.74
0.06,10,48,80,774,411.48
0.06,10,49,63,690,357.84
0.06,10,50,39,629,306.3
0.06,10,51,35,573,278.46
0.06,10,52,39,478,242.88
0.06,10,53,13,467,210.18
0.06,10,54,15,437,199.74
0.06,10,55,10,341,154.02
0.06,10,56,17,275,133.86
0.06,10,57,8,223,102.3
0.06,10,58,8,227,103.98
0.06,10,59,3,176,77.16
0.06,10,60,3,151,66.66
0.06,10,61,2,121,52.98
0.06,10,62,0,89,37.38
0.06,10,63,1,78,33.84
0.06,10,64,0,68,28.56
0.06,10,65,3,65,30.54
0.06,10,66,0,54,22.68
0.06,10,67,0,49,20.58
0.06,10,68,0,52,21.84
0.06,10,69,1,51,22.5
0.06,10,70,0,45,18.9
0.06,10,71,0,39,16.38
0.06,10,72,0,27,11.34
0.06,10,73,0,20,8.4
0.06,10,74,0,9,3.78
0.06,10,75,0,6,2.52
0.06,10,76,0,4,1.68
0.06,10,77,0,2,0.84
0.06,10,78,0,0,0.0
0.06,11,0,1569,0,1694.52
0.06,11,1,1198,592,1542.48
0.06,11,2,1038,883,1491.9
0.06,11,3,910,1006,1405.32
0.06,11,4,896,1110,1433.88
0.06,11,5,842,1153,1393.62
0.06,11,6,812,1257,1404.9
0.06,11,7,897,1240,1489.56
0.06,11,8,925,1316,1551.72
0.06,11,9,860,1351,1496.22
0.06,11,10,907,1357,1549.5
0.06,11,11,858,1385,1508.34
0.06,11,12,901,1398,1560.24
0.06,11,13,889,1466,1575.84
0.06,11,14,875,1441,1550.22
0.06,11,15,856,1482,1546.92
0.06,11,16,869,1477,1558.86
0.06,11,17,832,1415,1492.86
0.06,11,18,908,1361,1552.26
0.06,11,19,927,1448,1609.32
0.06,11,20,957,1490,1659.36
0.06,11,21,979,1509,1691.1
0.06,11,22,982,1614,1738.44
0.06,11,23,1047,1587,1797.3
0.06,11,24,1047,1573,1791.42
0.06,11,25,976,1663,1752.54
0.06,11,26,1061,1785,1895.58
0.06,11,27,1113,1735,1930.74
0.06,11,28,1115,1744,1936.68
0.06,11,29,991,1702,1785.12
0.06,11,30,1042,1743,1857.42
0.06,11,31,1006,1693,1797.54
0.06,11,32,1076,1722,1885.32
0.06,11,33,1051,1753,1871.34
0.06,11,34,1067,1670,1853.76
0.06,11,35,1049,1791,1885.14
0.06,11,36,1076,1730,1888.68
0.06,11,37,1068,1683,1860.3
0.06,11,38,1001,1657,1777.02
0.06,11,39,1035,1649,1810.38
0.06,11,40,987,1695,1777.86
0.06,11,41,994,1713,1792.98
0.06,11,42,944,1764,1760.4
0.06,11,43,1021,1780,1850.28
0.06,11,44,1005,1850,1862.4
0.06,11,45,952,1894,1823.64
0.06,11,46,958,1810,1794.84
0.06,11,47,1006,1730,1813.08
0.06,11,48,938,1819,1777.02
0.06,11,49,878,1856,1727.76
0.06,11,50,882,1693,1663.62
0.06,11,51,844,1660,1608.72
0.06,11,52,874,1701,1658.34
0.06,11,53,898,1727,1695.18
0.06,11,54,822,1644,1578.24
0.06,11,55,832,1731,1625.58
0.06,11,56,880,1670,1651.8
0.06,11,57,901,1612,1650.12
0.06,11,58,850,1698,1631.16
0.06,11,59,849,1711,1635.54
0.06,11,60,907,1609,1655.34
0.06,11,61,864,1757,1671.06
0.06,11,62,898,1848,1746.0
0.06,11,63,876,1656,1641.6
0.06,11,64,824,1760,1629.12
0.06,11,65,837,1725,1628.46
0.06,11,66,727,1822,1550.4
0.06,11,67,808,1646,1563.96
0.06,11,68,759,1665,1519.02
0.06,11,69,691,1614,1424.16
0.06,11,70,729,1587,1453.86
0.06,11,71,710,1565,1424.1
0.06,11,72,728,1555,1439.34
0.06,11,73,764,1517,1462.26
0.06,11,74,754,1546,1463.64
0.06,11,75,701,1572,1417.32
0.06,11,76,688,1583,1407.9
0.06,11,77,691,1611,1422.9
0.06,11,78,694,1571,1409.34
0.06,11,79,625,1563,1331.46
0.06,11,80,583,1527,1270.98
0.06,11,81,549,1574,1254.0
0.06,11,82,545,1494,1216.08
0.06,11,83,542,1605,1259.46
0.06,11,84,582,1601,1300.98
0.06,11,85,612,1485,1284.66
0.06,11,86,465,1470,1119.6
0.06,11,87,440,1435,1077.9
0.06,11,88,423,1397,1043.58
0.06,11,89,398,1501,1060.26
0.06,11,90,396,1470,1045.08
0.06,11,91,400,1428,1031.76
0.06,11,92,384,1468,1031.28
0.06,11,93,359,1423,985.38
0.06,11,94,359,1433,989.58
0.06,11,95,341,1463,982.74
0.06,11,96,300,1355,893.1
0.06,11,97,309,1275,869.22
0.06,11,98,266,1277,823.62
0.06,11,99,231,1202,754.32
0.06,11,100,164,1159,663.9
0.06,12,0,1509,0,1629.72
0.06,12,1,1252,553,1584.42
0.06,12,2,1105,780,1521.0
0.06,12,3,989,950,1467.12
0.06,12,4,946,1063,1468.14
0.06,12,5,919,1142,1472.16
0.06,12,6,922,1241,1516.98
0.06,12,7,911,1283,1522.74
0.06,12,8,859,1286,1467.84
0.06,12,9,774,1303,1383.18
0.06,12,10,820,1393,1470.66
0.06,12,11,828,1437,1497.78
0.06,12,12,850,1398,1505.16
0.06,12,13,793,1454,1467.12
0.06,12,14,851,1466,1534.8
0.06,12,15,796,1500,1489.68
0.06,12,16,742,1471,1419.18
0.06,12,17,678,1564,1389.12
0.06,12,18,650,1626,1384.92
0.06,12,19,666,1592,1387.92
0.06,12,20,616,1565,1322.58
0.06,12,21,569,1585,1280.22
0.06,12,22,535,1575,1239.3
0.06,12,23,515,1615,1234.5
0.06,12,24,515,1608,1231.56
0.06,12,25,513,1604,1227.72
0.06,12,26,462,1584,1164.24
0.06,12,27,470,1556,1161.12
0.06,12,28,457,1533,1137.42
0.06,12,29,366,1542,1042.92
0.06,12,30,331,1443,963.54
0.06,12,31,353,1421,978.06
0.06,12,32,322,1430,948.36
0.06,12,33,267,1402,877.2
0.06,12,34,209,1356,795.24
0.06,12,35,198,1238,733.8
0.06,12,36,170,1164,672.48
0.06,12,37,157,1073,620.22
0.06,12,38,123,1024,562.92
0.06,12,39,80,946,483.72
0.06,12,40,70,883,446.46
0.06,12,41,49,773,377.58
0.06,12,42,46,707,346.62
0.06,12,43,27,639,297.54
0.06,12,44,22,569,262.74
0.06,12,45,23,497,233.58
0.06,12,46,19,443,206.58
0.06,12,47,15,402,185.04
0.06,12,48,9,356,159.24
0.06,12,49,15,294,139.68
0.06,12,50,5,280,123.0
0.06,12,51,3,261,112.86
0.06,12,52,3,190,83.04
0.06,12,53,0,158,66.36
0.06,12,54,2,134,58.44
0.06,12,55,1,130,55.68
0.06,12,56,1,115,49.38
0.06,12,57,0,101,42.42
0.06,12,58,0,85,35.7
0.06,12,59,0,61,25.62
0.06,12,60,0,47,19.74
0.06,12,61,0,53,22.26
0.06,12,62,0,37,15.54
0.06,12,63,0,27,11.34
0.06,12,64,1,22,10.32
0.06,12,65,0,17,7.14
0.06,12,66,0,11,4.62
0.06,12,67,0,8,3.36
0.06,12,68,0,4,1.68
0.06,12,69,0,4,1.68
0.06,12,70,0,3,1.26
0.06,12,71,0,2,0.84
0.06,12,72,0,0,0.0
0.06,13,0,1519,0,1640.52
0.06,13,1,1281,621,1644.3
0.06,13,2,1142,886,1605.48
0.06,13,3,1103,1050,1632.24
0.06,13,4,1030,1129,1586.58
0.06,13,5,903,1237,1494.78
0.06,13,6,892,1281,1501.38
0.06,13,7,838,1383,1485.9
0.06,13,8,890,1399,1548.78
0.06,13,9,899,1373,1547.58
0.06,13,10,828,1445,1501.14
0.06,13,11,735,1499,1423.38
0.06,13,12,753,1456,1424.76
0.06,13,13,720,1408,1368.96
0.06,13,14,598,1450,1254.84
0.06,13,15,565,1429,1210.38
0.06,13,16,522,1425,1162.26
0.06,13,17,565,1411,1202.82
0.06,13,18,529,1368,1145.88
0.06,13,19,523,1419,1160.82
0.06,13,20,510,1426,1149.72
0.06,13,21,478,1370,1091.64
0.06,13,22,438,1344,1037.52
0.06,13,23,414,1376,1025.04
0.06,13,24,356,1319,938.46
0.06,13,25,348,1297,920.58
0.06,13,26,288,1253,837.3
0.06,13,27,257,1200,781.56
0.06,13,28,224,1149,724.5
0.06,13,29,186,1116,669.6
0.06,13,30,143,1094,613.92
0.06,13,31,186,987,615.42
0.06,13,32,154,984,579.6
0.06,13,33,137,871,513.78
0.06,13,34,108,824,462.72
0.06,13,35,69,764,395.4
0.06,13,36,52,696,348.48
0.06,13,37,49,674,336.0
0.06,13,38,29,648,303.48
0.06,13,39,34,593,285.78
0.06,13,40,23,536,249.96
0.06,13,41,10,466,206.52
0.06,13,42,9,360,160.92
0.06,13,43,7,308,136.92
0.06,13,44,8,266,120.36
0.06,13,45,2,178,76.92
0.06,13,46,4,179,79.5
0.06,13,47,1,169,72.06
0.06,13,48,0,150,63.0
0.06,13,49,1,135,57.78
0.06,13,50,0,111,46.62
0.06,13,51,0,83,34.86
0.06,13,52,0,47,19.74
0.06,13,53,0,29,12.18
0.06,13,54,0,12,5.04
0.06,13,55,0,5,2.1
0.06,13,56,0,4,1.68
0.06,13,57,0,2,0.84
0.06,13,58,0,0,0.0
0.06,14,0,1487,0,1605.96
0.06,14,1,1269,659,1647.3
0.06,14,2,1131,843,1575.54
0.06,14,3,996,995,1493.58
0.06,14,4,990,1126,1542.12
0.06,14,5,970,1151,1531.02
0.06,14,6,915,1241,1509.42
0.06,14,7,1010,1295,1634.7
0.06,14,8,982,1388,1643.52
0.06,14,9,920,1391,1577.82
0.06,14,10,939,1440,1618.92
0.06,14,11,949,1512,1659.96
0.06,14,12,953,1451,1638.66
0.06,14,13,905,1483,1600.26
0.06,14,14,941,1553,1668.54
0.06,14,15,958,1504,1666.32
0.06,14,16,966,1516,1680.0
0.06,14,17,939,1486,1638.24
0.06,14,18,935,1443,1615.86
0.06,14,19,843,1499,1540.02
0.06,14,20,856,1489,1549.86
0.06,14,21,842,1465,1524.66
0.06,14,22,801,1554,1517.76
0.06,14,23,817,1520,1520.76
0.06,14,24,858,1503,1557.9
0.06,14,25,761,1587,1488.42
0.06,14,26,749,1503,1440.18
0.06,14,27,688,1539,1389.42
0.06,14,28,698,1494,1381.32
0.06,14,29,691,1466,1362.0
0.06,14,30,622,1494,1299.24
0.06,14,31,613,1495,1289.94
0.06,14,32,574,1569,1278.9
0.06,14,33,555,1378,1178.16
0.06,14,34,565,1432,1211.64
0.06,14,35,540,1493,1210.26
0.06,14,36,513,1441,1159.26
0.06,14,37,471,1455,1119.78
0.06,14,38,440,1378,1053.96
0.06,14,39,436,1292,1013.52
0.06,14,40,389,1365,993.42
0.06,14,41,301,1381,905.1
0.06,14,42,297,1286,860.88
0.06,14,43,291,1246,837.6
0.06,14,44,232,1247,774.3
0.06,14,45,191,1191,706.5
0.06,14,46,202,1110,684.36
0.06,14,47,163,1079,629.22
0.06,14,48,181,1040,632.28
0.06,14,49,118,1048,567.6
0.06,14,50,123,998,552.0
0.06,14,51,120,957,531.54
0.06,14,52,102,897,486.9
0.06,14,53,104,791,444.54
0.06,14,54,60,747,378.54
0.06,14,55,35,693,328.86
0.06,14,56,24,594,275.4
0.06,14,57,23,564,261.72
0.06,14,58,26,500,238.08
0.06,14,59,13,471,211.86
0.06,14,60,22,380,183.36
0.06,14,61,13,357,163.98
0.06,14,62,8,276,124.56
0.06,14,63,7,203,92.82
0.06,14,64,3,184,80.52
0.06,14,65,1,171,72.9
0.06,14,66,5,144,65.88
0.06,14,67,2,126,55.08
0.06,14,68,0,84,35.28
0.06,14,69,0,74,31.08
0.06,14,70,0,58,24.36
0.06,14,71,0,51,21.42
0.06,14,72,0,33,13.86
0.06,14,73,0,37,15.54
0.06,14,74,0,24,10.08
0.06,14,75,0,18,7.56
0.06,14,76,0,15,6.3
0.06,14,77,0,18,7.56
0.06,14,78,0,11,4.62
0.06,14,79,0,5,2.1
0.06,14,80,0,4,1.68
0.06,14,81,0,3,1.26
0.06,14,82,0,3,1.26
0.06,14,83,0,5,2.1
0.06,14,84,0,5,2.1
0.06,14,85,0,4,1.68
0.06,14,86,0,2,0.84
0.06,14,87,0,1,0.42
0.06,14,88,0,0,0.0
0.06,15,0,1521,0,1642.68
0.06,15,1,1198,669,1574.82
0.06,15,2,1093,951,1579.86
0.06,15,3,1019,1008,1523.88
0.06,15,4,951,1194,1528.56
0.06,15,5,1015,1265,1627.5
0.06,15,6,920,1303,1540.86
0.06,15,7,906,1332,1537.92
0.06,15,8,855,1379,1502.58
0.06,15,9,913,1380,1565.64
0.06,15,10,874,1429,1544.1
0.06,15,11,884,1439,1559.1
0.06,15,12,865,1359,1504.98
0.06,15,13,840,1387,1489.74
0.06,15,14,815,1564,1537.08
0.06,15,15,856,1438,1528.44
0.06,15,16,879,1451,1558.74
0.06,15,17,804,1487,1492.86
0.06,15,18,802,1512,1501.2
0.06,15,19,814,1554,1531.8
0.06,15,20,831,1638,1585.44
0.06,15,21,875,1580,1608.6
0.06,15,22,757,1601,1489.98
0.06,15,23,709,1603,1438.98
0.06,15,24,727,1639,1473.54
0.06,15,25,742,1617,1480.5
0.06,15,26,762,1668,1523.52
0.06,15,27,757,1661,1515.18
0.06,15,28,728,1691,1496.46
0.06,15,29,775,1737,1566.54
0.06,15,30,724,1641,1471.14
0.06,15,31,671,1605,1398.78
0.06,15,32,591,1674,1341.36
0.06,15,33,552,1616,1274.88
0.06,15,34,480,1550,1169.4
0.06,15,35,464,1538,1147.08
0.06,15,36,437,1645,1162.86
0.06,15,37,449,1567,1143.06
0.06,15,38,445,1480,1102.2
0.06,15,39,383,1448,1021.8
0.06,15,40,355,1386,965.52
0.06,15,41,281,1351,870.9
0.06,15,42,302,1289,867.54
0.06,15,43,247,1235,785.46
0.06,15,44,222,1155,724.86
0.06,15,45,221,1086,694.8
0.06,15,46,164,1093,636.18
0.06,15,47,147,1076,610.68
0.06,15,48,122,985,545.46
0.06,15,49,103,946,508.56
0.06,15,50,78,894,459.72
0.06,15,51,46,797,384.42
0.06,15,52,35,710,336.0
0.06,15,53,19,611,277.14
0.06,15,54,18,527,240.78
0.06,15,55,26,489,233.46
0.06,15,56,15,461,209.82
0.06,15,57,6,427,185.82
0.06,15,58,10,355,159.9
0.06,15,59,6,315,138.78
0.06,15,60,8,240,109.44
0.06,15,61,3,216,93.96
0.06,15,62,1,178,75.84
0.06,15,63,2,154,66.84
0.06,15,64,0,149,62.58
0.06,15,65,2,139,60.54
0.06,15,66,0,123,51.66
0.06,15,67,2,92,40.8
0.06,15,68,0,84,35.28
0.06,15,69,0,81,34.02
0.06,15,70,0,87,36.54
0.06,15,71,0,65,27.3
0.06,15,72,0,77,32.34
0.06,15,73,0,66,27.72
0.06,15,74,0,45,18.9
0.06,15,75,0,32,13.44
0.06,15,76,0,26,10.92
0.06,15,77,0,27,11.34
0.06,15,78,0,18,7.56
0.06,15,79,0,21,8.82
0.06,15,80,0,18,7.56
0.06,15,81,0,10,4.2
0.06,15,82,0,7,2.94
0.06,15,83,0,7,2.94
0.06,15,84,0,8,3.36
0.06,15,85,0,6,2.52
0.06,15,86,0,4,1.68
0.06,15,87,0,0,0.0
0.06,16,0,1493,0,1612.44
0.06,16,1,1210,679,1591.98
0.06,16,2,1068,845,1508.34
0.06,16,3,975,977,1463.34
0.06,16,4,954,1079,1483.5
0.06,16,5,878,1259,1477.02
0.06,16,6,914,1347,1552.86
0.06,16,7,933,1294,1551.12
0.06,16,8,845,1331,1471.62
0.06,16,9,794,1339,1419.9
0.06,16,10,695,1424,1348.68
0.06,16,11,718,1426,1374.36
0.06,16,12,742,1507,1434.3
0.06,16,13,701,1512,1392.12
0.06,16,14,690,1516,1381.92
0.06,16,15,756,1584,1481.76
0.06,16,16,668,1616,1400.16
0.06,16,17,718,1580,1439.04
0.06,16,18,691,1542,1393.92
0.06,16,19,671,1581,1388.7
0.06,16,20,594,1658,1337.88
0.06,16,21,592,1610,1315.56
0.06,16,22,603,1534,1295.52
0.06,16,23,551,1605,1269.18
0.06,16,24,535,1547,1227.54
0.06,16,25,454,1551,1141.74
0.06,16,26,463,1473,1118.7
0.06,16,27,419,1454,1063.2
0.06,16,28,431,1398,1052.64
0.06,16,29,351,1403,968.34
0.06,16,30,364,1348,959.28
0.06,16,31,313,1259,866.82
0.06,16,32,250,1279,807.18
0.06,16,33,266,1111,753.9
0.06,16,34,208,1250,749.64
0.06,16,35,208,1199,728.22
0.06,16,36,207,1136,700.68
0.06,16,37,187,1114,669.84
0.06,16,38,174,1030,620.52
0.06,16,39,154,991,582.54
0.06,16,40,112,1000,540.96
0.06,16,41,97,859,465.54
0.06,16,42,68,827,420.78
0.06,16,43,54,780,385.92
0.06,16,44,50,698,347.16
0.06,16,45,35,657,313.74
0.06,16,46,20,592,270.24
0.06,16,47,23,530,247.44
0.06,16,48,13,467,210.18
0.06,16,49,12,427,192.3
0.06,16,50,14,412,188.16
0.06,16,51,20,371,177.42
0.06,16,52,13,330,152.64
0.06,16,53,7,275,123.06
0.06,16,54,7,220,99.96
0.06,16,55,2,193,83.22
0.06,16,56,3,191,83.46
0.06,16,57,2,189,81.54
0.06,16,58,2,166,71.88
0.06,16,59,1,146,62.4
0.06,16,60,1,107,46.02
0.06,16,61,1,107,46.02
0.06,16,62,0,92,38.64
0.06,16,63,0,81,34.02
0.06,16,64,0,75,31.5
0.06,16,65,0,58,24.36
0.06,16,66,0,55,23.1
0.06,16,67,0,48,20.16
0.06,16,68,0,46,19.32
0.06,16,69,0,39,16.38
0.06,16,70,0,29,12.18
0.06,16,71,0,27,11.34
0.06,16,72,0,24,10.08
0.06,16,73,0,20,8.4
0.06,16,74,0,13,5.46
0.06,16,75,0,10,4.2
0.06,16,76,0,6,2.52
0.06,16,77,0,5,2.1
0.06,16,78,0,2,0.84
0.06,16,79,0,1,0.42
0.06,16,80,0,1,0.42
0.06,16,81,0,2,0.84
0.06,16,82,0,2,0.84
0.06,16,83,0,0,0.0
0.06,17,0,1586,0,1712.88
0.06,17,1,1350,645,1728.9
0.06,17,2,1137,940,1622.76
0.06,17,3,1161,1042,1691.52
0.06,17,4,1099,1065,1634.22
0.06,17,5,1037,1193,1621.02
0.06,17,6,1040,1184,1620.48
0.06,17,7,990,1311,1619.82
0.06,17,8,940,1355,1584.3
0.06,17,9,917,1420,1586.76
0.06,17,10,952,1392,1612.8
0.06,17,11,865,1489,1559.58
0.06,17,12,821,1504,1518.36
0.06,17,13,844,1484,1534.8
0.06,17,14,824,1526,1530.84
0.06,17,15,879,1623,1630.98
0.06,17,16,854,1589,1589.7
0.06,17,17,804,1648,1560.48
0.06,17,18,831,1561,1553.1
0.06,17,19,744,1556,1457.04
0.06,17,20,741,1508,1433.64
0.06,17,21,762,1509,1456.74
0.06,17,22,749,1545,1457.82
0.06,17,23,700,1531,1399.02
0.06,17,24,743,1542,1450.08
0.06,17,25,710,1575,1428.3
0.06,17,26,614,1549,1313.7
0.06,17,27,584,1365,1204.02
0.06,17,28,548,1561,1247.46
0.06,17,29,501,1538,1187.04
0.06,17,30,471,1420,1105.08
0.06,17,31,450,1484,1109.28
0.06,17,32,421,1361,1026.3
0.06,17,33,378,1369,983.22
0.06,17,34,322,1316,900.48
0.06,17,35,322,1297,892.5
0.06,17,36,320,1260,874.8
0.06,17,37,290,1293,856.26
0.06,17,38,247,1218,778.32
0.06,17,39,189,1129,678.3
0.06,17,40,150,1098,623.16
0.06,17,41,144,965,560.82
0.06,17,42,87,908,475.32
0.06,17,43,90,877,465.54
0.06,17,44,72,872,444.0
0.06,17,45,72,819,421.74
0.06,17,46,59,705,359.82
0.06,17,47,44,621,308.34
0.06,17,48,33,574,276.72
0.06,17,49,25,504,238.68
0.06,17,50,13,488,219.0
0.06,17,51,21,416,197.4
0.06,17,52,18,365,172.74
0.06,17,53,6,374,163.56
0.06,17,54,10,358,161.16
0.06,17,55,9,281,127.74
0.06,17,56,6,236,105.6
0.06,17,57,2,188,81.12
0.06,17,58,0,149,62.58
0.06,17,59,0,119,49.98
0.06,17,60,0,106,44.52
0.06,17,61,1,116,49.8
0.06,17,62,3,91,41.46
0.06,17,63,0,89,37.38
0.06,17,64,1,64,27.96
0.06,17,65,1,56,24.6
0.06,17,66,0,57,23.94
0.06,17,67,0,50,21.0
0.06,17,68,0,52,21.84
0.06,17,69,0,64,26.88
0.06,17,70,0,43,18.06
0.06,17,71,0,42,17.64
0.06,17,72,0,19,7.98
0.06,17,73,0,12,5.04
0.06,17,74,0,6,2.52
0.06,17,75,0,6,2.52
0.06,17,76,0,5,2.1
0.06,17,77,0,7,2.94
0.06,17,78,0,8,3.36
0.06,17,79,0,10,4.2
0.06,17,80,0,6,2.52
0.06,17,81,0,5,2.1
0.06,17,82,0,2,0.84
0.06,17,83,0,0,0.0
0.06,18,0,1635,0,1765.8
0.06,18,1,1381,643,1761.54
0.06,18,2,1237,914,1719.84
0.06,18,3,1145,978,1647.36
0.06,18,4,1098,1166,1675.56
0.06,18,5,1029,1231,1628.34
0.06,18,6,1059,1377,1722.06
0.06,18,7,947,1366,1596.48
0.06,18,8,901,1447,1580.82
0.06,18,9,844,1446,1518.84
0.06,18,10,725,1509,1416.78
0.06,18,11,728,1413,1379.7
0.06,18,12,748,1493,1434.9
0.06,18,13,659,1459,1324.5
0.06,18,14,672,1459,1338.54
0.06,18,15,623,1488,1297.8
0.06,18,16,564,1527,1250.46
0.06,18,17,529,1471,1189.14
0.06,18,18,506,1546,1195.8
0.06,18,19,480,1439,1122.78
0.06,18,20,443,1388,1061.4
0.06,18,21,438,1316,1025.76
0.06,18,22,375,1405,995.1
0.06,18,23,354,1334,942.6
0.06,18,24,371,1270,934.08
0.06,18,25,285,1247,831.54
0.06,18,26,296,1328,877.44
0.06,18,27,238,1193,758.1
0.06,18,28,203,1161,706.86
0.06,18,29,165,1127,651.54
0.06,18,30,140,1120,621.6
0.06,18,31,125,1055,578.1
0.06,18,32,104,885,484.02
0.06,18,33,80,836,437.52
0.06,18,34,53,789,388.62
0.06,18,35,46,675,333.18
0.06,18,36,36,635,305.58
0.06,18,37,27,577,271.5
0.06,18,38,22,498,232.92
0.06,18,39,13,457,205.98
0.06,18,40,14,417,190.26
0.06,18,41,16,347,163.02
0.06,18,42,9,276,125.64
0.06,18,43,3,293,126.3
0.06,18,44,0,237,99.54
0.06,18,45,3,222,96.48
0.06,18,46,4,200,88.32
0.06,18,47,2,178,76.92
0.06,18,48,0,185,77.7
0.06,18,49,1,131,56.1
0.06,18,50,0,117,49.14
0.06,18,51,0,91,38.22
0.06,18,52,1,60,26.28
0.06,18,53,1,54,23.76
0.06,18,54,0,43,18.06
0.06,18,55,0,37,15.54
0.06,18,56,0,33,13.86
0.06,18,57,0,29,12.18
0.06,18,58,0,18,7.56
0.06,18,59,0,14,5.88
0.06,18,60,0,9,3.78
0.06,18,61,0,7,2.94
0.06,18,62,0,9,3.78
0.06,18,63,0,4,1.68
0.06,18,64,0,1,0.42
0.06,18,65,0,0,0.0
0.06,19,0,1517,0,1638.36
0.06,19,1,1217,708,1611.72
0.06,19,2,1174,915,1652.22
0.06,19,3,1058,1093,1601.7
0.06,19,4,1123,1115,1681.14
0.06,19,5,1024,1258,1634.28
0.06,19,6,1059,1303,1690.98
0.06,19,7,961,1275,1573.38
0.06,19,8,926,1243,1522.14
0.06,19,9,872,1315,1494.06
0.06,19,10,926,1348,1566.24
0.06,19,11,895,1338,1528.56
0.06,19,12,926,1413,1593.54
0.06,19,13,976,1427,1653.42
0.06,19,14,939,1425,1612.62
0.06,19,15,905,1499,1606.98
0.06,19,16,919,1545,1641.42
0.06,19,17,881,1566,1609.2
0.06,19,18,925,1448,1607.16
0.06,19,19,873,1639,1631.22
0.06,19,20,888,1615,1637.34
0.06,19,21,865,1650,1627.2
0.06,19,22,861,1641,1619.1
0.06,19,23,780,1616,1521.12
0.06,19,24,861,1656,1625.4
0.06,19,25,872,1600,1613.76
0.06,19,26,813,1657,1573.98
0.06,19,27,788,1502,1481.88
0.06,19,28,800,1591,1532.22
0.06,19,29,814,1568,1537.68
0.06,19,30,782,1723,1568.22
0.06,19,31,746,1690,1515.48
0.06,19,32,703,1693,1470.3
0.06,19,33,713,1677,1474.38
0.06,19,34,699,1633,1440.78
0.06,19,35,606,1581,1318.5
0.06,19,36,678,1520,1370.64
0.06,19,37,575,1583,1285.86
0.06,19,38,579,1589,1292.7
0.06,19,39,563,1515,1244.34
0.06,19,40,488,1587,1193.58
0.06,19,41,496,1505,1167.78
0.06,19,42,481,1447,1127.22
0.06,19,43,397,1503,1060.02
0.06,19,44,410,1516,1079.52
0.06,19,45,388,1472,1037.28
0.06,19,46,367,1492,1023.0
0.06,19,47,351,1386,961.2
0.06,19,48,334,1268,893.28
0.06,19,49,300,1382,904.44
0.06,19,50,322,1229,863.94
0.06,19,51,316,1181,837.3
0.06,19,52,320,1215,855.9
0.06,19,53,236,1235,773.58
0.06,19,54,209,1115,694.02
0.06,19,55,199,1051,656.34
0.06,19,56,155,1052,609.24
0.06,19,57,149,1008,584.28
0.06,19,58,122,1023,561.42
0.06,19,59,113,911,504.66
0.06,19,60,86,837,444.42
0.06,19,61,64,769,392.1
0.06,19,62,57,744,374.04
0.06,19,63,44,683,334.38
0.06,19,64,30,551,263.82
0.06,19,65,16,550,248.28
0.06,19,66,23,447,212.58
0.06,19,67,14,386,177.24
0.06,19,68,7,326,144.48
0.06,19,69,7,302,134.4
0.06,19,70,12,283,131.82
0.06,19,71,4,215,94.62
0.06,19,72,1,154,65.76
0.06,19,73,0,122,51.24
0.06,19,74,1,101,43.5
0.06,19,75,2,82,36.6
0.06,19,76,1,71,30.9
0.06,19,77,0,52,21.84
0.06,19,78,0,49,20.58
0.06,19,79,0,36,15.12
0.06,19,80,0,24,10.08
0.06,19,81,0,25,10.5
0.06,19,82,0,18,7.56
0.06,19,83,0,13,5.46
0.06,19,84,0,11,4.62
0.06,19,85,0,9,3.78
0.06,19,86,0,7,2.94
0.06,19,87,0,6,2.52
0.06,19,88,0,9,3.78
0.06,19,89,0,7,2.94
0.06,19,90,0,7,2.94
0.06,19,91,0,9,3.78
0.06,19,92,0,6,2.52
0.06,19,93,0,7,2.94
0.06,19,94,0,10,4.2
0.06,19,95,0,11,4.62
0.06,19,96,0,8,3.36
0.06,19,97,0,6,2.52
0.06,19,98,1,7,4.02
0.06,19,99,0,5,2.1
0.06,19,100,0,8,3.36
0.06,20,0,1533,0,1655.64
0.06,20,1,1222,629,1583.94
0.06,20,2,1168,879,1630.62
0.06,20,3,1027,1108,1574.52
0.06,20,4,922,1114,1463.64
0.06,20,5,862,1240,1451.76
0.06,20,6,830,1215,1406.7
0.06,20,7,773,1334,1395.12
0.06,20,8,757,1387,1400.1
0.06,20,9,753,1357,1383.18
0.06,20,10,694,1397,1336.26
0.06,20,11,699,1467,1371.06
0.06,20,12,656,1509,1342.26
0.06,20,13,655,1515,1343.7
0.06,20,14,676,1477,1350.42
0.06,20,15,638,1472,1307.28
0.06,20,16,657,1475,1329.06
0.06,20,17,603,1469,1268.22
0.06,20,18,554,1406,1188.84
0.06,20,19,502,1444,1148.64
0.06,20,20,481,1500,1149.48
0.06,20,21,454,1409,1082.1
0.06,20,22,444,1511,1114.14
0.06,20,23,410,1379,1021.98
0.06,20,24,327,1351,920.58
0.06,20,25,324,1236,869.04
0.06,20,26,320,1266,877.32
0.06,20,27,285,1356,877.32
0.06,20,28,282,1247,828.3
0.06,20,29,218,1183,732.3
0.06,20,30,185,1229,715.98
0.06,20,31,159,1105,635.82
0.06,20,32,117,977,536.7
0.06,20,33,81,915,471.78
0.06,20,34,67,868,436.92
0.06,20,35,40,715,343.5
0.06,20,36,42,631,310.38
0.06,20,37,28,562,266.28
0.06,20,38,26,540,254.88
0.06,20,39,20,461,215.22
0.06,20,40,5,421,182.22
0.06,20,41,5,383,166.26
0.06,20,42,2,332,141.6
0.06,20,43,4,255,111.42
0.06,20,44,4,263,114.78
0.06,20,45,4,223,97.98
0.06,20,46,1,186,79.2
0.06,20,47,3,168,73.8
0.06,20,48,0,134,56.28
0.06,20,49,0,137,57.54
0.06,20,50,2,150,65.16
0.06,20,51,0,136,57.12
0.06,20,52,1,113,48.54
0.06,20,53,0,77,32.34
0.06,20,54,1,67,29.22
0.06,20,55,2,65,29.46
0.06,20,56,0,63,26.46
0.06,20,57,0,59,24.78
0.06,20,58,1,37,16.62
0.06,20,59,0,37,15.54
0.06,20,60,0,35,14.7
0.06,20,61,0,11,4.62
0.06,20,62,0,9,3.78
0.06,20,63,0,10,4.2
0.06,20,64,0,6,2.52
0.06,20,65,0,6,2.52
0.06,20,66,0,5,2.1
0.06,20,67,0,1,0.42
0.06,20,68,0,2,0.84
0.06,20,69,0,2,0.84
0.06,20,70,0,0,0.0
0.06,21,0,1516,0,1637.28
0.06,21,1,1197,681,1578.78
0.06,21,2,1084,933,1562.58
0.06,21,3,995,1023,1504.26
0.06,21,4,982,1246,1583.88
0.06,21,5,909,1197,1484.46
0.06,21,6,958,1272,1568.88
0.06,21,7,960,1344,1601.28
0.06,21,8,936,1343,1574.94
0.06,21,9,998,1361,1649.46
0.06,21,10,920,1531,1636.62
0.06,21,11,919,1506,1625.04
0.06,21,12,930,1522,1643.64
0.06,21,13,878,1545,1597.14
0.06,21,14,777,1566,1496.88
0.06,21,15,822,1590,1555.56
0.06,21,16,803,1552,1519.08
0.06,21,17,826,1671,1593.9
0.06,21,18,783,1696,1557.96
0.06,21,19,750,1616,1488.72
0.06,21,20,702,1538,1404.12
0.06,21,21,702,1681,1464.18
0.06,21,22,675,1699,1442.58
0.06,21,23,721,1636,1465.8
0.06,21,24,738,1671,1498.86
0.06,21,25,719,1682,1482.96
0.06,21,26,730,1640,1477.2
0.06,21,27,661,1591,1382.1
0.06,21,28,637,1576,1349.88
0.06,21,29,641,1473,1310.94
0.06,21,30,583,1580,1293.24
0.06,21,31,626,1518,1313.64
0.06,21,32,562,1452,1216.8
0.06,21,33,538,1487,1205.58
0.06,21,34,492,1458,1143.72
0.06,21,35,481,1496,1147.8
0.06,21,36,449,1472,1103.16
0.06,21,37,457,1451,1102.98
0.06,21,38,448,1396,1070.16
0.06,21,39,385,1369,990.78
0.06,21,40,357,1287,926.1
0.06,21,41,278,1317,853.38
0.06,21,42,285,1362,879.84
0.06,21,43,295,1261,848.22
0.06,21,44,244,1266,795.24
0.06,21,45,186,1286,741.0
0.06,21,46,179,1179,688.5
0.06,21,47,148,1075,611.34
0.06,21,48,109,1002,538.56
0.06,21,49,104,911,494.94
0.06,21,50,110,786,448.92
0.06,21,51,58,801,399.06
0.06,21,52,54,689,347.7
0.06,21,53,37,647,311.7
0.06,21,54,30,563,268.86
0.06,21,55,20,551,253.02
0.06,21,56,17,456,209.88
0.06,21,57,8,395,174.54
0.06,21,58,12,385,174.66
0.06,21,59,7,296,131.88
0.06,21,60,5,272,119.64
0.06,21,61,6,211,95.1
0.06,21,62,0,179,75.18
0.06,21,63,5,155,70.5
0.06,21,64,0,123,51.66
0.06,21,65,1,92,39.72
0.06,21,66,0,80,33.6
0.06,21,67,2,64,29.04
0.06,21,68,0,65,27.3
0.06,21,69,1,64,27.96
0.06,21,70,0,51,21.42
0.06,21,71,0,46,19.32
0.06,21,72,0,55,23.1
0.06,21,73,0,46,19.32
0.06,21,74,0,44,18.48
0.06,21,75,0,39,16.38
0.06,21,76,0,32,13.44
0.06,21,77,0,25,10.5
0.06,21,78,0,11,4.62
0.06,21,79,0,9,3.78
0.06,21,80,0,11,4.62
0.06,21,81,0,4,1.68
0.06,21,82,0,9,3.78
0.06,21,83,0,4,1.68
0.06,21,84,0,2,0.84
0.06,21,85,0,3,1.26
0.06,21,86,0,3,1.26
0.06,21,87,0,2,0.84
0.06,21,88,0,0,0.0
0.06,22,0,1624,0,1753.92
0.06,22,1,1263,675,1647.54
0.06,22,2,1206,867,1666.62
0.06,22,3,1006,1159,1573.26
0.06,22,4,968,1221,1558.26
0.06,22,5,862,1227,1446.3
0.06,22,6,859,1286,1467.84
0.06,22,7,805,1424,1467.48
0.06,22,8,853,1340,1484.04
0.06,22,9,742,1321,1356.18
0.06,22,10,737,1403,1385.22
0.06,22,11,710,1386,1348.92
0.06,22,12,696,1403,1340.94
0.06,22,13,700,1404,1345.68
0.06,22,14,651,1521,1341.9
0.06,22,15,604,1484,1275.6
0.06,22,16,580,1439,1230.78
0.06,22,17,616,1430,1265.88
0.06,22,18,630,1581,1344.42
0.06,22,19,625,1452,1284.84
0.06,22,20,561,1397,1192.62
0.06,22,21,485,1456,1135.32
0.06,22,22,470,1476,1127.52
0.06,22,23,464,1455,1112.22
0.06,22,24,440,1434,1077.48
0.06,22,25,489,1464,1143.0
0.06,22,26,396,1508,1061.04
0.06,22,27,361,1478,1010.64
0.06,22,28,367,1351,963.78
0.06,22,29,296,1356,889.2
0.06,22,30,304,1357,898.26
0.06,22,31,247,1368,841.32
0.06,22,32,226,1310,794.28
0.06,22,33,214,1174,724.2
0.06,22,34,177,1146,672.48
0.06,22,35,134,1137,622.26
0.06,22,36,127,1032,570.6
0.06,22,37,80,948,484.56
0.06,22,38,78,914,468.12
0.06,22,39,66,868,435.84
0.06,22,40,62,691,357.18
0.06,22,41,46,670,331.08
0.06,22,42,29,630,295.92
0.06,22,43,18,520,237.84
0.06,22,44,19,473,219.18
0.06,22,45,17,418,193.92
0.06,22,46,12,367,167.1
0.06,22,47,11,345,156.78
0.06,22,48,8,342,152.28
0.06,22,49,10,261,120.42
0.06,22,50,5,201,89.82
0.06,22,51,2,174,75.24
0.06,22,52,2,153,66.42
0.06,22,53,5,135,62.1
0.06,22,54,2,109,47.94
0.06,22,55,2,80,35.76
0.06,22,56,0,77,32.34
0.06,22,57,2,41,19.38
0.06,22,58,0,36,15.12
0.06,22,59,0,25,10.5
0.06,22,60,0,10,4.2
0.06,22,61,0,6,2.52
0.06,22,62,0,2,0.84
0.06,22,63,0,1,0.42
0.06,22,64,0,1,0.42
0.06,22,65,0,0,0.0
0.06,23,0,1559,0,1683.72
0.06,23,1,1350,596,1708.32
0.06,23,2,1188,872,1649.28
0.06,23,3,1029,1037,1546.86
0.06,23,4,1021,1079,1555.86
0.06,23,5,908,1274,1515.72
0.06,23,6,901,1327,1530.42
0.06,23,7,885,1329,1513.98
0.06,23,8,834,1369,1475.7
0.06,23,9,832,1413,1492.02
0.06,23,10,776,1411,1430.7
0.06,23,11,686,1441,1346.1
0.06,23,12,785,1439,1452.18
0.06,23,13,756,1510,1450.68
0.06,23,14,802,1379,1445.34
0.06,23,15,780,1471,1460.22
0.06,23,16,795,1436,1461.72
0.06,23,17,797,1512,1495.8
0.06,23,18,896,1461,1581.3
0.06,23,19,900,1591,1640.22
0.06,23,20,879,1527,1590.66
0.06,23,21,925,1559,1653.78
0.06,23,22,1006,1620,1766.88
0.06,23,23,911,1646,1675.2
0.06,23,24,917,1605,1664.46
0.06,23,25,921,1544,1643.16
0.06,23,26,897,1627,1652.1
0.06,23,27,879,1659,1646.1
0.06,23,28,899,1699,1684.5
0.06,23,29,865,1676,1638.12
0.06,23,30,859,1650,1620.72
0.06,23,31,844,1703,1626.78
0.06,23,32,742,1673,1504.02
0.06,23,33,776,1623,1519.74
0.06,23,34,807,1662,1569.6
0.06,23,35,779,1574,1502.4
0.06,23,36,736,1550,1445.88
0.06,23,37,706,1576,1424.4
0.06,23,38,743,1560,1457.64
0.06,23,39,733,1646,1482.96
0.06,23,40,757,1664,1516.44
0.06,23,41,756,1667,1516.62
0.06,23,42,724,1685,1489.62
0.06,23,43,708,1589,1432.02
0.06,23,44,672,1640,1414.56
0.06,23,45,679,1673,1435.98
0.06,23,46,662,1641,1404.18
0.06,23,47,610,1622,1340.04
0.06,23,48,581,1556,1281.0
0.06,23,49,563,1477,1228.38
0.06,23,50,482,1552,1172.4
0.06,23,51,487,1446,1133.28
0.06,23,52,433,1446,1074.96
0.06,23,53,376,1547,1055.82
0.06,23,54,328,1420,950.64
0.06,23,55,300,1387,906.54
0.06,23,56,264,1356,854.64
0.06,23,57,252,1246,795.48
0.06,23,58,205,1216,732.12
0.06,23,59,183,1086,653.76
0.06,23,60,127,1006,559.68
0.06,23,61,137,962,552.0
0.06,23,62,115,984,537.48
0.06,23,63,81,962,491.52
0.06,23,64,76,887,454.62
0.06,23,65,78,702,379.08
0.06,23,66,47,672,333.0
0.06,23,67,42,602,298.2
0.06,23,68,25,519,244.98
0.06,23,69,24,429,206.1
0.06,23,70,15,434,198.48
0.06,23,71,9,383,170.58
0.06,23,72,21,333,162.54
0.06,23,73,13,302,140.88
0.06,23,74,4,278,121.08
0.06,23,75,7,215,97.86
0.06,23,76,3,166,72.96
0.06,23,77,1,158,67.44
0.06,23,78,0,154,64.68
0.06,23,79,2,126,55.08
0.06,23,80,0,93,39.06
0.06,23,81,3,69,32.22
0.06,23,82,0,63,26.46
0.06,23,83,0,45,18.9
0.06,23,84,0,27,11.34
0.06,23,85,0,18,7.56
0.06,23,86,0,14,5.88
0.06,23,87,0,10,4.2
0.06,23,88,0,8,3.36
0.06,23,89,0,2,0.84
0.06,23,90,0,4,1.68
0.06,23,91,0,4,1.68
0.06,23,92,0,1,0.42
0.06,23,93,0,1,0.42
0.06,23,94,0,0,0.0
0.06,24,0,1492,0,1611.36
0.06,24,1,1100,607,1442.94
0.06,24,2,952,905,1408.26
0.06,24,3,876,1052,1387.92
0.06,24,4,841,1103,1371.54
0.06,24,5,761,1218,1333.44
0.06,24,6,726,1311,1334.7
0.06,24,7,723,1300,1326.84
0.06,24,8,770,1212,1340.64
0.06,24,9,756,1354,1385.16
0.06,24,10,670,1504,1355.28
0.06,24,11,646,1431,1298.7
0.06,24,12,557,1385,1183.26
0.06,24,13,572,1403,1207.02
0.06,24,14,548,1330,1150.44
0.06,24,15,522,1314,1115.64
0.06,24,16,530,1436,1175.52
0.06,24,17,472,1380,1089.36
0.06,24,18,459,1407,1086.66
0.06,24,19,444,1295,1023.42
0.06,24,20,360,1334,949.08
0.06,24,21,374,1302,950.76
0.06,24,22,320,1216,856.32
0.06,24,23,276,1174,791.16
0.06,24,24,233,1221,764.46
0.06,24,25,191,1142,685.92
0.06,24,26,155,1031,600.42
0.06,24,27,156,1039,604.86
0.06,24,28,118,990,543.24
0.06,24,29,100,880,477.6
0.06,24,30,58,783,391.5
0.06,24,31,50,735,362.7
0.06,24,32,58,621,323.46
0.06,24,33,49,631,317.94
0.06,24,34,24,570,265.32
0.06,24,35,18,491,225.66
0.06,24,36,13,458,206.4
0.06,24,37,6,440,191.28
0.06,24,38,4,368,158.88
0.06,24,39,6,356,156.0
0.06,24,40,9,313,141.18
0.06,24,41,6,274,121.56
0.06,24,42,10,227,106.14
0.06,24,43,1,210,89.28
0.06,24,44,2,178,76.92
0.06,24,45,4,122,55.56
0.06,24,46,2,119,52.14
0.06,24,47,0,128,53.76
0.06,24,48,3,104,46.92
0.06,24,49,0,91,38.22
0.06,24,50,1,82,35.52
0.06,24,51,1,70,30.48
0.06,24,52,0,67,28.14
0.06,24,53,0,51,21.42
0.06,24,54,0,43,18.06
0.06,24,55,0,48,20.16
0.06,24,56,0,32,13.44
0.06,24,57,0,31,13.02
0.06,24,58,0,21,8.82
0.06,24,59,0,41,17.22
0.06,24,60,0,33,13.86
0.06,24,61,0,32,13.44
0.06,24,62,0,28,11.76
0.06,24,63,0,26,10.92
0.06,24,64,0,22,9.24
0.06,24,65,0,13,5.46
0.06,24,66,0,11,4.62
0.06,24,67,0,16,6.72
0.06,24,68,0,9,3.78
0.06,24,69,0,9,3.78
0.06,24,70,0,9,3.78
0.06,24,71,0,11,4.62
0.06,24,72,0,10,4.2
0.06,24,73,0,6,2.52
0.06,24,74,0,6,2.52
0.06,24,75,0,2,0.84
0.06,24,76,0,4,1.68
0.06,24,77,0,3,1.26
0.06,24,78,0,5,2.1
0.06,24,79,0,3,1.26
0.06,24,80,0,2,0.84
0.06,24,81,0,1,0.42
0.06,24,82,0,0,0.0
0.06,25,0,1500,0,1620.0
0.06,25,1,1153,575,1486.74
0.06,25,2,1019,854,1459.2
0.06,25,3,939,1005,1436.22
0.06,25,4,868,1105,1401.54
0.06,25,5,955,1183,1528.26
0.06,25,6,962,1255,1566.06
0.06,25,7,889,1255,1487.22
0.06,25,8,930,1370,1579.8
0.06,25,9,895,1300,1512.6
0.06,25,10,835,1315,1454.1
0.06,25,11,760,1364,1393.68
0.06,25,12,732,1244,1313.04
0.06,25,13,728,1259,1315.02
0.06,25,14,726,1393,1369.14
0.06,25,15,737,1386,1378.08
0.06,25,16,707,1459,1376.34
0.06,25,17,701,1408,1348.44
0.06,25,18,658,1464,1325.52
0.06,25,19,626,1498,1305.24
0.06,25,20,568,1477,1233.78
0.06,25,21,562,1522,1246.2
0.06,25,22,565,1403,1199.46
0.06,25,23,517,1473,1177.02
0.06,25,24,480,1460,1131.6
0.06,25,25,410,1430,1043.4
0.06,25,26,462,1298,1044.12
0.06,25,27,392,1343,987.42
0.06,25,28,352,1294,923.64
0.06,25,29,305,1242,851.04
0.06,25,30,279,1267,833.46
0.06,25,31,238,1215,767.34
0.06,25,32,210,1228,742.56
0.06,25,33,180,1147,676.14
0.06,25,34,167,1149,662.94
0.06,25,35,151,1090,620.88
0.06,25,36,138,940,543.84
0.06,25,37,95,952,502.44
0.06,25,38,82,853,446.82
0.06,25,39,47,756,368.28
0.06,25,40,47,689,340.14
0.06,25,41,33,596,285.96
0.06,25,42,22,535,248.46
0.06,25,43,17,484,221.64
0.06,25,44,24,441,211.14
0.06,25,45,7,396,173.88
0.06,25,46,11,339,154.26
0.06,25,47,18,338,161.4
0.06,25,48,7,335,148.26
0.06,25,49,9,280,127.32
0.06,25,50,3,275,118.74
0.06,25,51,7,214,97.44
0.06,25,52,2,207,89.1
0.06,25,53,2,195,84.06
0.06,25,54,1,172,73.32
0.06,25,55,0,166,69.72
0.06,25,56,0,133,55.86
0.06,25,57,0,123,51.66
0.06,25,58,0,70,29.4
0.06,25,59,0,62,26.04
0.06,25,60,0,40,16.8
0.06,25,61,0,36,15.12
0.06,25,62,0,37,15.54
0.06,25,63,0,31,13.02
0.06,25,64,0,21,8.82
0.06,25,65,0,16,6.72
0.06,25,66,0,6,2.52
0.06,25,67,0,7,2.94
0.06,25,68,0,5,2.1
0.06,25,69,0,2,0.84
0.06,25,70,0,1,0.42
0.06,25,71,0,0,0.0
0.06,26,0,1455,0,1571.4
0.06,26,1,1181,603,1528.74
0.06,26,2,1079,807,1504.26
0.06,26,3,980,992,1475.04
0.06,26,4,949,1141,1504.14
0.06,26,5,921,1146,1476.0
0.06,26,6,779,1223,1354.98
0.06,26,7,679,1285,1273.02
0.06,26,8,752,1313,1363.62
0.06,26,9,763,1403,1413.3
0.06,26,10,699,1414,1348.8
0.06,26,11,701,1415,1351.38
0.06,26,12,688,1445,1349.94
0.06,26,13,716,1531,1416.3
0.06,26,14,753,1497,1441.98
0.06,26,15,737,1421,1392.78
0.06,26,16,709,1472,1383.96
0.06,26,17,676,1369,1305.06
0.06,26,18,659,1418,1307.28
0.06,26,19,668,1397,1308.18
0.06,26,20,603,1401,1239.66
0.06,26,21,550,1511,1228.62
0.06,26,22,542,1470,1202.76
0.06,26,23,543,1442,1192.08
0.06,26,24,514,1490,1180.92
0.06,26,25,519,1434,1162.8
0.06,26,26,471,1465,1123.98
0.06,26,27,466,1431,1104.3
0.06,26,28,425,1453,1069.26
0.06,26,29,409,1335,1002.42
0.06,26,30,368,1471,1015.26
0.06,26,31,306,1340,893.28
0.06,26,32,273,1339,857.22
0.06,26,33,224,1212,750.96
0.06,26,34,168,1097,642.18
0.06,26,35,176,1047,629.82
0.06,26,36,107,967,521.7
0.06,26,37,96,937,497.22
0.06,26,38,89,863,458.58
0.06,26,39,83,830,438.24
0.06,26,40,50,781,382.02
0.06,26,41,39,682,328.56
0.06,26,42,34,620,297.12
0.06,26,43,34,526,257.64
0.06,26,44,27,470,226.56
0.06,26,45,11,400,179.88
0.06,26,46,10,344,155.28
0.06,26,47,5,301,131.82
0.06,26,48,4,249,108.9
0.06,26,49,3,207,90.18
0.06,26,50,1,179,76.26
0.06,26,51,1,152,64.92
0.06,26,52,1,111,47.7
0.06,26,53,0,131,55.02
0.06,26,54,1,120,51.48
0.06,26,55,0,98,41.16
0.06,26,56,1,90,38.88
0.06,26,57,0,61,25.62
0.06,26,58,0,66,27.72
0.06,26,59,0,53,22.26
0.06,26,60,0,43,18.06
0.06,26,61,0,38,15.96
0.06,26,62,0,37,15.54
0.06,26,63,0,30,12.6
0.06,26,64,1,20,9.48
0.06,26,65,0,28,11.76
0.06,26,66,0,25,10.5
0.06,26,67,0,22,9.24
0.06,26,68,0,9,3.78
0.06,26,69,0,3,1.26
0.06,26,70,0,0,0.0
0.06,27,0,1436,0,1550.88
0.06,27,1,1155,648,1519.56
0.06,27,2,1099,839,1539.3
0.06,27,3,904,1007,1399.26
0.06,27,4,869,1078,1391.28
0.06,27,5,822,1050,1328.76
0.06,27,6,721,1136,1255.8
0.06,27,7,754,1174,1307.4
0.06,27,8,711,1298,1313.04
0.06,27,9,722,1401,1368.18
0.06,27,10,646,1430,1298.28
0.06,27,11,627,1437,1280.7
0.06,27,12,665,1494,1345.68
0.06,27,13,586,1465,1248.18
0.06,27,14,548,1437,1195.38
0.06,27,15,622,1422,1269.0
0.06,27,16,546,1485,1213.38
0.06,27,17,552,1436,1199.28
0.06,27,18,479,1362,1089.36
0.06,27,19,414,1305,995.22
0.06,27,20,370,1329,957.78
0.06,27,21,386,1272,951.12
0.06,27,22,319,1294,888.0
0.06,27,23,319,1271,878.34
0.06,27,24,285,1271,841.62
0.06,27,25,260,1277,817.14
0.06,27,26,220,1138,715.56
0.06,27,27,154,1111,632.94
0.06,27,28,141,987,566.82
0.06,27,29,95,895,478.5
0.06,27,30,78,831,433.26
0.06,27,31,61,723,369.54
0.06,27,32,53,674,340.32
0.06,27,33,37,590,287.76
0.06,27,34,20,577,263.94
0.06,27,35,24,502,236.76
0.06,27,36,16,421,194.1
0.06,27,37,17,366,172.08
0.06,27,38,8,345,153.54
0.06,27,39,9,276,125.64
0.06,27,40,4,229,100.5
0.06,27,41,4,211,92.94
0.06,27,42,1,176,75.0
0.06,27,43,2,160,69.36
0.06,27,44,0,140,58.8
0.06,27,45,0,134,56.28
0.06,27,46,0,135,56.7
0.06,27,47,2,114,50.04
0.06,27,48,0,111,46.62
0.06,27,49,3,100,45.24
0.06,27,50,1,80,34.68
0.06,27,51,0,76,31.92
0.06,27,52,1,73,31.74
0.06,27,53,0,68,28.56
0.06,27,54,0,50,21.0
0.06,27,55,0,45,18.9
0.06,27,56,0,41,17.22
0.06,27,57,1,33,14.94
0.06,27,58,0,28,11.76
0.06,27,59,0,25,10.5
0.06,27,60,0,14,5.88
0.06,27,61,0,10,4.2
0.06,27,62,0,11,4.62
0.06,27,63,0,15,6.3
0.06,27,64,0,3,1.26
0.06,27,65,0,3,1.26
0.06,27,66,0,3,1.26
0.06,27,67,0,5,2.1
0.06,27,68,0,7,2.94
0.06,27,69,0,14,5.88
0.06,27,70,0,5,2.1
0.06,27,71,0,2,0.84
0.06,27,72,0,2,0.84
0.06,27,73,0,2,0.84
0.06,27,74,0,1,0.42
0.06,27,75,0,1,0.42
0.06,27,76,0,1,0.42
0.06,27,77,0,0,0.0
0.06,28,0,1576,0,1702.08
0.06,28,1,1278,631,1645.26
0.06,28,2,1204,888,1673.28
0.06,28,3,1158,987,1665.18
0.06,28,4,988,1041,1504.26
0.06,28,5,887,1191,1458.18
0.06,28,6,939,1226,1529.04
0.06,28,7,924,1251,1523.34
0.06,28,8,793,1351,1423.86
0.06,28,9,793,1407,1447.38
0.06,28,10,828,1410,1486.44
0.06,28,11,804,1413,1461.78
0.06,28,12,756,1446,1423.8
0.06,28,13,791,1348,1420.44
0.06,28,14,741,1415,1394.58
0.06,28,15,695,1435,1353.3
0.06,28,16,684,1537,1384.26
0.06,28,17,717,1511,1408.98
0.06,28,18,667,1464,1335.24
0.06,28,19,651,1473,1321.74
0.06,28,20,650,1562,1358.04
0.06,28,21,641,1501,1322.7
0.06,28,22,613,1472,1280.28
0.06,28,23,603,1440,1256.04
0.06,28,24,600,1413,1241.46
0.06,28,25,591,1510,1272.48
0.06,28,26,566,1425,1209.78
0.06,28,27,558,1433,1204.5
0.06,28,28,508,1324,1104.72
0.06,28,29,438,1354,1041.72
0.06,28,30,447,1303,1030.02
0.06,28,31,402,1279,971.34
0.06,28,32,383,1211,922.26
0.06,28,33,411,1221,956.7
0.06,28,34,400,1144,912.48
0.06,28,35,318,1191,843.66
0.06,28,36,225,1159,729.78
0.06,28,37,210,1062,672.84
0.06,28,38,214,1030,663.72
0.06,28,39,175,1047,628.74
0.06,28,40,137,1051,589.38
0.06,28,41,92,943,495.42
0.06,28,42,79,835,436.02
0.06,28,43,55,737,368.94
0.06,28,44,48,596,302.16
0.06,28,45,18,567,257.58
0.06,28,46,17,501,228.78
0.06,28,47,16,413,190.74
0.06,28,48,15,391,180.42
0.06,28,49,6,315,138.78
0.06,28,50,5,275,120.9
0.06,28,51,7,205,93.66
0.06,28,52,4,188,83.28
0.06,28,53,4,146,65.64
0.06,28,54,0,98,41.16
0.06,28,55,0,80,33.6
0.06,28,56,1,71,30.9
0.06,28,57,0,58,24.36
0.06,28,58,0,50,21.0
0.06,28,59,1,51,22.5
0.06,28,60,0,40,16.8
0.06,28,61,0,31,13.02
0.06,28,62,0,23,9.66
0.06,28,63,0,18,7.56
0.06,28,64,0,12,5.04
0.06,28,65,0,9,3.78
0.06,28,66,0,8,3.36
0.06,28,67,0,5,2.1
0.06,28,68,0,5,2.1
0.06,28,69,0,0,0.0
0.06,29,0,1513,0,1634.04
0.06,29,1,1210,694,1598.28
0.06,29,2,1206,932,1693.92
0.06,29,3,1016,1031,1530.3
0.06,29,4,1007,1120,1557.96
0.06,29,5,938,1224,1527.12
0.06,29,6,816,1231,1398.3
0.06,29,7,827,1376,1471.08
0.06,29,8,835,1402,1490.64
0.06,29,9,784,1501,1477.14
0.06,29,10,785,1402,1436.64
0.06,29,11,731,1535,1434.18
0.06,29,12,771,1465,1447.98
0.06,29,13,707,1497,1392.3
0.06,29,14,665,1494,1345.68
0.06,29,15,619,1485,1292.22
0.06,29,16,503,1509,1177.02
0.06,29,17,474,1420,1108.32
0.06,29,18,509,1428,1149.48
0.06,29,19,518,1427,1158.78
0.06,29,20,427,1481,1083.18
0.06,29,21,428,1376,1040.16
0.06,29,22,369,1410,990.72
0.06,29,23,369,1332,957.96
0.06,29,24,394,1425,1024.02
0.06,29,25,411,1369,1018.86
0.06,29,26,361,1398,977.04
0.06,29,27,296,1388,902.64
0.06,29,28,321,1310,896.88
0.06,29,29,271,1270,826.08
0.06,29,30,228,1282,784.68
0.06,29,31,190,1129,679.38
0.06,29,32,150,1081,616.02
0.06,29,33,101,981,521.1
0.06,29,34,99,978,517.68
0.06,29,35,80,854,445.08
0.06,29,36,52,813,397.62
0.06,29,37,41,642,313.92
0.06,29,38,28,556,263.76
0.06,29,39,33,522,254.88
0.06,29,40,23,451,214.26
0.06,29,41,16,436,200.4
0.06,29,42,8,381,168.66
0.06,29,43,8,318,142.2
0.06,29,44,5,291,127.62
0.06,29,45,3,246,106.56
0.06,29,46,2,223,95.82
0.06,29,47,2,176,76.08
0.06,29,48,0,128,53.76
0.06,29,49,0,118,49.56
0.06,29,50,0,105,44.1
0.06,29,51,0,105,44.1
0.06,29,52,1,63,27.54
0.06,29,53,0,50,21.0
0.06,29,54,0,39,16.38
0.06,29,55,1,33,14.94
0.06,29,56,0,32,13.44
0.06,29,57,0,32,13.44
0.06,29,58,2,28,13.92
0.06,29,59,0,28,11.76
0.06,29,60,0,19,7.98
0.06,29,61,0,12,5.04
0.06,29,62,0,12,5.04
0.06,29,63,0,14,5.88
0.06,29,64,0,7,2.94
0.06,29,65,0,10,4.2
0.06,29,66,0,13,5.46
0.06,29,67,0,13,5.46
0.06,29,68,1,11,5.7
0.06,29,69,0,20,8.4
0.06,29,70,0,21,8.82
0.06,29,71,0,25,10.5
0.06,29,72,0,24,10.08
0.06,29,73,0,17,7.14
0.06,29,74,0,9,3.78
0.06,29,75,0,7,2.94
0.06,29,76,0,11,4.62
0.06,29,77,0,12,5.04
0.06,29,78,0,9,3.78
0.06,29,79,0,7,2.94
0.06,29,80,0,8,3.36
0.06,29,81,0,8,3.36
0.06,29,82,0,12,5.04
0.06,29,83,0,8,3.36
0.06,29,84,0,8,3.36
0.06,29,85,0,6,2.52
0.06,29,86,0,2,0.84
0.06,29,87,0,0,0.0
