0.1,0,0,2694
0.1,0,1,2547
0.1,0,2,2366
0.1,0,3,2304
0.1,0,4,2248
0.1,0,5,2410
0.1,0,6,2386
0.1,0,7,2370
0.1,0,8,2276
0.1,0,9,2274
0.1,0,10,2293
0.1,0,11,2414
0.1,0,12,2238
0.1,0,13,2275
0.1,0,14,2334
0.1,0,15,2394
0.1,0,16,2377
0.1,0,17,2410
0.1,0,18,2450
0.1,0,19,2610
0.1,0,20,2789
0.1,0,21,2800
0.1,0,22,2745
0.1,0,23,2835
0.1,0,24,2873
0.1,0,25,3080
0.1,0,26,3101
0.1,0,27,3036
0.1,0,28,3044
0.1,0,29,3183
0.1,0,30,3218
0.1,0,31,3266
0.1,0,32,3342
0.1,0,33,3330
0.1,0,34,3368
0.1,0,35,3510
0.1,0,36,3580
0.1,0,37,3613
0.1,0,38,3710
0.1,0,39,3803
0.1,0,40,3696
0.1,0,41,3706
0.1,0,42,3908
0.1,0,43,4051
0.1,0,44,4260
0.1,0,45,4360
0.1,0,46,4435
0.1,0,47,4338
0.1,0,48,4606
0.1,0,49,4416
0.1,0,50,4434
0.1,0,51,4510
0.1,0,52,4502
0.1,0,53,4582
0.1,0,54,4618
0.1,0,55,4746
0.1,0,56,4820
0.1,0,57,4905
0.1,0,58,5020
0.1,0,59,4971
0.1,0,60,4950
0.1,0,61,4996
0.1,0,62,5041
0.1,0,63,5024
0.1,0,64,5188
0.1,0,65,5252
0.1,0,66,5366
0.1,0,67,5407
0.1,0,68,5606
0.1,0,69,5763
0.1,0,70,5788
0.1,0,71,5742
0.1,0,72,5967
0.1,0,73,5865
0.1,0,74,5740
0.1,0,75,5754
0.1,0,76,5968
0.1,0,77,6017
0.1,0,78,6154
0.1,0,79,6168
0.1,0,80,6116
0.1,0,81,6202
0.1,0,82,6253
0.1,0,83,6522
0.1,0,84,6606
0.1,0,85,6702
0.1,0,86,6926
0.1,0,87,7032
0.1,0,88,6889
0.1,0,89,7096
0.1,0,90,7142
0.1,0,91,7206
0.1,0,92,7391
0.1,0,93,7412
0.1,0,94,7380
0.1,0,95,7287
0.1,0,96,7481
0.1,0,97,7485
0.1,0,98,7565
0.1,0,99,7774
0.1,0,100,7808
0.1,1,0,2671
0.1,1,1,2467
0.1,1,2,2419
0.1,1,3,2352
0.1,1,4,2343
0.1,1,5,2276
0.1,1,6,2225
0.1,1,7,2317
0.1,1,8,2480
0.1,1,9,2389
0.1,1,10,2314
0.1,1,11,2377
0.1,1,12,2484
0.1,1,13,2613
0.1,1,14,2488
0.1,1,15,2656
0.1,1,16,2559
0.1,1,17,2707
0.1,1,18,2754
0.1,1,19,2606
0.1,1,20,2578
0.1,1,21,2623
0.1,1,22,2649
0.1,1,23,2728
0.1,1,24,2726
0.1,1,25,2881
0.1,1,26,2897
0.1,1,27,3028
0.1,1,28,2916
0.1,1,29,3034
0.1,1,30,3070
0.1,1,31,3233
0.1,1,32,3293
0.1,1,33,3383
0.1,1,34,3297
0.1,1,35,3423
0.1,1,36,3430
0.1,1,37,3605
0.1,1,38,3551
0.1,1,39,3657
0.1,1,40,3789
0.1,1,41,3738
0.1,1,42,3862
0.1,1,43,3953
0.1,1,44,3868
0.1,1,45,4118
0.1,1,46,4355
0.1,1,47,4337
0.1,1,48,4270
0.1,1,49,4319
0.1,1,50,4342
0.1,1,51,4531
0.1,1,52,4597
0.1,1,53,4542
0.1,1,54,4604
0.1,1,55,4576
0.1,1,56,4623
0.1,1,57,4886
0.1,1,58,4992
0.1,1,59,4923
0.1,1,60,5178
0.1,1,61,5094
0.1,1,62,5098
0.1,1,63,5263
0.1,1,64,5237
0.1,1,65,5236
0.1,1,66,5284
0.1,1,67,5278
0.1,1,68,5358
0.1,1,69,5343
0.1,1,70,5427
0.1,1,71,5651
0.1,1,72,5583
0.1,1,73,5739
0.1,1,74,5867
0.1,1,75,5936
0.1,1,76,6032
0.1,1,77,6012
0.1,1,78,6137
0.1,1,79,5995
0.1,1,80,6060
0.1,1,81,6121
0.1,1,82,6220
0.1,1,83,6241
0.1,1,84,6306
0.1,1,85,6450
0.1,1,86,6693
0.1,1,87,6832
0.1,1,88,7001
0.1,1,89,6913
0.1,1,90,6908
0.1,1,91,6942
0.1,1,92,7057
0.1,1,93,7013
0.1,1,94,6762
0.1,1,95,6784
0.1,1,96,7102
0.1,1,97,7179
0.1,1,98,7319
0.1,1,99,7684
0.1,1,100,7506
0.1,2,0,2768
0.1,2,1,2532
0.1,2,2,2311
0.1,2,3,2176
0.1,2,4,2055
0.1,2,5,2072
0.1,2,6,2092
0.1,2,7,2034
0.1,2,8,2045
0.1,2,9,2085
0.1,2,10,2095
0.1,2,11,2104
0.1,2,12,2117
0.1,2,13,2309
0.1,2,14,2438
0.1,2,15,2557
0.1,2,16,2579
0.1,2,17,2587
0.1,2,18,2506
0.1,2,19,2679
0.1,2,20,2597
0.1,2,21,2714
0.1,2,22,2759
0.1,2,23,2712
0.1,2,24,2795
0.1,2,25,2846
0.1,2,26,2866
0.1,2,27,2866
0.1,2,28,2924
0.1,2,29,2996
0.1,2,30,3000
0.1,2,31,3087
0.1,2,32,3204
0.1,2,33,3177
0.1,2,34,3319
0.1,2,35,3372
0.1,2,36,3335
0.1,2,37,3393
0.1,2,38,3319
0.1,2,39,3384
0.1,2,40,3455
0.1,2,41,3604
0.1,2,42,3669
0.1,2,43,3768
0.1,2,44,3867
0.1,2,45,3866
0.1,2,46,3884
0.1,2,47,3892
0.1,2,48,4047
0.1,2,49,4120
0.1,2,50,4133
0.1,2,51,4201
0.1,2,52,4301
0.1,2,53,4301
0.1,2,54,4193
0.1,2,55,4263
0.1,2,56,4382
0.1,2,57,4427
0.1,2,58,4433
0.1,2,59,4435
0.1,2,60,4573
0.1,2,61,4633
0.1,2,62,4758
0.1,2,63,4601
0.1,2,64,4763
0.1,2,65,4897
0.1,2,66,4844
0.1,2,67,4941
0.1,2,68,5140
0.1,2,69,5197
0.1,2,70,5225
0.1,2,71,5340
0.1,2,72,5402
0.1,2,73,5524
0.1,2,74,5452
0.1,2,75,5573
0.1,2,76,5769
0.1,2,77,5977
0.1,2,78,5965
0.1,2,79,5899
0.1,2,80,6058
0.1,2,81,5969
0.1,2,82,6036
0.1,2,83,6135
0.1,2,84,6287
0.1,2,85,6285
0.1,2,86,6487
0.1,2,87,6343
0.1,2,88,6519
0.1,2,89,6494
0.1,2,90,6531
0.1,2,91,6765
0.1,2,92,6585
0.1,2,93,6573
0.1,2,94,6538
0.1,2,95,6539
0.1,2,96,6886
0.1,2,97,6736
0.1,2,98,6866
0.1,2,99,7120
0.1,2,100,7205
0.1,3,0,2728
0.1,3,1,2444
0.1,3,2,2361
0.1,3,3,2298
0.1,3,4,2205
0.1,3,5,2225
0.1,3,6,2300
0.1,3,7,2346
0.1,3,8,2412
0.1,3,9,2314
0.1,3,10,2332
0.1,3,11,2347
0.1,3,12,2393
0.1,3,13,2373
0.1,3,14,2252
0.1,3,15,2419
0.1,3,16,2529
0.1,3,17,2491
0.1,3,18,2577
0.1,3,19,2488
0.1,3,20,2664
0.1,3,21,2669
0.1,3,22,2725
0.1,3,23,2881
0.1,3,24,2839
0.1,3,25,2771
0.1,3,26,2964
0.1,3,27,3069
0.1,3,28,3176
0.1,3,29,3173
0.1,3,30,3245
0.1,3,31,3332
0.1,3,32,3197
0.1,3,33,3312
0.1,3,34,3341
0.1,3,35,3495
0.1,3,36,3550
0.1,3,37,3507
0.1,3,38,3681
0.1,3,39,3809
0.1,3,40,3833
0.1,3,41,3776
0.1,3,42,3982
0.1,3,43,4106
0.1,3,44,4015
0.1,3,45,4090
0.1,3,46,4176
0.1,3,47,4283
0.1,3,48,4360
0.1,3,49,4442
0.1,3,50,4629
0.1,3,51,4673
0.1,3,52,4668
0.1,3,53,4746
0.1,3,54,5053
0.1,3,55,4977
0.1,3,56,5026
0.1,3,57,5015
0.1,3,58,5175
0.1,3,59,5229
0.1,3,60,5322
0.1,3,61,5385
0.1,3,62,5446
0.1,3,63,5455
0.1,3,64,5501
0.1,3,65,5463
0.1,3,66,5436
0.1,3,67,5385
0.1,3,68,5694
0.1,3,69,5726
0.1,3,70,5970
0.1,3,71,5841
0.1,3,72,5832
0.1,3,73,5939
0.1,3,74,5953
0.1,3,75,6018
0.1,3,76,6096
0.1,3,77,6094
0.1,3,78,6279
0.1,3,79,6379
0.1,3,80,6622
0.1,3,81,6778
0.1,3,82,6679
0.1,3,83,6832
0.1,3,84,6853
0.1,3,85,6956
0.1,3,86,6976
0.1,3,87,7035
0.1,3,88,7035
0.1,3,89,7228
0.1,3,90,7263
0.1,3,91,7536
0.1,3,92,7664
0.1,3,93,7741
0.1,3,94,7561
0.1,3,95,7759
0.1,3,96,7832
0.1,3,97,7936
0.1,3,98,7920
0.1,3,99,7931
0.1,3,100,7875
0.1,4,0,2573
0.1,4,1,2251
0.1,4,2,2198
0.1,4,3,2095
0.1,4,4,2005
0.1,4,5,1987
0.1,4,6,2094
0.1,4,7,2086
0.1,4,8,2148
0.1,4,9,2012
0.1,4,10,2114
0.1,4,11,2137
0.1,4,12,2142
0.1,4,13,2206
0.1,4,14,2242
0.1,4,15,2457
0.1,4,16,2490
0.1,4,17,2485
0.1,4,18,2583
0.1,4,19,2532
0.1,4,20,2579
0.1,4,21,2631
0.1,4,22,2673
0.1,4,23,2841
0.1,4,24,2868
0.1,4,25,2972
0.1,4,26,2955
0.1,4,27,3049
0.1,4,28,3232
0.1,4,29,3207
0.1,4,30,3339
0.1,4,31,3365
0.1,4,32,3381
0.1,4,33,3464
0.1,4,34,3216
0.1,4,35,3377
0.1,4,36,3618
0.1,4,37,3631
0.1,4,38,3710
0.1,4,39,3757
0.1,4,40,3785
0.1,4,41,3866
0.1,4,42,4016
0.1,4,43,4187
0.1,4,44,4218
0.1,4,45,4318
0.1,4,46,4482
0.1,4,47,4332
0.1,4,48,4412
0.1,4,49,4463
0.1,4,50,4629
0.1,4,51,4646
0.1,4,52,4788
0.1,4,53,4865
0.1,4,54,4930
0.1,4,55,5082
0.1,4,56,5060
0.1,4,57,5330
0.1,4,58,5386
0.1,4,59,5317
0.1,4,60,5534
0.1,4,61,5564
0.1,4,62,5533
0.1,4,63,5462
0.1,4,64,5420
0.1,4,65,5738
0.1,4,66,5861
0.1,4,67,5713
0.1,4,68,5883
0.1,4,69,5850
0.1,4,70,5870
0.1,4,71,5978
0.1,4,72,6034
0.1,4,73,6011
0.1,4,74,6168
0.1,4,75,6209
0.1,4,76,6442
0.1,4,77,6430
0.1,4,78,6354
0.1,4,79,6411
0.1,4,80,6534
0.1,4,81,6381
0.1,4,82,6509
0.1,4,83,6519
0.1,4,84,6857
0.1,4,85,6906
0.1,4,86,6993
0.1,4,87,7087
0.1,4,88,7161
0.1,4,89,7288
0.1,4,90,7301
0.1,4,91,7498
0.1,4,92,7574
0.1,4,93,7801
0.1,4,94,7868
0.1,4,95,8036
0.1,4,96,8258
0.1,4,97,8099
0.1,4,98,8431
0.1,4,99,8234
0.1,4,100,8494
0.1,5,0,2653
0.1,5,1,2431
0.1,5,2,2249
0.1,5,3,2171
0.1,5,4,2149
0.1,5,5,2188
0.1,5,6,2051
0.1,5,7,2086
0.1,5,8,2078
0.1,5,9,2208
0.1,5,10,2085
0.1,5,11,2160
0.1,5,12,2158
0.1,5,13,2296
0.1,5,14,2468
0.1,5,15,2550
0.1,5,16,2641
0.1,5,17,2411
0.1,5,18,2434
0.1,5,19,2478
0.1,5,20,2585
0.1,5,21,2541
0.1,5,22,2655
0.1,5,23,2764
0.1,5,24,2833
0.1,5,25,2939
0.1,5,26,2936
0.1,5,27,2970
0.1,5,28,3037
0.1,5,29,2914
0.1,5,30,3071
0.1,5,31,3027
0.1,5,32,3067
0.1,5,33,3352
0.1,5,34,3447
0.1,5,35,3297
0.1,5,36,3375
0.1,5,37,3531
0.1,5,38,3514
0.1,5,39,3515
0.1,5,40,3739
0.1,5,41,3714
0.1,5,42,3781
0.1,5,43,3976
0.1,5,44,3894
0.1,5,45,3953
0.1,5,46,3948
0.1,5,47,4094
0.1,5,48,3998
0.1,5,49,4024
0.1,5,50,4220
0.1,5,51,4320
0.1,5,52,4385
0.1,5,53,4469
0.1,5,54,4620
0.1,5,55,4772
0.1,5,56,4842
0.1,5,57,4895
0.1,5,58,5032
0.1,5,59,5060
0.1,5,60,5105
0.1,5,61,4985
0.1,5,62,4904
0.1,5,63,5125
0.1,5,64,5198
0.1,5,65,5227
0.1,5,66,5303
0.1,5,67,5320
0.1,5,68,5375
0.1,5,69,5394
0.1,5,70,5384
0.1,5,71,5411
0.1,5,72,5522
0.1,5,73,5633
0.1,5,74,5893
0.1,5,75,5807
0.1,5,76,5934
0.1,5,77,6115
0.1,5,78,6102
0.1,5,79,6227
0.1,5,80,6012
0.1,5,81,6138
0.1,5,82,6322
0.1,5,83,6314
0.1,5,84,6358
0.1,5,85,6333
0.1,5,86,6121
0.1,5,87,6232
0.1,5,88,6251
0.1,5,89,6336
0.1,5,90,6516
0.1,5,91,6699
0.1,5,92,6843
0.1,5,93,6743
0.1,5,94,6928
0.1,5,95,6993
0.1,5,96,7012
0.1,5,97,6949
0.1,5,98,6891
0.1,5,99,7088
0.1,5,100,7379
0.1,6,0,2579
0.1,6,1,2318
0.1,6,2,2195
0.1,6,3,2188
0.1,6,4,2173
0.1,6,5,2132
0.1,6,6,2070
0.1,6,7,2066
0.1,6,8,2084
0.1,6,9,2044
0.1,6,10,2091
0.1,6,11,2054
0.1,6,12,2128
0.1,6,13,2146
0.1,6,14,2148
0.1,6,15,2229
0.1,6,16,2245
0.1,6,17,2275
0.1,6,18,2260
0.1,6,19,2303
0.1,6,20,2459
0.1,6,21,2476
0.1,6,22,2543
0.1,6,23,2471
0.1,6,24,2473
0.1,6,25,2486
0.1,6,26,2571
0.1,6,27,2657
0.1,6,28,2760
0.1,6,29,2950
0.1,6,30,3098
0.1,6,31,3104
0.1,6,32,3218
0.1,6,33,3396
0.1,6,34,3273
0.1,6,35,3227
0.1,6,36,3332
0.1,6,37,3337
0.1,6,38,3497
0.1,6,39,3668
0.1,6,40,3560
0.1,6,41,3518
0.1,6,42,3515
0.1,6,43,3735
0.1,6,44,3669
0.1,6,45,3676
0.1,6,46,3948
0.1,6,47,4005
0.1,6,48,4049
0.1,6,49,4018
0.1,6,50,3935
0.1,6,51,4252
0.1,6,52,4532
0.1,6,53,4551
0.1,6,54,4495
0.1,6,55,4680
0.1,6,56,4780
0.1,6,57,4697
0.1,6,58,4736
0.1,6,59,4662
0.1,6,60,4873
0.1,6,61,5030
0.1,6,62,5146
0.1,6,63,5060
0.1,6,64,5242
0.1,6,65,5168
0.1,6,66,5294
0.1,6,67,5489
0.1,6,68,5759
0.1,6,69,5645
0.1,6,70,5769
0.1,6,71,5782
0.1,6,72,5719
0.1,6,73,5821
0.1,6,74,6024
0.1,6,75,5960
0.1,6,76,6065
0.1,6,77,6034
0.1,6,78,6237
0.1,6,79,6335
0.1,6,80,6182
0.1,6,81,6083
0.1,6,82,6181
0.1,6,83,6314
0.1,6,84,6589
0.1,6,85,6591
0.1,6,86,6620
0.1,6,87,6731
0.1,6,88,6892
0.1,6,89,6846
0.1,6,90,6606
0.1,6,91,6806
0.1,6,92,6893
0.1,6,93,6916
0.1,6,94,7056
0.1,6,95,7090
0.1,6,96,7188
0.1,6,97,7380
0.1,6,98,7454
0.1,6,99,7213
0.1,6,100,7328
0.1,7,0,2563
0.1,7,1,2423
0.1,7,2,2175
0.1,7,3,2169
0.1,7,4,2268
0.1,7,5,2201
0.1,7,6,2140
0.1,7,7,2213
0.1,7,8,2254
0.1,7,9,2201
0.1,7,10,2267
0.1,7,11,2199
0.1,7,12,2287
0.1,7,13,2344
0.1,7,14,2463
0.1,7,15,2337
0.1,7,16,2437
0.1,7,17,2435
0.1,7,18,2530
0.1,7,19,2625
0.1,7,20,2703
0.1,7,21,2832
0.1,7,22,2909
0.1,7,23,2932
0.1,7,24,3013
0.1,7,25,3034
0.1,7,26,2927
0.1,7,27,3113
0.1,7,28,3144
0.1,7,29,3376
0.1,7,30,3457
0.1,7,31,3516
0.1,7,32,3692
0.1,7,33,3663
0.1,7,34,3671
0.1,7,35,3745
0.1,7,36,3857
0.1,7,37,3841
0.1,7,38,3978
0.1,7,39,3892
0.1,7,40,4142
0.1,7,41,4143
0.1,7,42,4295
0.1,7,43,4567
0.1,7,44,4576
0.1,7,45,4643
0.1,7,46,4686
0.1,7,47,4636
0.1,7,48,4730
0.1,7,49,4518
0.1,7,50,4600
0.1,7,51,4990
0.1,7,52,4965
0.1,7,53,5069
0.1,7,54,5129
0.1,7,55,5297
0.1,7,56,5218
0.1,7,57,5281
0.1,7,58,5384
0.1,7,59,5380
0.1,7,60,5455
0.1,7,61,5611
0.1,7,62,5621
0.1,7,63,5757
0.1,7,64,5698
0.1,7,65,5861
0.1,7,66,5915
0.1,7,67,5997
0.1,7,68,6166
0.1,7,69,6163
0.1,7,70,6157
0.1,7,71,6099
0.1,7,72,6365
0.1,7,73,6516
0.1,7,74,6598
0.1,7,75,6706
0.1,7,76,6537
0.1,7,77,6502
0.1,7,78,6578
0.1,7,79,6731
0.1,7,80,6873
0.1,7,81,7102
0.1,7,82,7048
0.1,7,83,6916
0.1,7,84,6952
0.1,7,85,7105
0.1,7,86,7097
0.1,7,87,7019
0.1,7,88,7342
0.1,7,89,7148
0.1,7,90,7309
0.1,7,91,7506
0.1,7,92,7682
0.1,7,93,7694
0.1,7,94,7732
0.1,7,95,7637
0.1,7,96,7727
0.1,7,97,7802
0.1,7,98,7801
0.1,7,99,7895
0.1,7,100,7811
0.1,8,0,2708
0.1,8,1,2455
0.1,8,2,2335
0.1,8,3,2333
0.1,8,4,2350
0.1,8,5,2195
0.1,8,6,2241
0.1,8,7,2361
0.1,8,8,2155
0.1,8,9,2044
0.1,8,10,2069
0.1,8,11,1989
0.1,8,12,2130
0.1,8,13,2232
0.1,8,14,2268
0.1,8,15,2129
0.1,8,16,2360
0.1,8,17,2271
0.1,8,18,2311
0.1,8,19,2309
0.1,8,20,2342
0.1,8,21,2291
0.1,8,22,2354
0.1,8,23,2439
0.1,8,24,2580
0.1,8,25,2536
0.1,8,26,2650
0.1,8,27,2716
0.1,8,28,2764
0.1,8,29,2717
0.1,8,30,2561
0.1,8,31,2750
0.1,8,32,2904
0.1,8,33,2849
0.1,8,34,2947
0.1,8,35,2974
0.1,8,36,3046
0.1,8,37,3010
0.1,8,38,2927
0.1,8,39,2968
0.1,8,40,3102
0.1,8,41,3345
0.1,8,42,3188
0.1,8,43,3289
0.1,8,44,3204
0.1,8,45,3286
0.1,8,46,3508
0.1,8,47,3571
0.1,8,48,3677
0.1,8,49,3758
0.1,8,50,3970
0.1,8,51,4034
0.1,8,52,3768
0.1,8,53,3852
0.1,8,54,3955
0.1,8,55,3944
0.1,8,56,3935
0.1,8,57,4064
0.1,8,58,4109
0.1,8,59,4154
0.1,8,60,4334
0.1,8,61,4427
0.1,8,62,4389
0.1,8,63,4422
0.1,8,64,4485
0.1,8,65,4643
0.1,8,66,4709
0.1,8,67,4896
0.1,8,68,4841
0.1,8,69,5018
0.1,8,70,4956
0.1,8,71,5073
0.1,8,72,5103
0.1,8,73,5093
0.1,8,74,5222
0.1,8,75,5397
0.1,8,76,5463
0.1,8,77,5412
0.1,8,78,5431
0.1,8,79,5665
0.1,8,80,5757
0.1,8,81,5713
0.1,8,82,5702
0.1,8,83,5881
0.1,8,84,5934
0.1,8,85,5967
0.1,8,86,6022
0.1,8,87,6122
0.1,8,88,6212
0.1,8,89,6410
0.1,8,90,6345
0.1,8,91,6274
0.1,8,92,6495
0.1,8,93,6366
0.1,8,94,6606
0.1,8,95,6627
0.1,8,96,6527
0.1,8,97,6679
0.1,8,98,7012
0.1,8,99,7043
0.1,8,100,6898
0.1,9,0,2651
0.1,9,1,2438
0.1,9,2,2314
0.1,9,3,2283
0.1,9,4,2321
0.1,9,5,2274
0.1,9,6,2255
0.1,9,7,2406
0.1,9,8,2467
0.1,9,9,2251
0.1,9,10,2215
0.1,9,11,2169
0.1,9,12,2109
0.1,9,13,2205
0.1,9,14,2175
0.1,9,15,2164
0.1,9,16,2244
0.1,9,17,2404
0.1,9,18,2420
0.1,9,19,2409
0.1,9,20,2388
0.1,9,21,2445
0.1,9,22,2561
0.1,9,23,2555
0.1,9,24,2542
0.1,9,25,2654
0.1,9,26,2794
0.1,9,27,2946
0.1,9,28,3076
0.1,9,29,3128
0.1,9,30,3093
0.1,9,31,3247
0.1,9,32,3194
0.1,9,33,3204
0.1,9,34,3319
0.1,9,35,3345
0.1,9,36,3275
0.1,9,37,3390
0.1,9,38,3560
0.1,9,39,3738
0.1,9,40,3768
0.1,9,41,3708
0.1,9,42,3670
0.1,9,43,3965
0.1,9,44,4062
0.1,9,45,4154
0.1,9,46,4356
0.1,9,47,4333
0.1,9,48,4305
0.1,9,49,4244
0.1,9,50,4384
0.1,9,51,4357
0.1,9,52,4604
0.1,9,53,4484
0.1,9,54,4647
0.1,9,55,4632
0.1,9,56,4857
0.1,9,57,5014
0.1,9,58,5098
0.1,9,59,5113
0.1,9,60,5361
0.1,9,61,5289
0.1,9,62,5364
0.1,9,63,5602
0.1,9,64,5533
0.1,9,65,5576
0.1,9,66,5444
0.1,9,67,5759
0.1,9,68,5816
0.1,9,69,5830
0.1,9,70,5932
0.1,9,71,5917
0.1,9,72,6207
0.1,9,73,6035
0.1,9,74,5947
0.1,9,75,6046
0.1,9,76,6153
0.1,9,77,6169
0.1,9,78,6404
0.1,9,79,6329
0.1,9,80,6263
0.1,9,81,6358
0.1,9,82,6364
0.1,9,83,6490
0.1,9,84,6731
0.1,9,85,6886
0.1,9,86,6965
0.1,9,87,7243
0.1,9,88,7023
0.1,9,89,6956
0.1,9,90,6951
0.1,9,91,7030
0.1,9,92,7210
0.1,9,93,7115
0.1,9,94,7258
0.1,9,95,7260
0.1,9,96,7408
0.1,9,97,7306
0.1,9,98,7566
0.1,9,99,7545
0.1,9,100,7516
0.1,10,0,2559
0.1,10,1,2309
0.1,10,2,2285
0.1,10,3,2310
0.1,10,4,2144
0.1,10,5,2168
0.1,10,6,2042
0.1,10,7,1995
0.1,10,8,2115
0.1,10,9,2070
0.1,10,10,2103
0.1,10,11,2189
0.1,10,12,2187
0.1,10,13,2240
0.1,10,14,2249
0.1,10,15,2199
0.1,10,16,2222
0.1,10,17,2255
0.1,10,18,2375
0.1,10,19,2449
0.1,10,20,2595
0.1,10,21,2570
0.1,10,22,2632
0.1,10,23,2663
0.1,10,24,2882
0.1,10,25,2944
0.1,10,26,2785
0.1,10,27,2955
0.1,10,28,2943
0.1,10,29,2965
0.1,10,30,3021
0.1,10,31,3014
0.1,10,32,3026
0.1,10,33,3137
0.1,10,34,3282
0.1,10,35,3283
0.1,10,36,3257
0.1,10,37,3252
0.1,10,38,3376
0.1,10,39,3412
0.1,10,40,3545
0.1,10,41,3592
0.1,10,42,3814
0.1,10,43,3851
0.1,10,44,3772
0.1,10,45,3835
0.1,10,46,3902
0.1,10,47,3873
0.1,10,48,4031
0.1,10,49,4043
0.1,10,50,3981
0.1,10,51,3966
0.1,10,52,4179
0.1,10,53,4272
0.1,10,54,4301
0.1,10,55,4402
0.1,10,56,4447
0.1,10,57,4548
0.1,10,58,4550
0.1,10,59,4599
0.1,10,60,4559
0.1,10,61,4576
0.1,10,62,4655
0.1,10,63,4736
0.1,10,64,4779
0.1,10,65,4979
0.1,10,66,4878
0.1,10,67,4933
0.1,10,68,4929
0.1,10,69,4921
0.1,10,70,4839
0.1,10,71,4670
0.1,10,72,4788
0.1,10,73,5028
0.1,10,74,5076
0.1,10,75,4936
0.1,10,76,5127
0.1,10,77,5253
0.1,10,78,5242
0.1,10,79,5220
0.1,10,80,5281
0.1,10,81,5208
0.1,10,82,5359
0.1,10,83,5403
0.1,10,84,5359
0.1,10,85,5410
0.1,10,86,5462
0.1,10,87,5378
0.1,10,88,5520
0.1,10,89,5603
0.1,10,90,5617
0.1,10,91,5813
0.1,10,92,5921
0.1,10,93,5866
0.1,10,94,5927
0.1,10,95,6054
0.1,10,96,6174
0.1,10,97,6203
0.1,10,98,6458
0.1,10,99,6499
0.1,10,100,6663
0.1,11,0,2559
0.1,11,1,2262
0.1,11,2,2112
0.1,11,3,2034
0.1,11,4,2018
0.1,11,5,1969
0.1,11,6,1901
0.1,11,7,1939
0.1,11,8,1955
0.1,11,9,1992
0.1,11,10,2006
0.1,11,11,2017
0.1,11,12,2020
0.1,11,13,2058
0.1,11,14,2044
0.1,11,15,2040
0.1,11,16,2151
0.1,11,17,2090
0.1,11,18,2095
0.1,11,19,2230
0.1,11,20,2300
0.1,11,21,2263
0.1,11,22,2456
0.1,11,23,2515
0.1,11,24,2514
0.1,11,25,2596
0.1,11,26,2686
0.1,11,27,2648
0.1,11,28,2791
0.1,11,29,2954
0.1,11,30,2866
0.1,11,31,2979
0.1,11,32,3094
0.1,11,33,3218
0.1,11,34,3251
0.1,11,35,3299
0.1,11,36,3362
0.1,11,37,3442
0.1,11,38,3480
0.1,11,39,3637
0.1,11,40,3639
0.1,11,41,3716
0.1,11,42,3805
0.1,11,43,3900
0.1,11,44,3998
0.1,11,45,4083
0.1,11,46,4071
0.1,11,47,4173
0.1,11,48,4115
0.1,11,49,4128
0.1,11,50,4343
0.1,11,51,4335
0.1,11,52,4375
0.1,11,53,4274
0.1,11,54,4369
0.1,11,55,4355
0.1,11,56,4525
0.1,11,57,4468
0.1,11,58,4515
0.1,11,59,4561
0.1,11,60,4745
0.1,11,61,4908
0.1,11,62,4899
0.1,11,63,5146
0.1,11,64,5006
0.1,11,65,5058
0.1,11,66,5131
0.1,11,67,5072
0.1,11,68,5294
0.1,11,69,5235
0.1,11,70,5386
0.1,11,71,5367
0.1,11,72,5577
0.1,11,73,5501
0.1,11,74,5532
0.1,11,75,5509
0.1,11,76,5608
0.1,11,77,5708
0.1,11,78,5837
0.1,11,79,5933
0.1,11,80,6073
0.1,11,81,6042
0.1,11,82,6007
0.1,11,83,6213
0.1,11,84,6433
0.1,11,85,6570
0.1,11,86,6576
0.1,11,87,6533
0.1,11,88,6516
0.1,11,89,6554
0.1,11,90,6699
0.1,11,91,6793
0.1,11,92,6740
0.1,11,93,6672
0.1,11,94,6772
0.1,11,95,6771
0.1,11,96,7012
0.1,11,97,6870
0.1,11,98,6847
0.1,11,99,7025
0.1,11,100,7065
0.1,12,0,2680
0.1,12,1,2499
0.1,12,2,2518
0.1,12,3,2450
0.1,12,4,2386
0.1,12,5,2325
0.1,12,6,2205
0.1,12,7,2246
0.1,12,8,2137
0.1,12,9,2254
0.1,12,10,2358
0.1,12,11,2393
0.1,12,12,2407
0.1,12,13,2340
0.1,12,14,2385
0.1,12,15,2458
0.1,12,16,2511
0.1,12,17,2594
0.1,12,18,2547
0.1,12,19,2539
0.1,12,20,2706
0.1,12,21,2647
0.1,12,22,2614
0.1,12,23,2615
0.1,12,24,2620
0.1,12,25,2698
0.1,12,26,3002
0.1,12,27,3003
0.1,12,28,3176
0.1,12,29,3225
0.1,12,30,3251
0.1,12,31,3288
0.1,12,32,3355
0.1,12,33,3586
0.1,12,34,3700
0.1,12,35,3693
0.1,12,36,3910
0.1,12,37,3982
0.1,12,38,3992
0.1,12,39,3970
0.1,12,40,3954
0.1,12,41,3910
0.1,12,42,3915
0.1,12,43,4024
0.1,12,44,4010
0.1,12,45,4144
0.1,12,46,4152
0.1,12,47,4217
0.1,12,48,4202
0.1,12,49,4308
0.1,12,50,4370
0.1,12,51,4583
0.1,12,52,4610
0.1,12,53,4810
0.1,12,54,4890
0.1,12,55,5040
0.1,12,56,5020
0.1,12,57,5126
0.1,12,58,5224
0.1,12,59,5128
0.1,12,60,5240
0.1,12,61,5294
0.1,12,62,5218
0.1,12,63,5292
0.1,12,64,5343
0.1,12,65,5396
0.1,12,66,5387
0.1,12,67,5583
0.1,12,68,5589
0.1,12,69,5609
0.1,12,70,5935
0.1,12,71,6015
0.1,12,72,6006
0.1,12,73,5961
0.1,12,74,6155
0.1,12,75,6214
0.1,12,76,6308
0.1,12,77,6503
0.1,12,78,6543
0.1,12,79,6524
0.1,12,80,6513
0.1,12,81,6549
0.1,12,82,6637
0.1,12,83,6493
0.1,12,84,6642
0.1,12,85,6598
0.1,12,86,6574
0.1,12,87,6655
0.1,12,88,6733
0.1,12,89,7136
0.1,12,90,7166
0.1,12,91,7115
0.1,12,92,6957
0.1,12,93,6971
0.1,12,94,7046
0.1,12,95,7079
0.1,12,96,7104
0.1,12,97,6960
0.1,12,98,6801
0.1,12,99,7306
0.1,12,100,7078
0.1,13,0,2638
0.1,13,1,2406
0.1,13,2,2360
0.1,13,3,2429
0.1,13,4,2324
0.1,13,5,2320
0.1,13,6,2318
0.1,13,7,2175
0.1,13,8,2123
0.1,13,9,2257
0.1,13,10,2207
0.1,13,11,2168
0.1,13,12,2237
0.1,13,13,2390
0.1,13,14,2445
0.1,13,15,2559
0.1,13,16,2561
0.1,13,17,2581
0.1,13,18,2614
0.1,13,19,2643
0.1,13,20,2740
0.1,13,21,2662
0.1,13,22,2928
0.1,13,23,2851
0.1,13,24,2805
0.1,13,25,2933
0.1,13,26,3050
0.1,13,27,3087
0.1,13,28,3181
0.1,13,29,3321
0.1,13,30,3136
0.1,13,31,3213
0.1,13,32,3250
0.1,13,33,3477
0.1,13,34,3484
0.1,13,35,3597
0.1,13,36,3705
0.1,13,37,3626
0.1,13,38,3697
0.1,13,39,3720
0.1,13,40,3610
0.1,13,41,3939
0.1,13,42,4088
0.1,13,43,3948
0.1,13,44,4044
0.1,13,45,4234
0.1,13,46,4350
0.1,13,47,4282
0.1,13,48,4396
0.1,13,49,4491
0.1,13,50,4388
0.1,13,51,4389
0.1,13,52,4394
0.1,13,53,4414
0.1,13,54,4639
0.1,13,55,4694
0.1,13,56,4817
0.1,13,57,5116
0.1,13,58,5087
0.1,13,59,5219
0.1,13,60,5196
0.1,13,61,5206
0.1,13,62,5347
0.1,13,63,5346
0.1,13,64,5319
0.1,13,65,5685
0.1,13,66,5615
0.1,13,67,5898
0.1,13,68,5796
0.1,13,69,5808
0.1,13,70,5869
0.1,13,71,5965
0.1,13,72,6215
0.1,13,73,5978
0.1,13,74,5991
0.1,13,75,5934
0.1,13,76,5936
0.1,13,77,6053
0.1,13,78,6106
0.1,13,79,6319
0.1,13,80,6368
0.1,13,81,6521
0.1,13,82,6527
0.1,13,83,6681
0.1,13,84,6617
0.1,13,85,6664
0.1,13,86,6840
0.1,13,87,6773
0.1,13,88,6911
0.1,13,89,6941
0.1,13,90,7052
0.1,13,91,7096
0.1,13,92,7139
0.1,13,93,7169
0.1,13,94,7063
0.1,13,95,6951
0.1,13,96,7267
0.1,13,97,7317
0.1,13,98,7474
0.1,13,99,7453
0.1,13,100,7286
0.1,14,0,2525
0.1,14,1,2188
0.1,14,2,2100
0.1,14,3,2134
0.1,14,4,2015
0.1,14,5,1872
0.1,14,6,1934
0.1,14,7,1959
0.1,14,8,1979
0.1,14,9,2045
0.1,14,10,2077
0.1,14,11,2080
0.1,14,12,2093
0.1,14,13,2232
0.1,14,14,2283
0.1,14,15,2288
0.1,14,16,2280
0.1,14,17,2339
0.1,14,18,2352
0.1,14,19,2395
0.1,14,20,2493
0.1,14,21,2547
0.1,14,22,2413
0.1,14,23,2520
0.1,14,24,2512
0.1,14,25,2479
0.1,14,26,2580
0.1,14,27,2674
0.1,14,28,2720
0.1,14,29,2898
0.1,14,30,3126
0.1,14,31,3191
0.1,14,32,3246
0.1,14,33,3342
0.1,14,34,3341
0.1,14,35,3283
0.1,14,36,3303
0.1,14,37,3396
0.1,14,38,3347
0.1,14,39,3353
0.1,14,40,3453
0.1,14,41,3570
0.1,14,42,3683
0.1,14,43,3782
0.1,14,44,3817
0.1,14,45,3921
0.1,14,46,3911
0.1,14,47,3958
0.1,14,48,4055
0.1,14,49,4266
0.1,14,50,4287
0.1,14,51,4276
0.1,14,52,4352
0.1,14,53,4410
0.1,14,54,4444
0.1,14,55,4527
0.1,14,56,4497
0.1,14,57,4647
0.1,14,58,4761
0.1,14,59,4820
0.1,14,60,5065
0.1,14,61,5027
0.1,14,62,5143
0.1,14,63,5028
0.1,14,64,5078
0.1,14,65,5161
0.1,14,66,5346
0.1,14,67,5316
0.1,14,68,5472
0.1,14,69,5317
0.1,14,70,5347
0.1,14,71,5408
0.1,14,72,5587
0.1,14,73,5441
0.1,14,74,5829
0.1,14,75,5822
0.1,14,76,5935
0.1,14,77,6064
0.1,14,78,6065
0.1,14,79,6201
0.1,14,80,6283
0.1,14,81,6307
0.1,14,82,6225
0.1,14,83,6160
0.1,14,84,6261
0.1,14,85,6458
0.1,14,86,6518
0.1,14,87,6559
0.1,14,88,6717
0.1,14,89,6856
0.1,14,90,6797
0.1,14,91,6805
0.1,14,92,6896
0.1,14,93,6895
0.1,14,94,6861
0.1,14,95,7140
0.1,14,96,6999
0.1,14,97,7174
0.1,14,98,6940
0.1,14,99,7162
0.1,14,100,7318
0.1,15,0,2545
0.1,15,1,2277
0.1,15,2,2322
0.1,15,3,2259
0.1,15,4,2219
0.1,15,5,2150
0.1,15,6,2153
0.1,15,7,2005
0.1,15,8,2021
0.1,15,9,2015
0.1,15,10,2135
0.1,15,11,2083
0.1,15,12,2161
0.1,15,13,2155
0.1,15,14,2175
0.1,15,15,2156
0.1,15,16,2078
0.1,15,17,2152
0.1,15,18,2286
0.1,15,19,2314
0.1,15,20,2379
0.1,15,21,2394
0.1,15,22,2474
0.1,15,23,2523
0.1,15,24,2491
0.1,15,25,2753
0.1,15,26,2712
0.1,15,27,2643
0.1,15,28,2601
0.1,15,29,2713
0.1,15,30,2705
0.1,15,31,2702
0.1,15,32,2754
0.1,15,33,2843
0.1,15,34,2900
0.1,15,35,3044
0.1,15,36,2979
0.1,15,37,3002
0.1,15,38,3164
0.1,15,39,3362
0.1,15,40,3345
0.1,15,41,3330
0.1,15,42,3456
0.1,15,43,3500
0.1,15,44,3362
0.1,15,45,3528
0.1,15,46,3677
0.1,15,47,3666
0.1,15,48,3705
0.1,15,49,3831
0.1,15,50,4000
0.1,15,51,3977
0.1,15,52,4056
0.1,15,53,4352
0.1,15,54,4469
0.1,15,55,4390
0.1,15,56,4394
0.1,15,57,4458
0.1,15,58,4443
0.1,15,59,4464
0.1,15,60,4553
0.1,15,61,4625
0.1,15,62,4538
0.1,15,63,4789
0.1,15,64,4820
0.1,15,65,5041
0.1,15,66,5018
0.1,15,67,5162
0.1,15,68,5143
0.1,15,69,5090
0.1,15,70,5091
0.1,15,71,5292
0.1,15,72,5328
0.1,15,73,5382
0.1,15,74,5513
0.1,15,75,5464
0.1,15,76,5548
0.1,15,77,5444
0.1,15,78,5607
0.1,15,79,5599
0.1,15,80,5665
0.1,15,81,5738
0.1,15,82,5703
0.1,15,83,5859
0.1,15,84,5800
0.1,15,85,6062
0.1,15,86,6286
0.1,15,87,6314
0.1,15,88,6332
0.1,15,89,6382
0.1,15,90,6441
0.1,15,91,6347
0.1,15,92,6446
0.1,15,93,6548
0.1,15,94,6757
0.1,15,95,6443
0.1,15,96,6822
0.1,15,97,6804
0.1,15,98,6928
0.1,15,99,7004
0.1,15,100,6865
0.1,16,0,2573
0.1,16,1,2228
0.1,16,2,2374
0.1,16,3,2287
0.1,16,4,2160
0.1,16,5,2031
0.1,16,6,2106
0.1,16,7,2038
0.1,16,8,1971
0.1,16,9,1996
0.1,16,10,2003
0.1,16,11,2051
0.1,16,12,2226
0.1,16,13,2371
0.1,16,14,2338
0.1,16,15,2415
0.1,16,16,2279
0.1,16,17,2393
0.1,16,18,2351
0.1,16,19,2587
0.1,16,20,2756
0.1,16,21,2733
0.1,16,22,2661
0.1,16,23,2668
0.1,16,24,2755
0.1,16,25,2656
0.1,16,26,2681
0.1,16,27,2802
0.1,16,28,2822
0.1,16,29,2966
0.1,16,30,2971
0.1,16,31,2992
0.1,16,32,3080
0.1,16,33,3175
0.1,16,34,3186
0.1,16,35,3120
0.1,16,36,3253
0.1,16,37,3206
0.1,16,38,3258
0.1,16,39,3411
0.1,16,40,3443
0.1,16,41,3612
0.1,16,42,3577
0.1,16,43,3724
0.1,16,44,3782
0.1,16,45,3820
0.1,16,46,3956
0.1,16,47,4094
0.1,16,48,4190
0.1,16,49,4103
0.1,16,50,4056
0.1,16,51,4008
0.1,16,52,4071
0.1,16,53,4121
0.1,16,54,4205
0.1,16,55,4224
0.1,16,56,4354
0.1,16,57,4622
0.1,16,58,4809
0.1,16,59,4707
0.1,16,60,4597
0.1,16,61,4819
0.1,16,62,4980
0.1,16,63,4754
0.1,16,64,5012
0.1,16,65,5264
0.1,16,66,4962
0.1,16,67,5129
0.1,16,68,5239
0.1,16,69,5546
0.1,16,70,5424
0.1,16,71,5428
0.1,16,72,5546
0.1,16,73,5583
0.1,16,74,5578
0.1,16,75,5585
0.1,16,76,5645
0.1,16,77,5665
0.1,16,78,5820
0.1,16,79,5994
0.1,16,80,6007
0.1,16,81,6004
0.1,16,82,6092
0.1,16,83,6050
0.1,16,84,6143
0.1,16,85,6116
0.1,16,86,6365
0.1,16,87,6403
0.1,16,88,6491
0.1,16,89,6440
0.1,16,90,6733
0.1,16,91,6676
0.1,16,92,6723
0.1,16,93,6772
0.1,16,94,6806
0.1,16,95,6756
0.1,16,96,7056
0.1,16,97,6951
0.1,16,98,6892
0.1,16,99,7057
0.1,16,100,7216
0.1,17,0,2551
0.1,17,1,2397
0.1,17,2,2343
0.1,17,3,2309
0.1,17,4,2230
0.1,17,5,2262
0.1,17,6,2267
0.1,17,7,2251
0.1,17,8,2268
0.1,17,9,2394
0.1,17,10,2431
0.1,17,11,2441
0.1,17,12,2313
0.1,17,13,2439
0.1,17,14,2500
0.1,17,15,2658
0.1,17,16,2735
0.1,17,17,2774
0.1,17,18,2629
0.1,17,19,2835
0.1,17,20,2959
0.1,17,21,2977
0.1,17,22,2925
0.1,17,23,2995
0.1,17,24,3192
0.1,17,25,3135
0.1,17,26,3294
0.1,17,27,3376
0.1,17,28,3313
0.1,17,29,3378
0.1,17,30,3458
0.1,17,31,3560
0.1,17,32,3605
0.1,17,33,3678
0.1,17,34,3685
0.1,17,35,3680
0.1,17,36,3691
0.1,17,37,3719
0.1,17,38,3901
0.1,17,39,3920
0.1,17,40,4116
0.1,17,41,4164
0.1,17,42,4263
0.1,17,43,4556
0.1,17,44,4483
0.1,17,45,4459
0.1,17,46,4528
0.1,17,47,4576
0.1,17,48,4621
0.1,17,49,4612
0.1,17,50,4755
0.1,17,51,4838
0.1,17,52,4899
0.1,17,53,4986
0.1,17,54,5054
0.1,17,55,5062
0.1,17,56,4815
0.1,17,57,4870
0.1,17,58,5048
0.1,17,59,4977
0.1,17,60,5085
0.1,17,61,5247
0.1,17,62,5214
0.1,17,63,5181
0.1,17,64,5462
0.1,17,65,5450
0.1,17,66,5501
0.1,17,67,5609
0.1,17,68,5462
0.1,17,69,5479
0.1,17,70,5622
0.1,17,71,5625
0.1,17,72,5689
0.1,17,73,5734
0.1,17,74,5799
0.1,17,75,5729
0.1,17,76,5888
0.1,17,77,6064
0.1,17,78,5921
0.1,17,79,6078
0.1,17,80,6216
0.1,17,81,6327
0.1,17,82,6482
0.1,17,83,6515
0.1,17,84,6433
0.1,17,85,6384
0.1,17,86,6506
0.1,17,87,6624
0.1,17,88,6763
0.1,17,89,6831
0.1,17,90,6918
0.1,17,91,7062
0.1,17,92,7126
0.1,17,93,7232
0.1,17,94,7296
0.1,17,95,7474
0.1,17,96,7281
0.1,17,97,7288
0.1,17,98,7500
0.1,17,99,7599
0.1,17,100,7962
0.1,18,0,2605
0.1,18,1,2535
0.1,18,2,2312
0.1,18,3,2236
0.1,18,4,2119
0.1,18,5,2147
0.1,18,6,2101
0.1,18,7,2147
0.1,18,8,2124
0.1,18,9,2089
0.1,18,10,2166
0.1,18,11,2115
0.1,18,12,2113
0.1,18,13,2201
0.1,18,14,2214
0.1,18,15,2221
0.1,18,16,2191
0.1,18,17,2170
0.1,18,18,2246
0.1,18,19,2367
0.1,18,20,2376
0.1,18,21,2499
0.1,18,22,2560
0.1,18,23,2633
0.1,18,24,2707
0.1,18,25,2599
0.1,18,26,2675
0.1,18,27,2741
0.1,18,28,2802
0.1,18,29,2759
0.1,18,30,2737
0.1,18,31,2868
0.1,18,32,2917
0.1,18,33,2927
0.1,18,34,2909
0.1,18,35,2946
0.1,18,36,3020
0.1,18,37,3066
0.1,18,38,3070
0.1,18,39,3244
0.1,18,40,3397
0.1,18,41,3529
0.1,18,42,3446
0.1,18,43,3408
0.1,18,44,3510
0.1,18,45,3569
0.1,18,46,3645
0.1,18,47,3632
0.1,18,48,3762
0.1,18,49,3928
0.1,18,50,3780
0.1,18,51,4072
0.1,18,52,4089
0.1,18,53,4097
0.1,18,54,3979
0.1,18,55,4151
0.1,18,56,4250
0.1,18,57,4368
0.1,18,58,4491
0.1,18,59,4665
0.1,18,60,4634
0.1,18,61,4675
0.1,18,62,4791
0.1,18,63,4936
0.1,18,64,5037
0.1,18,65,5054
0.1,18,66,5028
0.1,18,67,5206
0.1,18,68,5274
0.1,18,69,5271
0.1,18,70,5247
0.1,18,71,5491
0.1,18,72,5350
0.1,18,73,5633
0.1,18,74,5784
0.1,18,75,5679
0.1,18,76,5603
0.1,18,77,5693
0.1,18,78,5702
0.1,18,79,5755
0.1,18,80,5920
0.1,18,81,6226
0.1,18,82,6462
0.1,18,83,6420
0.1,18,84,6457
0.1,18,85,6562
0.1,18,86,6652
0.1,18,87,6633
0.1,18,88,6730
0.1,18,89,6655
0.1,18,90,6642
0.1,18,91,6707
0.1,18,92,6689
0.1,18,93,6756
0.1,18,94,6910
0.1,18,95,6917
0.1,18,96,7057
0.1,18,97,7058
0.1,18,98,7149
0.1,18,99,7246
0.1,18,100,7255
0.1,19,0,2489
0.1,19,1,2287
0.1,19,2,2301
0.1,19,3,2263
0.1,19,4,2239
0.1,19,5,2104
0.1,19,6,2024
0.1,19,7,2028
0.1,19,8,2074
0.1,19,9,2098
0.1,19,10,2150
0.1,19,11,2198
0.1,19,12,2141
0.1,19,13,2105
0.1,19,14,2112
0.1,19,15,2137
0.1,19,16,2109
0.1,19,17,2275
0.1,19,18,2361
0.1,19,19,2372
0.1,19,20,2447
0.1,19,21,2528
0.1,19,22,2527
0.1,19,23,2486
0.1,19,24,2553
0.1,19,25,2586
0.1,19,26,2699
0.1,19,27,2915
0.1,19,28,2935
0.1,19,29,2957
0.1,19,30,2957
0.1,19,31,3044
0.1,19,32,3243
0.1,19,33,3263
0.1,19,34,3347
0.1,19,35,3413
0.1,19,36,3480
0.1,19,37,3438
0.1,19,38,3507
0.1,19,39,3549
0.1,19,40,3633
0.1,19,41,3583
0.1,19,42,3613
0.1,19,43,3646
0.1,19,44,3665
0.1,19,45,3490
0.1,19,46,3666
0.1,19,47,3884
0.1,19,48,3876
0.1,19,49,3949
0.1,19,50,4042
0.1,19,51,4139
0.1,19,52,4137
0.1,19,53,4260
0.1,19,54,4213
0.1,19,55,4276
0.1,19,56,4338
0.1,19,57,4427
0.1,19,58,4370
0.1,19,59,4467
0.1,19,60,4491
0.1,19,61,4697
0.1,19,62,4886
0.1,19,63,4931
0.1,19,64,4772
0.1,19,65,4802
0.1,19,66,4961
0.1,19,67,5031
0.1,19,68,5207
0.1,19,69,5287
0.1,19,70,5320
0.1,19,71,5349
0.1,19,72,5355
0.1,19,73,5439
0.1,19,74,5632
0.1,19,75,5679
0.1,19,76,5684
0.1,19,77,5639
0.1,19,78,5718
0.1,19,79,5957
0.1,19,80,6132
0.1,19,81,6068
0.1,19,82,6209
0.1,19,83,6245
0.1,19,84,6336
0.1,19,85,6418
0.1,19,86,6523
0.1,19,87,6698
0.1,19,88,6825
0.1,19,89,6922
0.1,19,90,6789
0.1,19,91,6650
0.1,19,92,6864
0.1,19,93,6814
0.1,19,94,6990
0.1,19,95,7157
0.1,19,96,7195
0.1,19,97,7116
0.1,19,98,7171
0.1,19,99,7314
0.1,19,100,7328
