0.0721,0,0,3824,0.0746875,98,49,0,1.0
0.0721,0,1,3889,0.0763747,107,52,3,0.972727
0.0721,0,2,3831,0.0755741,97,46,5,0.95098
0.0721,0,3,3855,0.0744094,42,21,0,1.0
0.0721,0,4,3907,0.075594,90,40,10,0.9
0.0721,0,5,3798,0.0735049,101,39,23,0.801587
0.0721,0,6,3815,0.0740001,151,67,17,0.877907
0.0721,0,7,3737,0.0730396,85,40,5,0.944444
0.0721,0,8,3772,0.073984,68,24,20,0.772727
0.0721,0,9,4019,0.078142,80,37,6,0.851064
0.0721,0,10,3933,0.0763808,115,42,31,0.756579
0.0721,0,11,3854,0.0754385,88,32,24,0.785714
0.0721,0,12,3962,0.0778328,52,23,6,0.787879
0.0721,0,13,3997,0.0784433,77,30,17,0.712963
0.0721,0,14,3824,0.0756778,26,9,8,0.541667
0.0721,0,15,3975,0.0794968,48,17,14,0.666667
0.0721,0,16,4156,0.0830635,111,46,19,0.816176
0.0721,0,17,4196,0.0838831,95,40,15,0.818966
0.0721,0,18,4445,0.0891782,91,33,25,0.771186
0.0721,0,19,4269,0.0859196,76,32,12,0.808511
0.0721,0,20,4208,0.0841869,63,21,21,0.715909
0.0721,0,21,4157,0.0837801,41,14,13,0.706897
0.0721,0,22,4545,0.0896273,85,32,21,0.772727
0.0721,0,23,4631,0.0908004,76,33,10,0.883721
0.0721,0,24,4801,0.0945339,112,50,12,0.848485
0.0721,0,25,4820,0.0948445,91,39,13,0.842593
0.0721,0,26,5027,0.0987002,75,32,11,0.833333
0.0721,0,27,5076,0.0992143,78,35,8,0.795918
0.0721,0,28,5082,0.0997174,83,37,9,0.882979
0.0721,0,29,5379,0.105018,70,29,12,0.76087
0.0721,0,30,5390,0.106232,73,31,11,0.811111
0.0721,0,31,5239,0.104927,108,47,14,0.857143
0.0721,0,32,5376,0.108663,79,35,9,0.858696
0.0721,0,33,5446,0.108794,58,23,12,0.828571
0.0721,0,34,5722,0.114706,119,54,11,0.915385
0.0721,0,35,5831,0.114535,106,41,24,0.736111
0.0721,0,36,5861,0.114692,96,43,10,0.90566
0.0721,0,37,5986,0.120133,93,38,17,0.845455
0.0721,0,38,6030,0.118757,105,46,13,0.875
0.0721,0,39,6165,0.121799,94,44,6,0.94
0.0721,0,40,6287,0.124416,79,37,5,0.940476
0.0721,0,41,6528,0.128702,111,48,15,0.867188
0.0721,0,42,6660,0.130788,87,39,9,0.90625
0.0721,0,43,6717,0.133163,133,62,9,0.923611
0.0721,0,44,6866,0.135349,63,29,5,0.9
0.0721,0,45,7330,0.141818,107,52,3,0.972727
0.0721,0,46,7420,0.143393,92,46,0,1.0
0.0721,0,47,7689,0.151198,152,73,6,0.962025
0.0721,0,48,7876,0.15348,197,95,7,0.965686
0.0721,0,49,8015,0.154527,115,55,5,0.958333
0.0721,0,50,7984,0.15631,113,55,3,0.957627
0.0721,0,51,8118,0.157411,137,65,7,0.951389
0.0721,0,52,8202,0.160008,75,35,5,0.9375
0.0721,0,53,8055,0.161042,92,46,0,1.0
0.0721,0,54,8093,0.162876,105,52,1,0.990566
0.0721,0,55,8267,0.162704,122,57,8,0.924242
0.0721,0,56,8373,0.164706,113,52,9,0.92623
0.0721,0,57,8550,0.169039,78,35,8,0.906977
0.0721,0,58,8800,0.172949,135,67,1,0.992647
0.0721,0,59,8945,0.175764,166,82,2,0.988095
0.0721,0,60,8604,0.170316,128,62,4,0.969697
0.0721,0,61,8851,0.176216,138,69,0,1.0
0.0721,0,62,9122,0.179879,129,64,1,0.992308
0.0721,0,63,9490,0.18613,127,61,5,0.962121
0.0721,0,64,9840,0.194505,138,69,0,1.0
0.0721,0,65,10137,0.19795,109,52,5,0.95614
0.0721,0,66,9958,0.196457,75,36,3,0.961538
0.0721,0,67,10051,0.193236,105,52,1,0.990566
0.0721,0,68,9926,0.192476,111,53,5,0.956897
0.0721,0,69,9893,0.194752,117,55,7,0.943548
0.0721,0,70,10162,0.197543,128,61,6,0.955224
0.0721,0,71,10265,0.198734,104,51,2,0.962963
0.0721,0,72,9851,0.192824,107,53,1,0.990741
0.0721,0,73,10230,0.199221,112,56,0,1.0
0.0721,0,74,10604,0.205329,74,37,0,1.0
0.0721,0,75,10601,0.208124,108,54,0,1.0
0.0721,0,76,10732,0.211651,104,52,0,1.0
0.0721,0,77,11033,0.215354,143,70,3,0.979452
0.0721,0,78,11119,0.215001,85,42,1,0.988372
0.0721,0,79,11313,0.21626,82,39,4,0.953488
0.0721,0,80,11033,0.214792,75,35,5,0.9375
0.0721,0,81,11068,0.214529,128,63,2,0.984615
0.0721,0,82,11098,0.21537,121,58,5,0.960317
0.0721,0,83,11274,0.219544,112,56,0,1.0
0.0721,0,84,11446,0.223328,157,78,1,0.993671
0.0721,0,85,11848,0.228965,120,60,0,1.0
0.0721,0,86,11772,0.227513,80,40,0,1.0
0.0721,0,87,12072,0.234782,132,66,0,1.0
0.0721,0,88,12444,0.239824,103,51,1,0.990385
0.0721,0,89,12476,0.24097,101,50,1,0.990196
0.0721,0,90,12593,0.243776,108,54,0,1.0
0.0721,0,91,12410,0.239409,176,87,2,0.988764
0.0721,0,92,12089,0.234219,92,46,0,1.0
0.0721,0,93,12205,0.236816,98,49,0,1.0
0.0721,0,94,12612,0.247391,97,48,1,0.989796
0.0721,0,95,13035,0.249895,110,55,0,1.0
0.0721,0,96,12877,0.247806,148,74,0,1.0
0.0721,0,97,12949,0.248046,110,55,0,1.0
0.0721,0,98,13357,0.255109,128,64,0,1.0
0.0721,0,99,13615,0.261606,156,78,0,1.0
0.0721,0,100,13365,0.257187,102,51,0,1.0
0.0721,1,0,3724,0.0725954,92,46,0,1.0
0.0721,1,1,3691,0.0726375,80,39,2,0.97561
0.0721,1,2,3833,0.0751186,106,51,4,0.963636
0.0721,1,3,3759,0.0743738,91,43,5,0.947917
0.0721,1,4,3799,0.0751147,88,40,8,0.88
0.0721,1,5,3832,0.0756654,125,56,13,0.905797
0.0721,1,6,3714,0.0729179,66,31,4,0.825
0.0721,1,7,3838,0.0752018,98,37,24,0.790323
0.0721,1,8,3901,0.0776968,110,46,18,0.797101
0.0721,1,9,3895,0.0779499,56,17,22,0.651163
0.0721,1,10,3682,0.073909,71,29,13,0.845238
0.0721,1,11,3747,0.0745672,35,14,7,0.625
0.0721,1,12,3633,0.0715017,76,27,22,0.703704
0.0721,1,13,3498,0.0685829,40,14,12,0.714286
0.0721,1,14,3273,0.0655177,60,24,12,0.697674
0.0721,1,15,3276,0.0645034,41,12,17,0.554054
0.0721,1,16,3248,0.0655394,35,11,13,0.546875
0.0721,1,17,3340,0.06668,68,21,26,0.62963
0.0721,1,18,3293,0.0658442,42,14,14,0.552632
0.0721,1,19,3181,0.0643016,81,30,21,0.75
0.0721,1,20,3083,0.0622828,59,24,11,0.702381
0.0721,1,21,3024,0.0614509,44,7,30,0.478261
0.0721,1,22,3281,0.0645561,25,6,13,0.337838
0.0721,1,23,3142,0.061741,53,18,17,0.630952
0.0721,1,24,2968,0.0580527,30,11,8,0.576923
0.0721,1,25,3023,0.0597573,70,22,26,0.603448
0.0721,1,26,2842,0.0558262,40,12,16,0.465116
0.0721,1,27,2651,0.05229,59,15,29,0.491667
0.0721,1,28,2583,0.0514419,55,16,23,0.539216
0.0721,1,29,2592,0.0507996,23,6,11,0.425926
0.0721,1,30,2632,0.0524011,10,2,6,0.185185
0.0721,1,31,2493,0.0495331,26,5,16,0.481481
0.0721,1,32,2467,0.047666,25,6,13,0.403226
0.0721,1,33,2475,0.0478872,59,12,35,0.44697
0.0721,1,34,2441,0.0473282,61,18,25,0.525862
0.0721,1,35,2308,0.0451063,32,6,20,0.390244
0.0721,1,36,2198,0.044204,21,6,9,0.362069
0.0721,1,37,2085,0.0422544,28,6,16,0.466667
0.0721,1,38,1996,0.0403249,24,3,18,0.333333
0.0721,1,39,1930,0.0386371,18,3,12,0.236842
0.0721,1,40,1756,0.0352568,34,4,26,0.298246
0.0721,1,41,1621,0.0324096,22,4,14,0.305556
0.0721,1,42,1502,0.0300412,14,2,10,0.269231
0.0721,1,43,1331,0.026975,25,5,15,0.290698
0.0721,1,44,1232,0.0244843,9,0,9,0.118421
0.0721,1,45,1098,0.0217935,16,3,10,0.25
0.0721,1,46,1014,0.0200308,18,3,12,0.163636
0.0721,1,47,851,0.0168375,17,2,13,0.163462
0.0721,1,48,784,0.0154586,16,3,10,0.156863
0.0721,1,49,693,0.0135542,17,2,13,0.173469
0.0721,1,50,617,0.0122086,9,0,9,0.075
0.0721,1,51,534,0.0105768,4,0,4,0.0526316
0.0721,1,52,487,0.00954453,7,2,3,0.291667
0.0721,1,53,441,0.00871886,4,0,4,0.0526316
0.0721,1,54,415,0.00808085,14,0,14,0.12069
0.0721,1,55,338,0.00654607,5,0,5,0.0520833
0.0721,1,56,310,0.00607058,4,0,4,0.0338983
0.0721,1,57,235,0.0046384,9,0,9,0.0681818
0.0721,1,58,235,0.00460857,3,0,3,0.0306122
0.0721,1,59,208,0.00411539,3,0,3,0.0288462
0.0721,1,60,192,0.00375837,1,0,1,0.00746269
0.0721,1,61,132,0.0025639,3,0,3,0.03125
0.0721,1,62,120,0.00232603,1,0,1,0.0138889
0.0721,1,63,92,0.00176835,0,0,0,0.0
0.0721,1,64,76,0.00147808,1,0,1,0.0128205
0.0721,1,65,60,0.00117178,0,0,0,0.0
0.0721,1,66,51,0.00099734,0,0,0,0.0
0.0721,1,67,42,0.000806699,0,0,0,0.0
0.0721,1,68,33,0.000638224,0,0,0,0.0
0.0721,1,69,37,0.000718168,0,0,0,0.0
0.0721,1,70,33,0.000635202,0,0,0,0.0
0.0721,1,71,22,0.000422297,0,0,0,0.0
0.0721,1,72,29,0.000560712,0,0,0,0.0
0.0721,1,73,25,0.00048384,1,0,1,0.0121951
0.0721,1,74,13,0.000252535,0,0,0,0.0
0.0721,1,75,11,0.000212988,0,0,0,0.0
0.0721,1,76,11,0.00021002,0,0,0,0.0
0.0721,1,77,9,0.000171861,0,0,0,0.0
0.0721,1,78,10,0.000187385,0,0,0,0.0
0.0721,1,79,9,0.000168483,0,0,0,0.0
0.0721,1,80,14,0.000265867,1,0,1,0.00806452
0.0721,1,81,21,0.000396017,1,0,1,0.00877193
0.0721,1,82,16,0.000305157,1,0,1,0.00806452
0.0721,1,83,17,0.000321787,0,0,0,0.0
0.0721,1,84,18,0.000344024,0,0,0,0.0
0.0721,1,85,19,0.000365455,0,0,0,0.0
0.0721,1,86,18,0.000345013,0,0,0,0.0
0.0721,1,87,23,0.000442104,0,0,0,0.0
0.0721,1,88,11,0.000209476,0,0,0,0.0
0.0721,1,89,17,0.000326183,0,0,0,0.0
0.0721,1,90,14,0.000272278,0,0,0,0.0
0.0721,1,91,18,0.000354191,0,0,0,0.0
0.0721,1,92,20,0.000391558,0,0,0,0.0
0.0721,1,93,27,0.000532083,0,0,0,0.0
0.0721,1,94,21,0.000408433,0,0,0,0.0
0.0721,1,95,22,0.000430394,0,0,0,0.0
0.0721,1,96,19,0.000365948,0,0,0,0.0
0.0721,1,97,11,0.000213775,0,0,0,0.0
0.0721,1,98,4,7.81677e-05,0,0,0,0.0
0.0721,1,99,0,0.0,0,0,0,0.0
0.0721,2,0,3832,0.0743327,132,66,0,1.0
0.0721,2,1,3828,0.0737487,85,42,1,0.988372
0.0721,2,2,3922,0.0766135,85,41,3,0.965909
0.0721,2,3,3916,0.0773332,75,36,3,0.914634
0.0721,2,4,4080,0.0792448,104,48,8,0.928571
0.0721,2,5,3900,0.0758283,100,44,12,0.847458
0.0721,2,6,4065,0.0799347,95,40,15,0.791667
0.0721,2,7,4023,0.0789226,117,53,11,0.914062
0.0721,2,8,4024,0.079759,110,50,10,0.901639
0.0721,2,9,4045,0.0804239,134,62,10,0.930556
0.0721,2,10,4239,0.0840138,76,33,10,0.826087
0.0721,2,11,4205,0.0829814,95,46,3,0.95
0.0721,2,12,4170,0.082962,88,39,10,0.830189
0.0721,2,13,4225,0.083966,89,37,15,0.839623
0.0721,2,14,4252,0.0838163,102,45,12,0.87931
0.0721,2,15,4345,0.0847474,88,38,12,0.846154
0.0721,2,16,4287,0.0835412,66,23,20,0.75
0.0721,2,17,4300,0.0849702,97,42,13,0.881818
0.0721,2,18,4333,0.0860439,108,47,14,0.870968
0.0721,2,19,4383,0.0868024,75,26,23,0.707547
0.0721,2,20,4305,0.0857604,69,30,9,0.8625
0.0721,2,21,4520,0.0900685,76,33,10,0.844444
0.0721,2,22,4522,0.0901048,61,26,9,0.847222
0.0721,2,23,4631,0.0925904,93,40,13,0.877358
0.0721,2,24,4680,0.093216,80,32,16,0.816327
0.0721,2,25,4749,0.093928,113,52,9,0.896825
0.0721,2,26,4922,0.0984085,79,30,19,0.79
0.0721,2,27,4826,0.0969349,95,41,13,0.818966
0.0721,2,28,4867,0.0969947,104,46,12,0.852459
0.0721,2,29,5032,0.0997028,102,46,10,0.85
0.0721,2,30,4995,0.0981297,83,30,23,0.741071
0.0721,2,31,5156,0.102107,85,34,17,0.833333
0.0721,2,32,5419,0.10591,97,41,15,0.808333
0.0721,2,33,5246,0.103398,72,31,10,0.818182
0.0721,2,34,5229,0.101672,94,40,14,0.87037
0.0721,2,35,5390,0.105376,66,24,18,0.767442
0.0721,2,36,5529,0.108779,118,44,30,0.766234
0.0721,2,37,5641,0.112658,85,35,15,0.817308
0.0721,2,38,5766,0.115117,111,53,5,0.909836
0.0721,2,39,5724,0.113535,61,27,7,0.897059
0.0721,2,40,5892,0.117291,95,39,17,0.818966
0.0721,2,41,6181,0.120525,75,29,17,0.78125
0.0721,2,42,6349,0.122214,90,39,12,0.882353
0.0721,2,43,6286,0.125005,64,29,6,0.914286
0.0721,2,44,6503,0.128148,97,46,5,0.95098
0.0721,2,45,6733,0.134919,101,46,9,0.918182
0.0721,2,46,6753,0.135011,81,36,9,0.9
0.0721,2,47,6884,0.135538,66,33,0,1.0
0.0721,2,48,7119,0.139983,111,52,7,0.940678
0.0721,2,49,7049,0.138351,122,55,12,0.910448
0.0721,2,50,7255,0.142177,45,20,5,0.9
0.0721,2,51,7417,0.145141,86,36,14,0.843137
0.0721,2,52,7502,0.146489,107,52,3,0.972727
0.0721,2,53,7767,0.152008,119,59,1,0.991667
0.0721,2,54,8023,0.157357,125,61,3,0.976562
0.0721,2,55,8047,0.159013,66,31,4,0.916667
0.0721,2,56,8226,0.161174,119,57,5,0.959677
0.0721,2,57,8466,0.165649,100,47,6,0.943396
0.0721,2,58,8715,0.169823,100,47,6,0.943396
0.0721,2,59,8474,0.166111,88,43,2,0.977778
0.0721,2,60,8432,0.164816,119,59,1,0.991667
0.0721,2,61,8783,0.171322,100,45,10,0.909091
0.0721,2,62,8566,0.167141,136,64,8,0.944444
0.0721,2,63,8628,0.170777,140,66,8,0.945946
0.0721,2,64,8938,0.175097,94,46,2,0.979167
0.0721,2,65,9039,0.175351,125,62,1,0.992063
0.0721,2,66,9051,0.175932,142,70,2,0.986111
0.0721,2,67,9342,0.178282,132,65,2,0.985075
0.0721,2,68,9504,0.18284,144,71,2,0.986301
0.0721,2,69,10008,0.190071,161,76,9,0.947059
0.0721,2,70,9878,0.19474,94,45,4,0.959184
0.0721,2,71,9848,0.192179,121,57,7,0.945312
0.0721,2,72,9897,0.194135,120,56,8,0.9375
0.0721,2,73,10039,0.195311,109,54,1,0.990909
0.0721,2,74,9993,0.196658,56,26,4,0.933333
0.0721,2,75,10537,0.202892,124,62,0,1.0
0.0721,2,76,10335,0.199618,104,52,0,1.0
0.0721,2,77,10583,0.206232,109,54,1,0.990909
0.0721,2,78,10526,0.204008,56,26,4,0.933333
0.0721,2,79,10630,0.205482,135,66,3,0.978261
0.0721,2,80,11016,0.210905,130,65,0,1.0
0.0721,2,81,11254,0.213735,108,53,2,0.981818
0.0721,2,82,11345,0.219032,133,65,3,0.977941
0.0721,2,83,11215,0.217699,142,71,0,1.0
0.0721,2,84,11290,0.221668,146,73,0,1.0
0.0721,2,85,11499,0.224607,139,68,3,0.978873
0.0721,2,86,11611,0.226893,154,76,2,0.987179
0.0721,2,87,11859,0.227602,108,54,0,1.0
0.0721,2,88,12015,0.232542,160,79,2,0.987654
0.0721,2,89,11831,0.228574,113,56,1,0.991228
0.0721,2,90,12252,0.240122,90,45,0,1.0
0.0721,2,91,12494,0.240565,117,58,1,0.991525
0.0721,2,92,12499,0.239637,130,64,2,0.984848
0.0721,2,93,12644,0.24252,132,66,0,1.0
0.0721,2,94,12933,0.247389,78,39,0,1.0
0.0721,2,95,12923,0.249594,106,52,2,0.981481
0.0721,2,96,12574,0.244926,126,63,0,1.0
0.0721,2,97,12955,0.249778,89,44,1,0.988889
0.0721,2,98,12794,0.246655,112,56,0,1.0
0.0721,2,99,13250,0.25428,97,48,1,0.989796
0.0721,2,100,13538,0.262354,144,71,2,0.986301
0.0721,3,0,3604,0.069691,102,51,0,1.0
0.0721,3,1,3794,0.0734275,132,63,6,0.956522
0.0721,3,2,3756,0.0730825,112,52,8,0.933333
0.0721,3,3,3577,0.07048,104,46,12,0.896552
0.0721,3,4,3559,0.0698967,93,43,7,0.93
0.0721,3,5,3622,0.0709056,97,45,7,0.915094
0.0721,3,6,3863,0.0760673,103,46,11,0.903509
0.0721,3,7,3650,0.07224,77,33,11,0.836957
0.0721,3,8,3707,0.0733624,99,38,23,0.785714
0.0721,3,9,3648,0.0727737,77,32,13,0.819149
0.0721,3,10,3746,0.0734193,63,25,13,0.807692
0.0721,3,11,3982,0.0781336,49,18,13,0.7
0.0721,3,12,3998,0.0785061,64,30,4,0.820513
0.0721,3,13,3951,0.0799539,80,29,22,0.727273
0.0721,3,14,3956,0.0794059,44,18,8,0.709677
0.0721,3,15,3754,0.07449,93,38,17,0.845455
0.0721,3,16,3882,0.0775717,72,29,14,0.818182
0.0721,3,17,3993,0.0799463,78,34,10,0.866667
0.0721,3,18,4227,0.0834057,71,30,11,0.788889
0.0721,3,19,4193,0.0840516,101,36,29,0.691781
0.0721,3,20,4276,0.0854448,96,38,20,0.8
0.0721,3,21,4141,0.0819675,74,27,20,0.755102
0.0721,3,22,4205,0.0833862,49,17,15,0.720588
0.0721,3,23,4282,0.0853975,78,30,18,0.722222
0.0721,3,24,4387,0.0878384,74,29,16,0.711538
0.0721,3,25,4404,0.0867134,84,36,12,0.84
0.0721,3,26,4542,0.0893778,89,38,13,0.794643
0.0721,3,27,4301,0.0853542,48,18,12,0.571429
0.0721,3,28,4376,0.0880164,35,9,17,0.564516
0.0721,3,29,4449,0.0883124,60,19,22,0.714286
0.0721,3,30,4473,0.0889371,71,29,13,0.771739
0.0721,3,31,4589,0.0917727,66,28,10,0.868421
0.0721,3,32,4831,0.0951209,87,40,7,0.90625
0.0721,3,33,4873,0.0955116,83,35,13,0.864583
0.0721,3,34,5013,0.0978452,66,30,6,0.916667
0.0721,3,35,4899,0.0961795,82,37,8,0.854167
0.0721,3,36,4955,0.0965736,132,52,28,0.785714
0.0721,3,37,4940,0.0976323,94,39,16,0.839286
0.0721,3,38,5241,0.103655,74,31,12,0.860465
0.0721,3,39,5136,0.10111,105,38,29,0.76087
0.0721,3,40,5253,0.103109,90,38,14,0.833333
0.0721,3,41,5237,0.102285,107,41,25,0.810606
0.0721,3,42,5123,0.0998091,114,46,22,0.838235
0.0721,3,43,5276,0.103071,95,42,11,0.896226
0.0721,3,44,5209,0.101067,74,30,14,0.787234
0.0721,3,45,5522,0.106213,104,40,24,0.787879
0.0721,3,46,5545,0.106972,113,49,15,0.869231
0.0721,3,47,5759,0.113286,113,46,21,0.807143
0.0721,3,48,5619,0.112818,87,38,11,0.887755
0.0721,3,49,5565,0.109435,96,42,12,0.842105
0.0721,3,50,5804,0.111252,81,36,9,0.9
0.0721,3,51,6104,0.117249,78,36,6,0.928571
0.0721,3,52,6190,0.120682,155,70,15,0.911765
0.0721,3,53,6252,0.120765,91,41,9,0.892157
0.0721,3,54,6453,0.125398,97,41,15,0.866071
0.0721,3,55,6630,0.128588,90,37,16,0.818182
0.0721,3,56,6505,0.127759,88,43,2,0.977778
0.0721,3,57,6572,0.13019,97,42,13,0.881818
0.0721,3,58,6392,0.12757,114,48,18,0.850746
0.0721,3,59,6394,0.127655,128,56,16,0.888889
0.0721,3,60,6640,0.131652,89,44,1,0.988889
0.0721,3,61,6746,0.133178,93,40,13,0.801724
0.0721,3,62,6862,0.135881,89,40,9,0.839623
0.0721,3,63,6936,0.138759,93,43,7,0.93
0.0721,3,64,7029,0.139764,113,51,11,0.896825
0.0721,3,65,7323,0.144512,94,44,6,0.921569
0.0721,3,66,7726,0.15054,92,44,4,0.958333
0.0721,3,67,7714,0.149891,97,45,7,0.932692
0.0721,3,68,7656,0.151616,106,50,6,0.929825
0.0721,3,69,7643,0.150305,173,83,7,0.961111
0.0721,3,70,7929,0.155458,81,38,5,0.94186
0.0721,3,71,8206,0.162663,126,61,4,0.969231
0.0721,3,72,7971,0.160331,87,42,3,0.966667
0.0721,3,73,8208,0.160651,109,50,9,0.923729
0.0721,3,74,8249,0.161955,127,62,3,0.976923
0.0721,3,75,8389,0.165588,97,48,1,0.989796
0.0721,3,76,8420,0.167729,110,55,0,1.0
0.0721,3,77,8568,0.171148,141,70,1,0.992958
0.0721,3,78,8759,0.174149,89,42,5,0.946809
0.0721,3,79,8971,0.174819,83,41,1,0.988095
0.0721,3,80,9273,0.179258,98,48,2,0.98
0.0721,3,81,9578,0.185283,164,82,0,1.0
0.0721,3,82,9629,0.190191,112,55,2,0.982456
0.0721,3,83,9821,0.193053,136,67,2,0.985507
0.0721,3,84,10040,0.194649,108,52,4,0.964286
0.0721,3,85,10195,0.198725,67,33,1,0.985294
0.0721,3,86,10237,0.199505,134,66,2,0.985294
0.0721,3,87,10409,0.201428,118,57,4,0.967213
0.0721,3,88,10776,0.207742,100,50,0,1.0
0.0721,3,89,10631,0.208492,106,52,2,0.981481
0.0721,3,90,10804,0.211752,125,62,1,0.992063
0.0721,3,91,10909,0.212842,137,66,5,0.964789
0.0721,3,92,11597,0.223182,124,61,2,0.984127
0.0721,3,93,11755,0.226206,75,37,1,0.986842
0.0721,3,94,11774,0.225452,86,43,0,1.0
0.0721,3,95,11593,0.223492,145,72,1,0.993151
0.0721,3,96,12139,0.234588,102,51,0,1.0
0.0721,3,97,11903,0.229407,116,58,0,1.0
0.0721,3,98,11811,0.227353,126,63,0,1.0
0.0721,3,99,11865,0.227753,68,34,0,1.0
0.0721,3,100,11769,0.227579,116,58,0,1.0
0.0721,4,0,3856,0.07347,114,57,0,1.0
0.0721,4,1,4216,0.0802834,118,59,0,1.0
0.0721,4,2,4018,0.0770972,95,47,1,0.989583
0.0721,4,3,4013,0.0784924,97,45,7,0.932692
0.0721,4,4,4040,0.0785992,87,37,13,0.852941
0.0721,4,5,3936,0.0777313,81,38,5,0.9
0.0721,4,6,4070,0.0805048,69,25,19,0.75
0.0721,4,7,3939,0.078279,88,40,8,0.916667
0.0721,4,8,3983,0.0810871,44,18,8,0.785714
0.0721,4,9,4131,0.0825738,92,39,14,0.867925
0.0721,4,10,4254,0.084018,113,48,17,0.795775
0.0721,4,11,4553,0.0884421,95,38,19,0.753968
0.0721,4,12,4602,0.089925,76,29,18,0.791667
0.0721,4,13,4650,0.0916545,132,58,16,0.857143
0.0721,4,14,4624,0.0905105,95,40,15,0.791667
0.0721,4,15,4764,0.0945839,112,46,20,0.767123
0.0721,4,16,4674,0.0918777,107,37,33,0.629412
0.0721,4,17,4733,0.0943882,87,37,13,0.836538
0.0721,4,18,4934,0.0974752,82,37,8,0.836735
0.0721,4,19,5175,0.101443,101,43,15,0.814516
0.0721,4,20,5114,0.101239,73,33,7,0.848837
0.0721,4,21,5293,0.105037,69,32,5,0.932432
0.0721,4,22,5411,0.106633,125,54,17,0.868056
0.0721,4,23,5509,0.108109,82,34,14,0.854167
0.0721,4,24,5689,0.111278,49,19,11,0.790323
0.0721,4,25,5917,0.116844,86,36,14,0.811321
0.0721,4,26,6085,0.11827,90,36,18,0.803571
0.0721,4,27,5990,0.118713,79,34,11,0.877778
0.0721,4,28,6140,0.121464,58,24,10,0.805556
0.0721,4,29,6268,0.122522,108,48,12,0.818182
0.0721,4,30,6212,0.122447,64,27,10,0.820513
0.0721,4,31,6044,0.119721,56,25,6,0.875
0.0721,4,32,6254,0.123256,106,48,10,0.883333
0.0721,4,33,6571,0.12733,111,51,9,0.925
0.0721,4,34,6810,0.13343,92,43,6,0.938776
0.0721,4,35,6680,0.133062,102,41,20,0.809524
0.0721,4,36,6615,0.130897,109,49,11,0.908333
0.0721,4,37,6647,0.132775,127,61,5,0.962121
0.0721,4,38,6842,0.134765,92,42,8,0.867925
0.0721,4,39,6937,0.136868,80,34,12,0.869565
0.0721,4,40,7199,0.141412,95,40,15,0.863636
0.0721,4,41,7290,0.142952,93,40,13,0.877358
0.0721,4,42,7434,0.144653,84,40,4,0.933333
0.0721,4,43,7886,0.153108,81,39,3,0.964286
0.0721,4,44,7894,0.152706,74,35,4,0.948718
0.0721,4,45,8171,0.160184,149,72,5,0.967532
0.0721,4,46,8121,0.157067,80,37,6,0.930233
0.0721,4,47,8414,0.165454,126,61,4,0.969231
0.0721,4,48,8624,0.169198,92,45,2,0.978723
0.0721,4,49,8912,0.173486,134,66,2,0.985294
0.0721,4,50,9114,0.17671,156,76,4,0.975
0.0721,4,51,9287,0.181005,122,56,10,0.924242
0.0721,4,52,9086,0.178626,82,40,2,0.97619
0.0721,4,53,9385,0.180822,142,71,0,1.0
0.0721,4,54,9153,0.179583,128,61,6,0.955224
0.0721,4,55,9129,0.176967,150,72,6,0.9375
0.0721,4,56,9023,0.17588,125,59,7,0.94697
0.0721,4,57,9200,0.178315,102,51,0,1.0
0.0721,4,58,9465,0.185436,129,64,1,0.992308
0.0721,4,59,9666,0.191345,160,79,2,0.987654
0.0721,4,60,10107,0.198996,133,64,5,0.963768
0.0721,4,61,10257,0.199459,95,47,1,0.989583
0.0721,4,62,10443,0.205223,130,65,0,1.0
0.0721,4,63,10447,0.206031,78,39,0,1.0
0.0721,4,64,10631,0.208729,119,59,1,0.991667
0.0721,4,65,10671,0.210756,124,61,2,0.984127
0.0721,4,66,10938,0.213433,88,44,0,1.0
0.0721,4,67,11080,0.218964,86,43,0,1.0
0.0721,4,68,11284,0.220081,180,89,2,0.989011
0.0721,4,69,11809,0.227578,96,45,6,0.941176
0.0721,4,70,11768,0.225501,104,50,4,0.962963
0.0721,4,71,11644,0.223863,129,64,1,0.992308
0.0721,4,72,11712,0.224695,130,65,0,1.0
0.0721,4,73,11999,0.227486,135,67,1,0.992647
0.0721,4,74,12061,0.230877,94,46,2,0.979167
0.0721,4,75,12319,0.236567,106,53,0,1.0
0.0721,4,76,12453,0.241881,80,40,0,1.0
0.0721,4,77,12365,0.240892,165,82,1,0.993976
0.0721,4,78,12461,0.240913,111,55,1,0.991071
0.0721,4,79,12604,0.242133,125,61,3,0.976562
0.0721,4,80,12637,0.244732,108,53,2,0.981818
0.0721,4,81,12753,0.247833,130,65,0,1.0
0.0721,4,82,13089,0.256446,122,61,0,1.0
0.0721,4,83,13438,0.260689,80,40,0,1.0
0.0721,4,84,13252,0.256513,54,27,0,1.0
0.0721,4,85,13527,0.258208,107,53,1,0.990741
0.0721,4,86,14041,0.265636,110,54,2,0.982143
0.0721,4,87,14099,0.26887,72,36,0,1.0
0.0721,4,88,13971,0.263584,124,61,2,0.984127
0.0721,4,89,14231,0.271449,83,41,1,0.988095
0.0721,4,90,14031,0.267023,118,59,0,1.0
0.0721,4,91,14270,0.272121,88,44,0,1.0
0.0721,4,92,14910,0.280865,106,53,0,1.0
0.0721,4,93,15072,0.285877,88,44,0,1.0
0.0721,4,94,15378,0.293115,139,69,1,0.992857
0.0721,4,95,15955,0.298906,170,85,0,1.0
0.0721,4,96,15411,0.294002,114,57,0,1.0
0.0721,4,97,15245,0.294726,94,47,0,1.0
0.0721,4,98,15532,0.30024,76,38,0,1.0
0.0721,4,99,15413,0.296506,118,59,0,1.0
0.0721,4,100,15971,0.3045,127,63,1,0.992188
0.0721,5,0,3808,0.0740194,108,54,0,1.0
0.0721,5,1,3968,0.0774214,122,61,0,1.0
0.0721,5,2,3874,0.0758923,105,52,1,0.990566
0.0721,5,3,3746,0.0727153,109,52,5,0.939655
0.0721,5,4,3832,0.0743818,123,57,9,0.931818
0.0721,5,5,3873,0.0753737,126,57,12,0.9
0.0721,5,6,3853,0.0745954,85,29,27,0.720339
0.0721,5,7,3834,0.0757438,65,21,23,0.691489
0.0721,5,8,3852,0.0759883,69,28,13,0.766667
0.0721,5,9,3925,0.0761367,105,45,15,0.807692
0.0721,5,10,3954,0.0777153,100,42,16,0.757576
0.0721,5,11,3820,0.0749755,118,53,12,0.893939
0.0721,5,12,4033,0.079912,83,32,19,0.783019
0.0721,5,13,3921,0.0781387,87,36,15,0.75
0.0721,5,14,3839,0.0754936,77,35,7,0.916667
0.0721,5,15,3806,0.0757715,46,16,14,0.676471
0.0721,5,16,3977,0.0794098,96,34,28,0.727273
0.0721,5,17,3991,0.0796957,78,34,10,0.829787
0.0721,5,18,3905,0.0781125,43,12,19,0.651515
0.0721,5,19,3976,0.0791937,55,20,15,0.743243
0.0721,5,20,4173,0.0826566,48,15,18,0.631579
0.0721,5,21,4079,0.0811644,111,41,29,0.74
0.0721,5,22,4234,0.0841448,72,26,20,0.692308
0.0721,5,23,4166,0.082495,70,28,14,0.660377
0.0721,5,24,4149,0.0827516,70,25,20,0.673077
0.0721,5,25,3917,0.0782117,53,17,19,0.646341
0.0721,5,26,3888,0.0776172,53,15,23,0.630952
0.0721,5,27,3862,0.0763815,67,19,29,0.632075
0.0721,5,28,3794,0.0752867,94,36,22,0.783333
0.0721,5,29,3842,0.0778016,47,17,13,0.671429
0.0721,5,30,3811,0.0759405,57,18,21,0.678571
0.0721,5,31,3632,0.0732553,50,18,14,0.714286
0.0721,5,32,3625,0.0730434,91,33,25,0.65942
0.0721,5,33,3888,0.0772103,89,37,15,0.695312
0.0721,5,34,3719,0.0746068,48,16,16,0.545455
0.0721,5,35,3690,0.0739598,33,7,19,0.445946
0.0721,5,36,3619,0.0722182,85,35,15,0.817308
0.0721,5,37,3478,0.0698478,47,17,13,0.734375
0.0721,5,38,3584,0.0727273,79,30,19,0.731481
0.0721,5,39,3651,0.0729675,73,26,21,0.688679
0.0721,5,40,3708,0.0733821,74,30,14,0.755102
0.0721,5,41,3640,0.072832,107,41,25,0.732877
0.0721,5,42,3693,0.0734078,41,11,19,0.585714
0.0721,5,43,3695,0.0735968,64,19,26,0.666667
0.0721,5,44,3704,0.0732885,43,17,9,0.767857
0.0721,5,45,3825,0.075236,68,25,18,0.723404
0.0721,5,46,3766,0.0752598,105,41,23,0.739437
0.0721,5,47,3793,0.0742241,65,20,25,0.625
0.0721,5,48,3835,0.0754713,59,23,13,0.75641
0.0721,5,49,3740,0.0747641,67,29,9,0.817073
0.0721,5,50,3949,0.078096,79,29,21,0.77451
0.0721,5,51,3907,0.0781025,96,41,14,0.827586
0.0721,5,52,3873,0.0779652,67,24,19,0.728261
0.0721,5,53,3937,0.0794487,64,25,14,0.761905
0.0721,5,54,4053,0.0809596,49,21,7,0.816667
0.0721,5,55,4072,0.0809897,93,37,19,0.715385
0.0721,5,56,4168,0.0829849,59,24,11,0.7375
0.0721,5,57,4228,0.0845431,55,22,11,0.808824
0.0721,5,58,4378,0.0868582,71,27,17,0.739583
0.0721,5,59,4470,0.0890261,105,40,25,0.807692
0.0721,5,60,4578,0.0919979,91,32,27,0.710938
0.0721,5,61,4772,0.0937304,93,39,15,0.830357
0.0721,5,62,4594,0.0925389,92,37,18,0.793103
0.0721,5,63,4790,0.0959151,93,34,25,0.788136
0.0721,5,64,4793,0.0937891,89,38,13,0.872549
0.0721,5,65,4771,0.0942327,111,53,5,0.956897
0.0721,5,66,4730,0.0928762,99,43,13,0.883929
0.0721,5,67,4794,0.0943887,64,28,8,0.888889
0.0721,5,68,4616,0.0922573,98,42,14,0.859649
0.0721,5,69,4710,0.0945138,73,31,11,0.829545
0.0721,5,70,4946,0.0984788,56,21,14,0.777778
0.0721,5,71,4937,0.099384,55,22,11,0.833333
0.0721,5,72,5057,0.0993009,79,33,13,0.858696
0.0721,5,73,5031,0.099762,69,29,11,0.8625
0.0721,5,74,5165,0.103553,101,45,11,0.855932
0.0721,5,75,5171,0.103008,82,33,16,0.788462
0.0721,5,76,5155,0.102071,81,35,11,0.698276
0.0721,5,77,5167,0.102398,68,28,12,0.829268
0.0721,5,78,4846,0.0965723,78,33,12,0.829787
0.0721,5,79,5065,0.100063,73,32,9,0.811111
0.0721,5,80,5259,0.102755,88,38,12,0.88
0.0721,5,81,5427,0.106433,55,23,9,0.859375
0.0721,5,82,5525,0.107561,54,21,12,0.818182
0.0721,5,83,5658,0.109753,89,37,15,0.839623
0.0721,5,84,5811,0.112173,84,40,4,0.954545
0.0721,5,85,5972,0.114789,109,45,19,0.778571
0.0721,5,86,5780,0.112059,92,40,12,0.867925
0.0721,5,87,5836,0.114494,71,32,7,0.910256
0.0721,5,88,5829,0.115522,95,41,13,0.87963
0.0721,5,89,5993,0.117852,88,39,10,0.897959
0.0721,5,90,5818,0.116179,91,41,9,0.91
0.0721,5,91,5743,0.114111,126,56,14,0.9
0.0721,5,92,5973,0.118329,63,27,9,0.828947
0.0721,5,93,6258,0.122313,127,58,11,0.907143
0.0721,5,94,6489,0.125868,109,48,13,0.893443
0.0721,5,95,6757,0.129083,72,31,10,0.8
0.0721,5,96,6462,0.125739,79,34,11,0.877778
0.0721,5,97,6569,0.128602,119,57,5,0.944444
0.0721,5,98,6813,0.132874,128,60,8,0.941176
0.0721,5,99,6821,0.135321,87,40,7,0.90625
0.0721,5,100,6796,0.135741,86,41,4,0.934783
0.0721,6,0,3714,0.0720969,70,35,0,1.0
0.0721,6,1,3873,0.0748579,116,57,2,0.983051
0.0721,6,2,4011,0.0781049,76,36,4,0.95
0.0721,6,3,3960,0.0775467,60,27,6,0.857143
0.0721,6,4,3814,0.0740813,86,37,12,0.86
0.0721,6,5,3971,0.077041,94,40,14,0.854545
0.0721,6,6,3870,0.075645,60,21,18,0.75
0.0721,6,7,3943,0.0768376,87,39,9,0.87
0.0721,6,8,3734,0.0729439,104,44,16,0.83871
0.0721,6,9,3843,0.0754862,71,26,19,0.739583
0.0721,6,10,3680,0.0733097,62,28,6,0.911765
0.0721,6,11,3788,0.0748143,68,24,20,0.666667
0.0721,6,12,3656,0.072313,39,19,1,0.975
0.0721,6,13,3724,0.0742572,67,28,11,0.8375
0.0721,6,14,3892,0.0775391,54,24,6,0.870968
0.0721,6,15,3916,0.0778343,87,29,29,0.612676
0.0721,6,16,4078,0.0807973,55,22,11,0.654762
0.0721,6,17,4037,0.0795531,101,41,19,0.753731
0.0721,6,18,3897,0.0766372,78,31,16,0.8125
0.0721,6,19,3950,0.0782333,97,43,11,0.881818
0.0721,6,20,4091,0.0810773,72,30,12,0.837209
0.0721,6,21,3988,0.0798175,77,28,21,0.77
0.0721,6,22,4127,0.0826491,73,27,19,0.744898
0.0721,6,23,4150,0.0819543,97,41,15,0.822034
0.0721,6,24,4225,0.083409,85,31,23,0.758929
0.0721,6,25,4250,0.0824282,102,37,28,0.75
0.0721,6,26,4100,0.0812879,67,24,19,0.697917
0.0721,6,27,4318,0.0845705,84,29,26,0.688525
0.0721,6,28,4231,0.0838918,68,26,16,0.723404
0.0721,6,29,4239,0.0835633,64,27,10,0.761905
0.0721,6,30,4186,0.0829206,55,23,9,0.833333
0.0721,6,31,4264,0.083539,40,16,8,0.625
0.0721,6,32,4282,0.0842118,57,12,33,0.558824
0.0721,6,33,4159,0.0823467,78,25,28,0.684211
0.0721,6,34,4215,0.0833037,94,35,24,0.681159
0.0721,6,35,4047,0.0793498,40,16,8,0.740741
0.0721,6,36,4016,0.0792454,53,21,11,0.716216
0.0721,6,37,3996,0.0793392,71,34,3,0.959459
0.0721,6,38,4133,0.0824785,70,27,16,0.744681
0.0721,6,39,4309,0.0850572,65,28,9,0.833333
0.0721,6,40,4199,0.082752,58,21,16,0.690476
0.0721,6,41,4213,0.0831065,69,23,23,0.704082
0.0721,6,42,4114,0.0822471,68,25,18,0.73913
0.0721,6,43,4247,0.0843764,79,36,7,0.822917
0.0721,6,44,4280,0.0855966,79,26,27,0.745283
0.0721,6,45,4395,0.0875114,88,33,22,0.733333
0.0721,6,46,4293,0.0845112,53,20,13,0.779412
0.0721,6,47,4296,0.0851098,79,31,17,0.79
0.0721,6,48,4545,0.0905812,39,17,5,0.78
0.0721,6,49,4433,0.0879668,85,36,13,0.833333
0.0721,6,50,4566,0.0894487,69,33,3,0.958333
0.0721,6,51,4736,0.0921652,88,36,16,0.830189
0.0721,6,52,4704,0.092913,76,34,8,0.844444
0.0721,6,53,4876,0.0969037,84,38,8,0.893617
0.0721,6,54,5125,0.101816,109,47,15,0.851562
0.0721,6,55,5053,0.100585,85,36,13,0.867347
0.0721,6,56,5322,0.104681,90,37,16,0.849057
0.0721,6,57,5359,0.105215,125,60,5,0.961538
0.0721,6,58,5330,0.105792,86,42,2,0.977273
0.0721,6,59,5483,0.107468,85,40,5,0.923913
0.0721,6,60,5670,0.111094,74,33,8,0.880952
0.0721,6,61,5791,0.115239,90,38,14,0.833333
0.0721,6,62,5909,0.116696,113,53,7,0.941667
0.0721,6,63,6020,0.117859,97,40,17,0.850877
0.0721,6,64,6562,0.129153,92,43,6,0.938776
0.0721,6,65,6582,0.129115,134,57,20,0.858974
0.0721,6,66,6488,0.129522,101,45,11,0.855932
0.0721,6,67,6788,0.135042,68,32,4,0.944444
0.0721,6,68,6627,0.130849,98,41,16,0.859649
0.0721,6,69,6827,0.13358,97,43,11,0.898148
0.0721,6,70,6888,0.133499,112,52,8,0.933333
0.0721,6,71,7171,0.137671,109,52,5,0.95614
0.0721,6,72,7275,0.141153,123,57,9,0.931818
0.0721,6,73,7242,0.141065,86,42,2,0.977273
0.0721,6,74,7340,0.142198,143,66,11,0.928571
0.0721,6,75,7376,0.144136,72,33,6,0.923077
0.0721,6,76,7318,0.143846,91,43,5,0.947917
0.0721,6,77,7334,0.14412,89,40,9,0.908163
0.0721,6,78,7534,0.147656,120,55,10,0.923077
0.0721,6,79,7707,0.147508,101,48,5,0.95283
0.0721,6,80,8201,0.157131,172,84,4,0.977273
0.0721,6,81,8441,0.162271,120,57,6,0.952381
0.0721,6,82,8421,0.161365,89,43,3,0.967391
0.0721,6,83,8389,0.161271,76,34,8,0.904762
0.0721,6,84,8760,0.170209,103,48,7,0.919643
0.0721,6,85,8751,0.171206,100,49,2,0.980392
0.0721,6,86,9060,0.177536,138,68,2,0.985714
0.0721,6,87,8927,0.172629,105,50,5,0.954545
0.0721,6,88,8968,0.172111,124,60,4,0.96875
0.0721,6,89,9150,0.176321,155,76,3,0.96875
0.0721,6,90,9177,0.175845,86,40,6,0.934783
0.0721,6,91,9492,0.182433,82,39,4,0.931818
0.0721,6,92,9454,0.184843,116,58,0,1.0
0.0721,6,93,9370,0.183769,135,66,3,0.978261
0.0721,6,94,9470,0.1852,96,48,0,1.0
0.0721,6,95,9690,0.190104,99,48,3,0.970588
0.0721,6,96,10063,0.19709,105,51,3,0.972222
0.0721,6,97,10130,0.198285,114,56,2,0.982759
0.0721,6,98,10325,0.201267,145,72,1,0.993151
0.0721,6,99,10378,0.203818,125,61,3,0.976562
0.0721,6,100,10496,0.204592,113,55,3,0.974138
0.0721,7,0,3594,0.0702529,96,48,0,1.0
0.0721,7,1,3632,0.0715693,83,40,3,0.965116
0.0721,7,2,3872,0.0753571,170,85,0,1.0
0.0721,7,3,3817,0.0743099,94,43,8,0.921569
0.0721,7,4,3797,0.073909,77,32,13,0.77
0.0721,7,5,3705,0.0727783,108,44,20,0.818182
0.0721,7,6,3805,0.0752571,105,41,23,0.75
0.0721,7,7,3758,0.0741018,92,38,16,0.766667
0.0721,7,8,3650,0.0725675,89,32,25,0.767241
0.0721,7,9,3697,0.0738455,79,31,17,0.806122
0.0721,7,10,3620,0.073434,60,20,20,0.714286
0.0721,7,11,3758,0.074992,55,20,15,0.743243
0.0721,7,12,3894,0.076323,79,30,19,0.79
0.0721,7,13,3881,0.0754765,90,36,18,0.789474
0.0721,7,14,3766,0.0739737,95,38,19,0.766129
0.0721,7,15,3881,0.0748101,80,28,24,0.701754
0.0721,7,16,3947,0.0768587,67,22,23,0.744444
0.0721,7,17,3882,0.0757463,42,17,8,0.777778
0.0721,7,18,3834,0.0758907,42,14,14,0.65625
0.0721,7,19,3985,0.0792026,33,11,11,0.6875
0.0721,7,20,3932,0.0777475,60,21,18,0.638298
0.0721,7,21,4067,0.0800181,68,27,14,0.790698
0.0721,7,22,3956,0.0783863,68,26,16,0.73913
0.0721,7,23,4011,0.079945,60,21,18,0.731707
0.0721,7,24,4028,0.0801241,57,21,15,0.7125
0.0721,7,25,4113,0.0820794,63,22,19,0.732558
0.0721,7,26,4283,0.0863021,96,33,30,0.716418
0.0721,7,27,4301,0.0865497,76,32,12,0.77551
0.0721,7,28,4405,0.0880648,103,33,37,0.635802
0.0721,7,29,4452,0.0890542,59,23,13,0.7375
0.0721,7,30,4481,0.0894447,65,26,13,0.792683
0.0721,7,31,4551,0.0898484,75,25,25,0.735294
0.0721,7,32,4392,0.0861852,59,22,15,0.686047
0.0721,7,33,4146,0.0828868,103,44,15,0.858333
0.0721,7,34,4265,0.0857597,65,26,13,0.833333
0.0721,7,35,4295,0.0847642,82,32,18,0.759259
0.0721,7,36,4291,0.085796,116,47,22,0.84058
0.0721,7,37,4340,0.0871136,87,34,19,0.776786
0.0721,7,38,4386,0.0864373,66,28,10,0.868421
0.0721,7,39,4372,0.0856952,75,28,19,0.78125
0.0721,7,40,4688,0.0916054,83,32,19,0.783019
0.0721,7,41,4687,0.0919777,91,38,15,0.798246
0.0721,7,42,4765,0.0928235,104,42,20,0.8125
0.0721,7,43,4722,0.09307,101,39,23,0.789062
0.0721,7,44,4738,0.0923299,78,36,6,0.928571
0.0721,7,45,4898,0.0973525,85,34,17,0.772727
0.0721,7,46,4995,0.0994941,56,21,14,0.756757
0.0721,7,47,4973,0.100117,69,29,11,0.841463
0.0721,7,48,4969,0.100093,78,34,10,0.847826
0.0721,7,49,5041,0.101026,86,38,10,0.86
0.0721,7,50,5130,0.100419,108,46,16,0.870968
0.0721,7,51,5182,0.102703,107,50,7,0.891667
0.0721,7,52,4989,0.101279,38,17,4,0.904762
0.0721,7,53,5167,0.105458,139,62,15,0.891026
0.0721,7,54,5591,0.11316,72,32,8,0.9
0.0721,7,55,5795,0.114884,90,40,10,0.882353
0.0721,7,56,5902,0.116383,104,49,6,0.912281
0.0721,7,57,6085,0.118059,72,28,16,0.818182
0.0721,7,58,6128,0.119129,92,40,12,0.867925
0.0721,7,59,6296,0.123022,105,44,17,0.860656
0.0721,7,60,6113,0.120591,75,32,11,0.815217
0.0721,7,61,6113,0.121222,93,40,13,0.877358
0.0721,7,62,6272,0.126518,76,33,10,0.863636
0.0721,7,63,6323,0.127588,54,22,10,0.84375
0.0721,7,64,6521,0.130462,134,63,8,0.943662
0.0721,7,65,6518,0.131703,79,36,7,0.918605
0.0721,7,66,6761,0.133908,100,43,14,0.877193
0.0721,7,67,6551,0.131737,104,48,8,0.928571
0.0721,7,68,6729,0.13391,58,23,12,0.805556
0.0721,7,69,6961,0.137341,84,39,6,0.933333
0.0721,7,70,6981,0.137687,105,50,5,0.954545
0.0721,7,71,7371,0.143987,99,46,7,0.933962
0.0721,7,72,7390,0.14193,76,36,4,0.95
0.0721,7,73,7535,0.145239,99,46,7,0.933962
0.0721,7,74,7967,0.154429,112,53,6,0.949153
0.0721,7,75,8007,0.155512,108,52,4,0.964286
0.0721,7,76,8176,0.158437,84,40,4,0.954545
0.0721,7,77,8373,0.162728,120,60,0,1.0
0.0721,7,78,8342,0.16344,108,50,8,0.931034
0.0721,7,79,8467,0.165062,129,64,1,0.992308
0.0721,7,80,8510,0.166549,84,39,6,0.913043
0.0721,7,81,8713,0.171246,125,58,9,0.932836
0.0721,7,82,8695,0.171621,88,40,8,0.916667
0.0721,7,83,8680,0.172462,92,41,10,0.884615
0.0721,7,84,9011,0.178083,85,41,3,0.965909
0.0721,7,85,9431,0.186317,131,63,5,0.963235
0.0721,7,86,9466,0.189191,148,70,8,0.936709
0.0721,7,87,9680,0.191236,111,54,3,0.956897
0.0721,7,88,9563,0.190802,158,74,10,0.940476
0.0721,7,89,9926,0.191363,166,81,4,0.976471
0.0721,7,90,10023,0.193719,100,48,4,0.961538
0.0721,7,91,10007,0.194288,122,60,2,0.983871
0.0721,7,92,9750,0.189571,89,41,7,0.927083
0.0721,7,93,10245,0.197163,145,72,1,0.993151
0.0721,7,94,10527,0.204336,80,40,0,1.0
0.0721,7,95,10947,0.211308,113,56,1,0.991228
0.0721,7,96,10685,0.209313,66,33,0,1.0
0.0721,7,97,10940,0.216009,134,66,2,0.985294
0.0721,7,98,11038,0.216211,132,66,0,1.0
0.0721,7,99,10944,0.214202,80,40,0,1.0
0.0721,7,100,11645,0.22631,132,66,0,1.0
0.0721,8,0,3806,0.0725146,118,59,0,1.0
0.0721,8,1,4004,0.0785344,82,40,2,0.97619
0.0721,8,2,4010,0.0790584,114,53,8,0.934426
0.0721,8,3,4180,0.0823321,106,49,8,0.929825
0.0721,8,4,4354,0.0849992,78,38,2,0.928571
0.0721,8,5,4332,0.0845268,106,49,8,0.898305
0.0721,8,6,4384,0.0848461,118,49,20,0.830986
0.0721,8,7,4280,0.0851911,94,42,10,0.87037
0.0721,8,8,4448,0.087666,68,24,20,0.73913
0.0721,8,9,4415,0.0872461,87,37,13,0.852941
0.0721,8,10,4434,0.0870197,118,50,18,0.855072
0.0721,8,11,4377,0.0874246,119,52,15,0.862319
0.0721,8,12,4393,0.0862218,83,37,9,0.846939
0.0721,8,13,4337,0.0852733,64,27,10,0.864865
0.0721,8,14,4519,0.0895561,71,32,7,0.910256
0.0721,8,15,4566,0.0906564,70,28,14,0.777778
0.0721,8,16,4474,0.0881854,59,25,9,0.819444
0.0721,8,17,4604,0.0917826,80,31,18,0.769231
0.0721,8,18,5003,0.10018,95,42,11,0.87963
0.0721,8,19,5120,0.102204,100,42,16,0.847458
0.0721,8,20,5124,0.0997159,92,42,8,0.92
0.0721,8,21,5232,0.103236,117,53,11,0.914062
0.0721,8,22,5457,0.106258,79,37,5,0.897727
0.0721,8,23,5329,0.104294,104,46,12,0.852459
0.0721,8,24,5441,0.107449,93,41,11,0.861111
0.0721,8,25,5614,0.111708,58,26,6,0.90625
0.0721,8,26,5554,0.109043,72,33,6,0.878049
0.0721,8,27,5698,0.111945,82,37,8,0.911111
0.0721,8,28,5891,0.11551,81,38,5,0.94186
0.0721,8,29,5799,0.114253,54,24,6,0.9
0.0721,8,30,5754,0.113125,102,48,6,0.944444
0.0721,8,31,6155,0.120262,102,42,18,0.85
0.0721,8,32,6448,0.127099,96,44,8,0.923077
0.0721,8,33,6671,0.130671,91,41,9,0.91
0.0721,8,34,6491,0.12716,82,37,8,0.854167
0.0721,8,35,6520,0.128884,107,50,7,0.938596
0.0721,8,36,6478,0.128115,113,54,5,0.957627
0.0721,8,37,6362,0.126145,147,71,5,0.967105
0.0721,8,38,6880,0.135931,87,40,7,0.90625
0.0721,8,39,6798,0.133919,122,56,10,0.924242
0.0721,8,40,6838,0.133549,103,48,7,0.887931
0.0721,8,41,6773,0.132804,133,62,9,0.93662
0.0721,8,42,7200,0.142304,143,66,11,0.928571
0.0721,8,43,7558,0.148979,106,51,4,0.963636
0.0721,8,44,7561,0.147428,100,44,12,0.892857
0.0721,8,45,7700,0.149934,85,40,5,0.944444
0.0721,8,46,7796,0.152301,89,41,7,0.927083
0.0721,8,47,7915,0.155026,94,44,6,0.903846
0.0721,8,48,8043,0.157564,111,50,11,0.909836
0.0721,8,49,8303,0.164429,97,48,1,0.989796
0.0721,8,50,8506,0.167105,100,45,10,0.909091
0.0721,8,51,8446,0.164826,75,36,3,0.961538
0.0721,8,52,8782,0.172277,99,48,3,0.970588
0.0721,8,53,8933,0.175653,112,55,2,0.982456
0.0721,8,54,9213,0.179773,117,57,3,0.975
0.0721,8,55,9440,0.182684,133,64,5,0.963768
0.0721,8,56,9649,0.18795,111,54,3,0.973684
0.0721,8,57,9429,0.186057,88,38,12,0.88
0.0721,8,58,9649,0.186837,152,73,6,0.962025
0.0721,8,59,9536,0.185677,145,71,3,0.97973
0.0721,8,60,9388,0.185578,110,53,4,0.964912
0.0721,8,61,9876,0.193397,131,65,1,0.992424
0.0721,8,62,10413,0.202092,134,64,6,0.957143
0.0721,8,63,10419,0.202405,110,54,2,0.948276
0.0721,8,64,10530,0.204665,116,57,2,0.983051
0.0721,8,65,10521,0.205032,78,38,2,0.975
0.0721,8,66,10834,0.210582,107,52,3,0.972727
0.0721,8,67,10956,0.213135,102,51,0,1.0
0.0721,8,68,11186,0.216405,128,63,2,0.984615
0.0721,8,69,11323,0.218363,143,71,1,0.993056
0.0721,8,70,11568,0.221762,145,71,3,0.97973
0.0721,8,71,11823,0.227138,113,55,3,0.974138
0.0721,8,72,11813,0.227383,110,55,0,1.0
0.0721,8,73,11556,0.226837,133,64,5,0.963768
0.0721,8,74,11656,0.22812,110,55,0,1.0
0.0721,8,75,11624,0.226606,130,65,0,1.0
0.0721,8,76,11897,0.23322,99,49,1,0.99
0.0721,8,77,11999,0.229901,136,68,0,1.0
0.0721,8,78,12332,0.237684,113,56,1,0.991228
0.0721,8,79,12956,0.248409,108,54,0,1.0
0.0721,8,80,12774,0.247587,133,66,1,0.992537
0.0721,8,81,12980,0.250928,90,45,0,1.0
0.0721,8,82,13075,0.251124,122,61,0,1.0
0.0721,8,83,12841,0.248779,86,43,0,1.0
0.0721,8,84,12999,0.251179,100,49,2,0.980392
0.0721,8,85,13169,0.25363,92,44,4,0.958333
0.0721,8,86,13570,0.262313,118,56,6,0.951613
0.0721,8,87,13619,0.266809,102,51,0,1.0
0.0721,8,88,13903,0.267365,92,46,0,1.0
0.0721,8,89,13923,0.264897,96,48,0,1.0
0.0721,8,90,14157,0.271248,120,60,0,1.0
0.0721,8,91,14070,0.271004,96,48,0,1.0
0.0721,8,92,14216,0.273385,112,55,2,0.982456
0.0721,8,93,14224,0.275691,86,43,0,1.0
0.0721,8,94,14447,0.278009,104,52,0,1.0
0.0721,8,95,14842,0.282737,88,44,0,1.0
0.0721,8,96,14338,0.277074,140,70,0,1.0
0.0721,8,97,14643,0.281542,72,35,2,0.972973
0.0721,8,98,14693,0.283539,133,66,1,0.992537
0.0721,8,99,14727,0.282224,116,58,0,1.0
0.0721,8,100,14888,0.282151,114,57,0,1.0
0.0721,9,0,3856,0.0759893,120,60,0,1.0
0.0721,9,1,3759,0.0737348,105,50,5,0.954545
0.0721,9,2,3637,0.0700204,65,29,7,0.902778
0.0721,9,3,3546,0.0689374,113,47,19,0.807143
0.0721,9,4,3320,0.0652516,93,40,13,0.877358
0.0721,9,5,3461,0.0683884,123,55,13,0.891304
0.0721,9,6,3401,0.068129,119,51,17,0.875
0.0721,9,7,3733,0.0746481,122,57,8,0.910448
0.0721,9,8,3663,0.0718884,96,37,22,0.8
0.0721,9,9,3738,0.0734699,82,31,20,0.803922
0.0721,9,10,3750,0.0743546,50,20,10,0.833333
0.0721,9,11,3714,0.0742533,91,38,15,0.827273
0.0721,9,12,3618,0.0715501,58,27,4,0.852941
0.0721,9,13,3521,0.0701842,69,24,21,0.766667
0.0721,9,14,3604,0.0713042,67,29,9,0.797619
0.0721,9,15,3653,0.0711642,70,24,22,0.744681
0.0721,9,16,3679,0.0728486,78,31,16,0.829787
0.0721,9,17,3632,0.0725008,53,23,7,0.757143
0.0721,9,18,3581,0.0716917,72,29,14,0.734694
0.0721,9,19,3637,0.0722401,43,16,11,0.741379
0.0721,9,20,3624,0.0730527,61,15,31,0.598039
0.0721,9,21,3802,0.0756798,34,14,6,0.809524
0.0721,9,22,3750,0.0734689,78,31,16,0.722222
0.0721,9,23,3828,0.0752418,85,36,13,0.867347
0.0721,9,24,3625,0.0719989,72,28,16,0.765957
0.0721,9,25,3641,0.0715971,91,34,23,0.758333
0.0721,9,26,3690,0.0728817,85,34,17,0.685484
0.0721,9,27,3762,0.0737734,75,29,17,0.765306
0.0721,9,28,3855,0.0752401,82,32,18,0.803922
0.0721,9,29,3766,0.0744593,98,39,20,0.777778
0.0721,9,30,3825,0.0764908,92,41,10,0.807018
0.0721,9,31,3914,0.0777575,61,20,21,0.709302
0.0721,9,32,3751,0.0754,87,38,11,0.805556
0.0721,9,33,3815,0.0767915,62,25,12,0.775
0.0721,9,34,3881,0.0775208,92,38,16,0.754098
0.0721,9,35,3969,0.0791931,71,29,13,0.825581
0.0721,9,36,3887,0.0773656,78,30,18,0.735849
0.0721,9,37,3877,0.077099,96,39,18,0.786885
0.0721,9,38,4090,0.0806324,65,26,13,0.833333
0.0721,9,39,4019,0.0791952,91,34,23,0.745902
0.0721,9,40,3855,0.0768081,44,17,10,0.709677
0.0721,9,41,3917,0.0765099,72,25,22,0.666667
0.0721,9,42,3865,0.0758408,62,23,16,0.688889
0.0721,9,43,3697,0.0747745,89,35,19,0.767241
0.0721,9,44,3562,0.0726761,47,18,11,0.652778
0.0721,9,45,3648,0.0730564,63,20,23,0.59434
0.0721,9,46,3667,0.0739493,69,22,25,0.650943
0.0721,9,47,3720,0.0745043,64,20,24,0.64
0.0721,9,48,3680,0.0729638,69,21,27,0.605263
0.0721,9,49,3636,0.0729476,65,25,15,0.755814
0.0721,9,50,3734,0.0732617,61,23,15,0.7625
0.0721,9,51,3630,0.0714314,77,25,27,0.675439
0.0721,9,52,3684,0.0721928,47,20,7,0.839286
0.0721,9,53,3854,0.0752587,88,30,28,0.733333
0.0721,9,54,3721,0.0748271,63,23,17,0.715909
0.0721,9,55,3679,0.0744315,96,39,18,0.827586
0.0721,9,56,3655,0.0726265,56,24,8,0.823529
0.0721,9,57,3766,0.0749244,78,34,10,0.866667
0.0721,9,58,3748,0.0740711,73,27,19,0.701923
0.0721,9,59,3902,0.0769868,62,22,18,0.659574
0.0721,9,60,3972,0.0775055,83,36,11,0.864583
0.0721,9,61,3875,0.0765054,67,23,21,0.644231
0.0721,9,62,4089,0.081425,50,17,16,0.675676
0.0721,9,63,3830,0.0778614,56,22,12,0.736842
0.0721,9,64,4079,0.0825976,42,16,10,0.677419
0.0721,9,65,4129,0.0822707,72,23,26,0.642857
0.0721,9,66,3940,0.0789136,69,25,19,0.71875
0.0721,9,67,3818,0.0765008,85,37,11,0.867347
0.0721,9,68,3829,0.0760024,32,13,6,0.484848
0.0721,9,69,3647,0.0735816,50,21,8,0.806452
0.0721,9,70,3592,0.0719004,53,20,13,0.736111
0.0721,9,71,3945,0.0792169,43,13,17,0.565789
0.0721,9,72,3944,0.0774183,69,21,27,0.616071
0.0721,9,73,4053,0.0793679,61,25,11,0.7625
0.0721,9,74,3813,0.0748998,47,16,15,0.671429
0.0721,9,75,3864,0.0752952,75,25,25,0.694444
0.0721,9,76,3622,0.072693,40,12,16,0.540541
0.0721,9,77,3555,0.0710205,83,29,25,0.65873
0.0721,9,78,3666,0.0727266,61,24,13,0.782051
0.0721,9,79,3716,0.0730403,63,24,15,0.7875
0.0721,9,80,3577,0.070885,39,13,13,0.629032
0.0721,9,81,3506,0.0693214,83,33,17,0.798077
0.0721,9,82,3455,0.0686442,80,30,20,0.740741
0.0721,9,83,3491,0.0694422,73,29,15,0.793478
0.0721,9,84,3519,0.0689216,93,35,23,0.775
0.0721,9,85,3403,0.0677052,42,15,12,0.583333
0.0721,9,86,3450,0.0684877,72,23,26,0.631579
0.0721,9,87,3428,0.0675521,60,23,14,0.652174
0.0721,9,88,3518,0.0693612,84,30,24,0.636364
0.0721,9,89,3481,0.0687564,68,26,16,0.693878
0.0721,9,90,3340,0.0673034,54,14,26,0.5
0.0721,9,91,3250,0.0659631,39,12,15,0.423913
0.0721,9,92,3379,0.0674936,41,15,11,0.683333
0.0721,9,93,3386,0.067292,52,17,18,0.577778
0.0721,9,94,3192,0.0637915,44,13,18,0.611111
0.0721,9,95,3020,0.0608429,52,17,18,0.634146
0.0721,9,96,3016,0.060436,34,8,18,0.395349
0.0721,9,97,3063,0.0606223,58,20,18,0.690476
0.0721,9,98,2983,0.059203,58,20,18,0.517857
0.0721,9,99,2968,0.0577859,51,19,13,0.593023
0.0721,9,100,2829,0.0551656,70,21,28,0.648148
0.0721,10,0,3818,0.0740295,96,48,0,1.0
0.0721,10,1,3860,0.0752759,120,58,4,0.952381
0.0721,10,2,3752,0.0720624,91,43,5,0.947917
0.0721,10,3,3780,0.073558,93,45,3,0.93
0.0721,10,4,3810,0.0745101,88,41,6,0.814815
0.0721,10,5,4095,0.0802752,83,34,15,0.83
0.0721,10,6,4053,0.0790768,84,35,14,0.807692
0.0721,10,7,3859,0.0754831,69,31,7,0.841463
0.0721,10,8,3869,0.0754573,97,36,25,0.769841
0.0721,10,9,3708,0.072436,86,35,16,0.826923
0.0721,10,10,3885,0.0755219,62,24,14,0.794872
0.0721,10,11,3823,0.0761008,72,31,10,0.837209
0.0721,10,12,3841,0.0755032,59,21,17,0.75641
0.0721,10,13,3700,0.072683,40,13,14,0.714286
0.0721,10,14,3990,0.0777869,95,39,17,0.833333
0.0721,10,15,4048,0.0788992,69,25,19,0.704082
0.0721,10,16,4228,0.0825008,56,17,22,0.528302
0.0721,10,17,4124,0.0816892,79,28,23,0.658333
0.0721,10,18,4072,0.0812288,60,18,24,0.714286
0.0721,10,19,4063,0.08036,67,24,19,0.77907
0.0721,10,20,4124,0.081686,54,21,12,0.75
0.0721,10,21,4067,0.0813237,70,27,16,0.714286
0.0721,10,22,4002,0.080384,84,32,20,0.736842
0.0721,10,23,4101,0.0823163,84,38,8,0.823529
0.0721,10,24,4197,0.0837424,99,44,11,0.838983
0.0721,10,25,4165,0.0845685,48,17,14,0.727273
0.0721,10,26,4218,0.0842791,94,42,10,0.824561
0.0721,10,27,4246,0.0849404,78,29,20,0.764706
0.0721,10,28,4262,0.0852195,25,7,11,0.657895
0.0721,10,29,4170,0.0844369,72,29,14,0.818182
0.0721,10,30,4379,0.0883433,84,29,26,0.65625
0.0721,10,31,4306,0.086839,83,33,17,0.813725
0.0721,10,32,4254,0.0855936,80,30,20,0.769231
0.0721,10,33,4322,0.0870774,45,16,13,0.775862
0.0721,10,34,4252,0.08584,55,21,13,0.763889
0.0721,10,35,4213,0.0847311,53,24,5,0.854839
0.0721,10,36,4244,0.0852962,94,41,12,0.886792
0.0721,10,37,4306,0.0850551,76,29,18,0.716981
0.0721,10,38,4372,0.0861546,105,46,13,0.875
0.0721,10,39,4434,0.0875039,97,41,15,0.866071
0.0721,10,40,4458,0.0875766,72,33,6,0.923077
0.0721,10,41,4595,0.0907672,110,49,12,0.887097
0.0721,10,42,4589,0.0908641,110,46,18,0.820896
0.0721,10,43,4605,0.0916527,99,41,17,0.811475
0.0721,10,44,4638,0.0921518,54,24,6,0.870968
0.0721,10,45,4690,0.0925707,55,17,21,0.654762
0.0721,10,46,4935,0.0973642,82,36,10,0.854167
0.0721,10,47,4980,0.0987116,80,33,14,0.8
0.0721,10,48,5312,0.104575,104,46,12,0.896552
0.0721,10,49,5277,0.105422,68,26,16,0.755556
0.0721,10,50,5712,0.113374,69,28,13,0.704082
0.0721,10,51,5502,0.108542,83,33,17,0.754545
0.0721,10,52,5582,0.11053,114,51,12,0.863636
0.0721,10,53,5645,0.110125,97,40,17,0.769841
0.0721,10,54,5734,0.1135,95,35,25,0.791667
0.0721,10,55,5597,0.111339,136,66,4,0.971429
0.0721,10,56,5738,0.11335,73,30,13,0.793478
0.0721,10,57,5802,0.114249,131,55,21,0.839744
0.0721,10,58,5877,0.116496,114,53,8,0.934426
0.0721,10,59,5608,0.11203,72,30,12,0.818182
0.0721,10,60,5750,0.116373,83,35,13,0.846939
0.0721,10,61,5932,0.120028,96,37,22,0.8
0.0721,10,62,6048,0.120277,61,23,15,0.802632
0.0721,10,63,6365,0.123458,129,57,15,0.895833
0.0721,10,64,6664,0.129318,54,24,6,0.794118
0.0721,10,65,7051,0.138282,102,42,18,0.809524
0.0721,10,66,6899,0.135121,86,40,6,0.895833
0.0721,10,67,7048,0.140611,115,53,9,0.927419
0.0721,10,68,7302,0.143272,103,48,7,0.936364
0.0721,10,69,7341,0.14402,98,39,20,0.830508
0.0721,10,70,7175,0.140918,96,46,4,0.96
0.0721,10,71,7221,0.142426,98,47,4,0.960784
0.0721,10,72,7633,0.149678,135,61,13,0.912162
0.0721,10,73,7769,0.153325,113,54,5,0.957627
0.0721,10,74,7851,0.154815,114,53,8,0.934426
0.0721,10,75,7751,0.153814,139,68,3,0.965278
0.0721,10,76,8121,0.159862,113,56,1,0.991228
0.0721,10,77,8128,0.159937,130,62,6,0.928571
0.0721,10,78,7914,0.158135,83,39,5,0.943182
0.0721,10,79,8376,0.163626,119,57,5,0.959677
0.0721,10,80,8503,0.16308,118,59,0,1.0
0.0721,10,81,8402,0.163444,127,62,3,0.976923
0.0721,10,82,8473,0.164085,101,49,3,0.971154
0.0721,10,83,8675,0.168761,107,52,3,0.955357
0.0721,10,84,8943,0.17637,98,48,2,0.98
0.0721,10,85,9108,0.177447,108,52,4,0.964286
0.0721,10,86,8763,0.174367,91,45,1,0.98913
0.0721,10,87,8717,0.174082,109,53,3,0.973214
0.0721,10,88,9094,0.17685,103,51,1,0.953704
0.0721,10,89,9079,0.174784,122,56,10,0.884058
0.0721,10,90,9008,0.172945,118,59,0,1.0
0.0721,10,91,9220,0.180127,124,61,2,0.984127
0.0721,10,92,9312,0.181301,140,70,0,1.0
0.0721,10,93,9703,0.18496,128,62,4,0.969697
0.0721,10,94,9542,0.187282,84,42,0,1.0
0.0721,10,95,9791,0.19171,143,71,1,0.993056
0.0721,10,96,9999,0.192422,144,71,2,0.986301
0.0721,10,97,10473,0.199592,109,54,1,0.990909
0.0721,10,98,10341,0.199564,69,33,3,0.958333
0.0721,10,99,10436,0.202044,104,52,0,1.0
0.0721,10,100,10592,0.205894,113,56,1,0.991228
0.0721,11,0,3586,0.0686106,106,53,0,1.0
0.0721,11,1,3910,0.0755789,153,75,3,0.980769
0.0721,11,2,3839,0.0743445,141,67,7,0.952703
0.0721,11,3,3559,0.0698446,85,38,9,0.904255
0.0721,11,4,3746,0.0730385,67,29,9,0.881579
0.0721,11,5,3585,0.0706293,93,39,15,0.845455
0.0721,11,6,3533,0.0692745,123,52,19,0.842466
0.0721,11,7,3676,0.0718053,95,39,17,0.818966
0.0721,11,8,3873,0.0761233,74,31,12,0.860465
0.0721,11,9,3920,0.0768597,97,38,21,0.782258
0.0721,11,10,3847,0.0751631,91,36,19,0.798246
0.0721,11,11,4004,0.0782184,92,29,34,0.666667
0.0721,11,12,3833,0.0758259,52,19,14,0.722222
0.0721,11,13,3780,0.0741758,46,17,12,0.621622
0.0721,11,14,3604,0.0722216,89,30,29,0.674242
0.0721,11,15,3718,0.0747758,67,28,11,0.797619
0.0721,11,16,3909,0.0775842,52,20,12,0.742857
0.0721,11,17,3900,0.0781939,60,21,18,0.731707
0.0721,11,18,4140,0.0822931,76,32,12,0.844444
0.0721,11,19,4226,0.0833103,88,35,18,0.814815
0.0721,11,20,4203,0.0831717,83,28,27,0.741071
0.0721,11,21,4283,0.0853902,94,36,22,0.723077
0.0721,11,22,4121,0.0820459,75,33,9,0.833333
0.0721,11,23,4120,0.0815712,84,33,18,0.823529
0.0721,11,24,4335,0.0857635,115,49,17,0.833333
0.0721,11,25,4467,0.0883959,83,32,19,0.741071
0.0721,11,26,4367,0.0864958,103,42,19,0.792308
0.0721,11,27,4063,0.0817801,74,24,26,0.660714
0.0721,11,28,3975,0.079199,80,33,14,0.754717
0.0721,11,29,4016,0.079711,73,26,21,0.760417
0.0721,11,30,4183,0.0832074,45,16,13,0.642857
0.0721,11,31,4316,0.0860687,72,26,20,0.692308
0.0721,11,32,4259,0.0860613,53,18,17,0.757143
0.0721,11,33,4293,0.0864513,71,30,11,0.865854
0.0721,11,34,4235,0.0848255,52,19,14,0.787879
0.0721,11,35,4170,0.082962,57,20,17,0.633333
0.0721,11,36,4244,0.0845317,82,33,16,0.773585
0.0721,11,37,4195,0.0840378,75,30,15,0.78125
0.0721,11,38,4330,0.0866797,65,24,17,0.738636
0.0721,11,39,4319,0.0869119,93,41,11,0.830357
0.0721,11,40,4479,0.0886685,70,22,26,0.686275
0.0721,11,41,4454,0.0876392,59,17,25,0.641304
0.0721,11,42,4377,0.0861886,72,28,16,0.782609
0.0721,11,43,4370,0.0863193,69,27,15,0.821429
0.0721,11,44,4386,0.0875799,86,34,18,0.781818
0.0721,11,45,4724,0.0927402,107,50,7,0.938596
0.0721,11,46,4395,0.0881857,74,27,20,0.770833
0.0721,11,47,4430,0.0885929,93,41,11,0.894231
0.0721,11,48,4520,0.0918774,75,28,19,0.735294
0.0721,11,49,4519,0.091641,57,21,15,0.75
0.0721,11,50,4694,0.0939063,61,18,25,0.648936
0.0721,11,51,4744,0.0945623,95,41,13,0.848214
0.0721,11,52,4869,0.0968339,78,32,14,0.709091
0.0721,11,53,5180,0.101948,67,31,5,0.930556
0.0721,11,54,5154,0.0993332,111,47,17,0.828358
0.0721,11,55,5278,0.102753,49,19,11,0.790323
0.0721,11,56,5221,0.102861,71,26,19,0.771739
0.0721,11,57,5501,0.109464,81,30,21,0.794118
0.0721,11,58,5753,0.113777,81,36,9,0.861702
0.0721,11,59,5724,0.114128,134,64,6,0.943662
0.0721,11,60,5911,0.116989,62,26,10,0.861111
0.0721,11,61,6208,0.12248,108,50,8,0.931034
0.0721,11,62,6455,0.12516,97,47,3,0.97
0.0721,11,63,6614,0.130248,134,63,8,0.943662
0.0721,11,64,6662,0.129264,70,33,4,0.853659
0.0721,11,65,6651,0.12904,74,35,4,0.948718
0.0721,11,66,6640,0.128852,66,30,6,0.891892
0.0721,11,67,6892,0.134552,71,33,5,0.910256
0.0721,11,68,6961,0.136373,91,44,3,0.947917
0.0721,11,69,7208,0.141711,69,33,3,0.958333
0.0721,11,70,7345,0.143233,130,62,6,0.955882
0.0721,11,71,7318,0.142097,63,31,1,0.984375
0.0721,11,72,7379,0.143143,133,63,7,0.95
0.0721,11,73,7269,0.142429,109,52,5,0.95614
0.0721,11,74,7620,0.149003,84,37,10,0.893617
0.0721,11,75,7574,0.148254,130,58,14,0.878378
0.0721,11,76,7635,0.150907,111,50,11,0.880952
0.0721,11,77,7728,0.155094,98,47,4,0.960784
0.0721,11,78,7765,0.153047,105,51,3,0.972222
0.0721,11,79,7827,0.153164,118,57,4,0.967213
0.0721,11,80,7922,0.156431,121,57,7,0.945312
0.0721,11,81,8063,0.159052,82,36,10,0.891304
0.0721,11,82,8041,0.161297,128,64,0,1.0
0.0721,11,83,8215,0.16198,156,75,6,0.962963
0.0721,11,84,8635,0.168567,116,56,4,0.966667
0.0721,11,85,8424,0.167276,117,57,3,0.975
0.0721,11,86,8732,0.17289,121,59,3,0.975806
0.0721,11,87,8855,0.172029,85,39,7,0.923913
0.0721,11,88,9153,0.176223,139,65,9,0.939189
0.0721,11,89,9202,0.178181,142,70,2,0.986111
0.0721,11,90,9470,0.18267,118,58,2,0.983333
0.0721,11,91,9301,0.181632,81,40,1,0.987805
0.0721,11,92,9333,0.183489,107,53,1,0.990741
0.0721,11,93,9726,0.190348,128,64,0,1.0
0.0721,11,94,9935,0.195486,88,43,2,0.977778
0.0721,11,95,9671,0.191021,132,64,4,0.970588
0.0721,11,96,9902,0.194355,97,48,1,0.989796
0.0721,11,97,10289,0.202476,108,54,0,1.0
0.0721,11,98,10064,0.196417,107,53,1,0.990741
0.0721,11,99,10046,0.194163,102,51,0,1.0
0.0721,11,100,10071,0.197703,144,72,0,1.0
0.0721,12,0,3854,0.0747015,126,63,0,1.0
0.0721,12,1,4048,0.0789299,96,48,0,1.0
0.0721,12,2,4132,0.0817797,95,46,3,0.969388
0.0721,12,3,4016,0.0783304,96,41,14,0.872727
0.0721,12,4,4013,0.0794213,113,54,5,0.941667
0.0721,12,5,3715,0.0727746,86,36,14,0.796296
0.0721,12,6,4093,0.0804473,86,34,18,0.811321
0.0721,12,7,4014,0.0799379,90,36,18,0.725806
0.0721,12,8,4104,0.080417,61,18,25,0.635417
0.0721,12,9,4152,0.081929,74,28,18,0.787234
0.0721,12,10,4156,0.0820565,98,41,16,0.816667
0.0721,12,11,4229,0.08314,81,32,17,0.826531
0.0721,12,12,4168,0.0804074,76,29,18,0.703704
0.0721,12,13,4398,0.0867182,65,24,17,0.677083
0.0721,12,14,4318,0.0847099,125,43,39,0.726744
0.0721,12,15,4259,0.0848575,73,28,17,0.744898
0.0721,12,16,4302,0.0866151,89,33,23,0.794643
0.0721,12,17,4286,0.0875909,93,38,17,0.75
0.0721,12,18,4215,0.0851756,100,44,12,0.847458
0.0721,12,19,4309,0.0859943,94,37,20,0.79661
0.0721,12,20,4401,0.0874464,69,27,15,0.71875
0.0721,12,21,4281,0.0852823,71,30,11,0.806818
0.0721,12,22,4549,0.0912904,67,28,11,0.817073
0.0721,12,23,4420,0.0884956,75,35,5,0.9375
0.0721,12,24,4480,0.0901662,73,26,21,0.688679
0.0721,12,25,4446,0.0881373,84,32,20,0.688525
0.0721,12,26,4323,0.0856175,90,36,18,0.775862
0.0721,12,27,4621,0.0909502,96,39,18,0.8
0.0721,12,28,4596,0.0903764,86,34,18,0.811321
0.0721,12,29,4679,0.0910347,101,42,17,0.827869
0.0721,12,30,4741,0.0924136,61,27,7,0.847222
0.0721,12,31,4653,0.0922628,59,27,5,0.921875
0.0721,12,32,4833,0.0951565,115,50,15,0.871212
0.0721,12,33,4788,0.0943597,80,34,12,0.816327
0.0721,12,34,4765,0.0938177,94,37,20,0.79661
0.0721,12,35,4908,0.0957771,102,48,6,0.894737
0.0721,12,36,4887,0.0959967,81,34,13,0.861702
0.0721,12,37,5023,0.0994417,90,36,18,0.803571
0.0721,12,38,5123,0.10095,129,57,15,0.895833
0.0721,12,39,4996,0.0996172,91,39,13,0.858491
0.0721,12,40,5192,0.103414,79,32,15,0.77451
0.0721,12,41,5282,0.10442,64,28,8,0.864865
0.0721,12,42,5651,0.110384,113,52,9,0.882812
0.0721,12,43,5826,0.115316,83,38,7,0.922222
0.0721,12,44,5927,0.115771,79,37,5,0.940476
0.0721,12,45,6112,0.120031,103,48,7,0.903509
0.0721,12,46,6122,0.121933,78,36,6,0.928571
0.0721,12,47,6072,0.120581,110,49,12,0.901639
0.0721,12,48,6030,0.11961,92,39,14,0.867925
0.0721,12,49,5901,0.116561,77,37,3,0.916667
0.0721,12,50,5869,0.117024,92,42,8,0.92
0.0721,12,51,6048,0.119526,123,53,17,0.866197
0.0721,12,52,6030,0.119297,108,46,16,0.830769
0.0721,12,53,5991,0.119734,94,44,6,0.886792
0.0721,12,54,6574,0.131024,63,25,13,0.828947
0.0721,12,55,6546,0.129788,114,51,12,0.890625
0.0721,12,56,6675,0.130903,134,62,10,0.930556
0.0721,12,57,6568,0.130075,94,45,4,0.94
0.0721,12,58,7054,0.138962,116,50,16,0.852941
0.0721,12,59,7326,0.143069,92,43,6,0.938776
0.0721,12,60,7514,0.146947,99,47,5,0.933962
0.0721,12,61,7362,0.144557,153,74,5,0.95625
0.0721,12,62,7372,0.144232,94,46,2,0.979167
0.0721,12,63,7460,0.145646,90,42,6,0.9
0.0721,12,64,7501,0.14667,136,64,8,0.944444
0.0721,12,65,7262,0.143444,85,39,7,0.923913
0.0721,12,66,7724,0.15093,112,53,6,0.903226
0.0721,12,67,7577,0.147058,126,57,12,0.875
0.0721,12,68,7641,0.150325,146,73,0,0.935897
0.0721,12,69,7634,0.150211,114,54,6,0.919355
0.0721,12,70,7770,0.153321,118,56,6,0.951613
0.0721,12,71,8094,0.156921,115,54,7,0.942623
0.0721,12,72,8334,0.158949,70,32,6,0.921053
0.0721,12,73,8467,0.166699,81,39,3,0.964286
0.0721,12,74,8573,0.170383,87,39,9,0.90625
0.0721,12,75,8758,0.17031,74,33,8,0.902439
0.0721,12,76,8864,0.172552,97,47,3,0.97
0.0721,12,77,8951,0.174613,93,45,3,0.96875
0.0721,12,78,8969,0.178765,83,41,1,0.988095
0.0721,12,79,8797,0.174177,122,61,0,1.0
0.0721,12,80,8946,0.177036,90,45,0,1.0
0.0721,12,81,8985,0.180588,117,58,1,0.991525
0.0721,12,82,8869,0.177054,118,57,4,0.967213
0.0721,12,83,9243,0.185268,139,69,1,0.992857
0.0721,12,84,9128,0.182065,171,84,3,0.982759
0.0721,12,85,9582,0.189188,159,79,1,0.99375
0.0721,12,86,9640,0.189719,130,64,2,0.984848
0.0721,12,87,9847,0.191539,81,40,1,0.987805
0.0721,12,88,9904,0.194128,145,70,5,0.966667
0.0721,12,89,10401,0.199184,125,62,1,0.992063
0.0721,12,90,10975,0.211824,150,73,4,0.974026
0.0721,12,91,11003,0.214149,69,33,3,0.958333
0.0721,12,92,10785,0.212789,144,72,0,1.0
0.0721,12,93,10787,0.213013,116,58,0,1.0
0.0721,12,94,10857,0.213847,141,69,3,0.979167
0.0721,12,95,11017,0.215209,134,66,2,0.985294
0.0721,12,96,11540,0.225832,116,58,0,1.0
0.0721,12,97,11958,0.232194,142,70,2,0.986111
0.0721,12,98,12024,0.23315,85,42,1,0.988372
0.0721,12,99,12280,0.236709,132,66,0,1.0
0.0721,12,100,12439,0.237694,115,57,1,0.991379
0.0721,13,0,3874,0.0727621,86,43,0,1.0
0.0721,13,1,3818,0.0724396,108,53,2,0.981818
0.0721,13,2,4003,0.0756768,96,48,0,1.0
0.0721,13,3,3921,0.0753083,137,66,5,0.964789
0.0721,13,4,3867,0.0746871,82,38,6,0.931818
0.0721,13,5,3653,0.070833,88,40,8,0.88
0.0721,13,6,3775,0.073338,97,38,21,0.822034
0.0721,13,7,3799,0.0732549,76,33,10,0.863636
0.0721,13,8,3901,0.0753467,89,37,15,0.794643
0.0721,13,9,3805,0.0739956,61,25,11,0.824324
0.0721,13,10,3678,0.0722963,71,31,9,0.8875
0.0721,13,11,3838,0.0756972,67,26,15,0.744444
0.0721,13,12,3903,0.0776778,89,37,15,0.754237
0.0721,13,13,3753,0.0743198,86,34,18,0.767857
0.0721,13,14,3772,0.0752384,54,24,6,0.9
0.0721,13,15,3827,0.0764696,75,30,15,0.78125
0.0721,13,16,3738,0.0745929,86,36,14,0.796296
0.0721,13,17,3926,0.0786679,74,31,12,0.787234
0.0721,13,18,4036,0.0787082,83,32,19,0.741071
0.0721,13,19,4265,0.083252,78,33,12,0.847826
0.0721,13,20,4239,0.0838542,74,30,14,0.822222
0.0721,13,21,4262,0.0840996,73,30,13,0.848837
0.0721,13,22,4166,0.0826653,105,44,17,0.820312
0.0721,13,23,4067,0.0814899,76,32,12,0.77551
0.0721,13,24,4169,0.083028,82,26,30,0.706897
0.0721,13,25,4099,0.0802215,67,28,11,0.77907
0.0721,13,26,4122,0.0819744,82,35,12,0.694915
0.0721,13,27,4181,0.082684,108,44,20,0.794118
0.0721,13,28,4007,0.0802266,84,30,24,0.711864
0.0721,13,29,4155,0.0831499,78,36,6,0.906977
0.0721,13,30,4106,0.0814618,59,23,13,0.7375
0.0721,13,31,4302,0.0860675,99,46,7,0.853448
0.0721,13,32,4157,0.0847433,54,25,4,0.9
0.0721,13,33,4137,0.0836772,85,34,17,0.787037
0.0721,13,34,4296,0.0870728,83,33,17,0.83
0.0721,13,35,4184,0.0834064,50,21,8,0.675676
0.0721,13,36,4153,0.0825942,62,24,14,0.815789
0.0721,13,37,3977,0.0791663,93,40,13,0.815789
0.0721,13,38,4239,0.0848004,65,24,17,0.792683
0.0721,13,39,4436,0.0881873,87,31,25,0.75
0.0721,13,40,4378,0.0885697,72,29,14,0.837209
0.0721,13,41,4379,0.0894184,111,45,21,0.840909
0.0721,13,42,4560,0.0904295,75,30,15,0.765306
0.0721,13,43,4567,0.0901999,50,17,16,0.641026
0.0721,13,44,4629,0.0907825,62,27,8,0.815789
0.0721,13,45,4673,0.0921224,101,41,19,0.841667
0.0721,13,46,4634,0.0910055,69,28,13,0.766667
0.0721,13,47,4492,0.088151,40,12,16,0.666667
0.0721,13,48,4513,0.0900259,77,30,17,0.802083
0.0721,13,49,4456,0.0898242,50,20,10,0.714286
0.0721,13,50,4497,0.089546,76,30,16,0.77551
0.0721,13,51,4525,0.0905471,64,25,14,0.727273
0.0721,13,52,4497,0.0885724,56,19,18,0.736842
0.0721,13,53,4668,0.0927515,53,22,9,0.757143
0.0721,13,54,4574,0.0911446,52,24,4,0.928571
0.0721,13,55,4496,0.0901074,109,51,7,0.865079
0.0721,13,56,4651,0.0924542,77,30,17,0.77
0.0721,13,57,4897,0.0961629,77,32,13,0.855556
0.0721,13,58,4998,0.0983278,87,37,13,0.75
0.0721,13,59,5216,0.101514,70,28,14,0.744681
0.0721,13,60,5201,0.102092,98,39,20,0.790323
0.0721,13,61,5176,0.102817,121,50,21,0.828767
0.0721,13,62,5173,0.102704,98,39,20,0.816667
0.0721,13,63,5074,0.0994863,68,26,16,0.755556
0.0721,13,64,5072,0.099109,77,30,17,0.819149
0.0721,13,65,5126,0.101037,132,59,14,0.868421
0.0721,13,66,5285,0.103892,76,32,12,0.791667
0.0721,13,67,5194,0.102039,115,46,23,0.798611
0.0721,13,68,5186,0.103163,69,26,17,0.784091
0.0721,13,69,5184,0.103115,88,38,12,0.88
0.0721,13,70,5295,0.104249,63,26,11,0.828947
0.0721,13,71,5509,0.107029,66,30,6,0.916667
0.0721,13,72,5454,0.10743,70,30,10,0.875
0.0721,13,73,5579,0.110866,89,40,9,0.855769
0.0721,13,74,5589,0.110324,59,22,15,0.797297
0.0721,13,75,5689,0.113807,88,39,10,0.897959
0.0721,13,76,6061,0.119166,88,39,10,0.897959
0.0721,13,77,6094,0.11998,127,59,9,0.907143
0.0721,13,78,6232,0.122321,58,26,6,0.852941
0.0721,13,79,6557,0.127842,94,40,14,0.854545
0.0721,13,80,6677,0.129359,75,34,7,0.914634
0.0721,13,81,6660,0.130722,120,57,6,0.9375
0.0721,13,82,6651,0.130586,78,36,6,0.906977
0.0721,13,83,6739,0.131094,107,45,17,0.835938
0.0721,13,84,6930,0.135601,127,59,9,0.933824
0.0721,13,85,7117,0.136897,116,53,10,0.920635
0.0721,13,86,7088,0.138141,91,41,9,0.91
0.0721,13,87,7076,0.140041,101,46,9,0.918182
0.0721,13,88,6873,0.135948,126,47,32,0.759036
0.0721,13,89,7170,0.140925,75,37,1,0.986842
0.0721,13,90,7475,0.14658,69,34,1,0.985714
0.0721,13,91,7967,0.155193,158,74,10,0.940476
0.0721,13,92,7929,0.155039,50,24,2,0.961538
0.0721,13,93,7959,0.155851,108,50,8,0.931034
0.0721,13,94,8203,0.161476,101,48,5,0.95283
0.0721,13,95,8737,0.170153,83,41,1,0.988095
0.0721,13,96,8879,0.17405,96,45,6,0.941176
0.0721,13,97,8800,0.174472,133,63,7,0.95
0.0721,13,98,9052,0.178294,78,37,4,0.95122
0.0721,13,99,8904,0.174835,107,49,9,0.922414
0.0721,13,100,9436,0.183551,112,54,4,0.965517
0.0721,14,0,3708,0.07207,94,47,0,1.0
0.0721,14,1,4050,0.0782155,89,43,3,0.967391
0.0721,14,2,4099,0.0793642,122,59,4,0.968254
0.0721,14,3,4357,0.0838885,134,65,4,0.971014
0.0721,14,4,4394,0.0847052,109,49,11,0.908333
0.0721,14,5,4198,0.0814323,102,45,12,0.894737
0.0721,14,6,4185,0.0818054,88,40,8,0.916667
0.0721,14,7,4098,0.0810875,67,30,7,0.881579
0.0721,14,8,4020,0.0797492,78,31,16,0.829787
0.0721,14,9,4200,0.0818267,58,25,8,0.828571
0.0721,14,10,4302,0.0852523,76,31,14,0.808511
0.0721,14,11,4413,0.0868735,72,30,12,0.857143
0.0721,14,12,4334,0.0850504,92,42,8,0.92
0.0721,14,13,4498,0.087694,66,29,8,0.846154
0.0721,14,14,4339,0.086146,87,39,9,0.887755
0.0721,14,15,4539,0.0912398,114,49,16,0.876923
0.0721,14,16,4573,0.0911065,81,27,27,0.75
0.0721,14,17,4535,0.0909364,85,36,13,0.85
0.0721,14,18,4554,0.0916593,102,43,16,0.85
0.0721,14,19,4760,0.0945608,89,36,17,0.824074
0.0721,14,20,4615,0.0935688,83,35,13,0.813725
0.0721,14,21,4875,0.0961159,47,16,15,0.671429
0.0721,14,22,4769,0.0953914,82,33,16,0.803922
0.0721,14,23,4630,0.0924004,95,39,17,0.833333
0.0721,14,24,4743,0.0936722,57,22,13,0.814286
0.0721,14,25,4571,0.0914017,55,22,11,0.785714
0.0721,14,26,4740,0.093186,48,18,12,0.685714
0.0721,14,27,4928,0.0977119,72,28,16,0.734694
0.0721,14,28,4886,0.098144,91,39,13,0.858491
0.0721,14,29,4971,0.100097,74,31,12,0.822222
0.0721,14,30,5278,0.103437,117,53,11,0.9
0.0721,14,31,5410,0.106614,84,31,22,0.792453
0.0721,14,32,5434,0.107826,66,27,12,0.846154
0.0721,14,33,5332,0.104841,106,44,18,0.815385
0.0721,14,34,5435,0.107403,67,25,17,0.683673
0.0721,14,35,5657,0.113086,138,64,10,0.932432
0.0721,14,36,5574,0.112085,105,43,19,0.820312
0.0721,14,37,5750,0.1136,123,58,7,0.946154
0.0721,14,38,5995,0.119637,93,41,11,0.894231
0.0721,14,39,5708,0.115444,95,45,5,0.913462
0.0721,14,40,5899,0.118349,81,36,9,0.84375
0.0721,14,41,6160,0.121971,88,40,8,0.916667
0.0721,14,42,6572,0.126161,104,44,16,0.866667
0.0721,14,43,6445,0.124652,97,44,9,0.915094
0.0721,14,44,6778,0.129941,135,62,11,0.912162
0.0721,14,45,6843,0.132693,82,37,8,0.911111
0.0721,14,46,7051,0.139309,93,44,5,0.94898
0.0721,14,47,7298,0.143396,96,46,4,0.96
0.0721,14,48,7264,0.142807,139,67,5,0.965278
0.0721,14,49,7459,0.144063,94,45,4,0.94
0.0721,14,50,7834,0.150828,81,34,13,0.861702
0.0721,14,51,7938,0.152648,116,55,6,0.95082
0.0721,14,52,7729,0.150066,101,48,5,0.95283
0.0721,14,53,7778,0.152869,96,42,12,0.888889
0.0721,14,54,7959,0.155998,128,59,10,0.927536
0.0721,14,55,8145,0.157666,121,59,3,0.975806
0.0721,14,56,8041,0.15633,78,36,6,0.928571
0.0721,14,57,7913,0.157504,112,53,6,0.949153
0.0721,14,58,7922,0.157777,119,56,7,0.944444
0.0721,14,59,8043,0.160334,99,47,5,0.951923
0.0721,14,60,8269,0.163885,95,46,3,0.95
0.0721,14,61,8593,0.168312,130,64,2,0.984848
0.0721,14,62,9096,0.174614,70,35,0,1.0
0.0721,14,63,9142,0.179058,125,62,1,0.992063
0.0721,14,64,9375,0.181588,156,76,4,0.975
0.0721,14,65,9724,0.186027,97,47,3,0.97
0.0721,14,66,9510,0.185012,126,63,0,1.0
0.0721,14,67,9421,0.183466,132,62,8,0.942857
0.0721,14,68,9732,0.187046,156,78,0,1.0
0.0721,14,69,10058,0.19191,125,61,3,0.976562
0.0721,14,70,9941,0.191771,123,60,3,0.97619
0.0721,14,71,10181,0.196544,109,54,1,0.990909
0.0721,14,72,10094,0.194835,134,66,2,0.985294
0.0721,14,73,10278,0.199876,125,61,3,0.976562
0.0721,14,74,10665,0.205349,97,48,1,0.989796
0.0721,14,75,10543,0.205789,103,51,1,0.990385
0.0721,14,76,10597,0.210751,114,57,0,1.0
0.0721,14,77,10643,0.211708,50,25,0,1.0
0.0721,14,78,10803,0.213094,78,39,0,1.0
0.0721,14,79,11013,0.219768,129,64,1,0.962687
0.0721,14,80,11010,0.21853,86,41,4,0.955556
0.0721,14,81,11233,0.219215,85,41,3,0.965909
0.0721,14,82,11309,0.218329,68,33,2,0.971429
0.0721,14,83,11598,0.2239,122,59,4,0.968254
0.0721,14,84,11467,0.222764,96,48,0,1.0
0.0721,14,85,11746,0.226932,80,40,0,1.0
0.0721,14,86,12156,0.235144,95,47,1,0.989583
0.0721,14,87,12755,0.244358,136,68,0,1.0
0.0721,14,88,12433,0.240233,128,64,0,1.0
0.0721,14,89,12364,0.241155,126,63,0,1.0
0.0721,14,90,12521,0.242036,106,53,0,1.0
0.0721,14,91,12653,0.244125,166,83,0,1.0
0.0721,14,92,12467,0.246111,95,47,1,0.989583
0.0721,14,93,12799,0.251632,122,58,6,0.953125
0.0721,14,94,13031,0.253374,82,40,2,0.97619
0.0721,14,95,13340,0.254911,112,56,0,1.0
0.0721,14,96,13535,0.256345,146,73,0,1.0
0.0721,14,97,13457,0.2548,132,66,0,1.0
0.0721,14,98,13423,0.257718,90,45,0,1.0
0.0721,14,99,13482,0.260653,106,53,0,1.0
0.0721,14,100,13594,0.263531,100,50,0,1.0
0.0721,15,0,3566,0.0682149,86,43,0,1.0
0.0721,15,1,3488,0.0677439,95,41,13,0.87963
0.0721,15,2,3476,0.0680049,82,39,4,0.953488
0.0721,15,3,3696,0.0715087,104,48,8,0.928571
0.0721,15,4,3713,0.0725139,112,51,10,0.888889
0.0721,15,5,3541,0.0692765,81,34,13,0.84375
0.0721,15,6,3677,0.070886,86,34,18,0.826923
0.0721,15,7,3663,0.069312,97,42,13,0.836207
0.0721,15,8,3757,0.071611,64,31,2,0.969697
0.0721,15,9,3691,0.0715088,100,41,18,0.847458
0.0721,15,10,3789,0.0733535,83,40,3,0.965116
0.0721,15,11,4075,0.0787957,80,32,16,0.816327
0.0721,15,12,3840,0.0750851,51,21,9,0.85
0.0721,15,13,3961,0.0774419,102,46,10,0.910714
0.0721,15,14,3886,0.0760261,69,29,11,0.821429
0.0721,15,15,3789,0.0755473,74,31,12,0.840909
0.0721,15,16,3564,0.0722804,74,25,24,0.685185
0.0721,15,17,3633,0.0728348,61,21,19,0.743902
0.0721,15,18,3728,0.073577,104,47,10,0.912281
0.0721,15,19,3903,0.0764485,71,28,15,0.755319
0.0721,15,20,3693,0.0731693,62,26,10,0.794872
0.0721,15,21,3623,0.0727276,82,33,16,0.803922
0.0721,15,22,3786,0.0756051,100,44,12,0.862069
0.0721,15,23,3554,0.0714228,77,25,27,0.712963
0.0721,15,24,3608,0.0723075,69,29,11,0.841463
0.0721,15,25,3812,0.0761486,48,20,8,0.827586
0.0721,15,26,3877,0.0771327,62,23,16,0.688889
0.0721,15,27,3780,0.0748041,74,26,22,0.698113
0.0721,15,28,3600,0.0711997,52,19,14,0.702703
0.0721,15,29,3614,0.0726549,57,20,17,0.695122
0.0721,15,30,3826,0.0764986,56,21,14,0.682927
0.0721,15,31,3794,0.07523,87,35,17,0.820755
0.0721,15,32,3800,0.0743436,82,22,38,0.61194
0.0721,15,33,3710,0.07319,47,20,7,0.734375
0.0721,15,34,3713,0.0736999,64,16,32,0.64
0.0721,15,35,3631,0.0726956,84,32,20,0.763636
0.0721,15,36,3732,0.0740182,65,24,17,0.677083
0.0721,15,37,3643,0.0719278,86,27,32,0.704918
0.0721,15,38,3770,0.0755118,28,6,16,0.424242
0.0721,15,39,3821,0.0765149,84,26,32,0.646154
0.0721,15,40,3704,0.0736206,37,10,17,0.486842
0.0721,15,41,3661,0.0723976,56,20,16,0.7
0.0721,15,42,3512,0.0695446,44,13,18,0.55
0.0721,15,43,3396,0.0672848,49,14,21,0.680556
0.0721,15,44,3239,0.0641081,42,8,26,0.428571
0.0721,15,45,3345,0.0661852,71,20,31,0.622807
0.0721,15,46,3240,0.0638298,48,14,20,0.615385
0.0721,15,47,3197,0.0638251,50,19,12,0.757576
0.0721,15,48,3070,0.060648,30,7,16,0.441176
0.0721,15,49,3025,0.0598986,38,14,10,0.633333
0.0721,15,50,2922,0.0582675,54,16,22,0.574468
0.0721,15,51,2984,0.0594375,55,19,17,0.670732
0.0721,15,52,2790,0.0558447,37,10,17,0.513889
0.0721,15,53,2884,0.0576962,42,7,28,0.512195
0.0721,15,54,2766,0.0557751,52,18,16,0.722222
0.0721,15,55,2850,0.056606,42,13,16,0.617647
0.0721,15,56,2868,0.0566306,30,6,18,0.348837
0.0721,15,57,2643,0.0534804,51,14,23,0.418033
0.0721,15,58,2733,0.0545705,50,12,26,0.462963
0.0721,15,59,2667,0.0527013,49,16,17,0.532609
0.0721,15,60,2634,0.0532401,71,21,29,0.612069
0.0721,15,61,2556,0.0510608,25,6,13,0.5
0.0721,15,62,2521,0.0496162,92,29,34,0.582278
0.0721,15,63,2576,0.0501988,67,20,27,0.644231
0.0721,15,64,2518,0.0492644,52,19,14,0.530612
0.0721,15,65,2232,0.0444905,29,8,13,0.453125
0.0721,15,66,2139,0.0427219,31,7,17,0.455882
0.0721,15,67,2185,0.0442075,43,14,15,0.438776
0.0721,15,68,2082,0.040981,23,5,13,0.302632
0.0721,15,69,2098,0.0412246,42,11,20,0.5
0.0721,15,70,1953,0.0381311,31,4,23,0.397436
0.0721,15,71,1838,0.0366004,22,6,10,0.423077
0.0721,15,72,1731,0.0345096,29,3,23,0.295918
0.0721,15,73,1588,0.0320226,24,5,14,0.333333
0.0721,15,74,1517,0.0302011,21,2,17,0.2625
0.0721,15,75,1357,0.0271563,26,3,20,0.325
0.0721,15,76,1308,0.0260123,35,6,23,0.330189
0.0721,15,77,1130,0.0228237,25,0,25,0.265957
0.0721,15,78,1141,0.0226434,12,2,8,0.157895
0.0721,15,79,935,0.0186851,19,0,19,0.163793
0.0721,15,80,848,0.0168154,13,1,11,0.232143
0.0721,15,81,753,0.0149458,21,1,19,0.233333
0.0721,15,82,699,0.0136876,5,0,5,0.0806452
0.0721,15,83,562,0.0110634,7,2,3,0.116667
0.0721,15,84,514,0.0102779,1,0,1,0.0119048
0.0721,15,85,383,0.00753225,9,0,9,0.0865385
0.0721,15,86,363,0.00714651,7,1,5,0.116667
0.0721,15,87,346,0.00677634,14,1,12,0.107692
0.0721,15,88,314,0.00608268,9,1,7,0.075
0.0721,15,89,291,0.00560845,3,0,3,0.0230769
0.0721,15,90,283,0.00538453,5,0,5,0.0423729
0.0721,15,91,259,0.00502425,5,0,5,0.0462963
0.0721,15,92,240,0.00459137,1,0,1,0.00909091
0.0721,15,93,203,0.00388859,0,0,0,0.0
0.0721,15,94,182,0.00352304,2,0,2,0.0188679
0.0721,15,95,165,0.00320028,2,0,2,0.0192308
0.0721,15,96,156,0.00300903,0,0,0,0.0
0.0721,15,97,109,0.00213776,0,0,0,0.0
0.0721,15,98,94,0.00186102,0,0,0,0.0
0.0721,15,99,101,0.00199565,0,0,0,0.0
0.0721,15,100,95,0.00185337,0,0,0,0.0
0.0721,16,0,3714,0.0724938,128,64,0,1.0
0.0721,16,1,4015,0.0787317,114,57,0,1.0
0.0721,16,2,4003,0.0776919,121,56,9,0.930769
0.0721,16,3,3828,0.0747744,84,41,2,0.976744
0.0721,16,4,3803,0.0737931,80,35,10,0.869565
0.0721,16,5,3815,0.07419,79,31,17,0.731481
0.0721,16,6,4069,0.077995,123,54,15,0.866197
0.0721,16,7,4067,0.0791091,61,22,17,0.693182
0.0721,16,8,3800,0.0741724,68,29,10,0.871795
0.0721,16,9,3792,0.0736025,75,30,15,0.815217
0.0721,16,10,3735,0.0725158,85,32,21,0.745614
0.0721,16,11,3797,0.0733748,85,36,13,0.833333
0.0721,16,12,4028,0.0781559,98,46,6,0.907407
0.0721,16,13,3936,0.0778789,87,34,19,0.805556
0.0721,16,14,3974,0.0792707,101,42,17,0.827869
0.0721,16,15,3852,0.0763286,88,36,16,0.814815
0.0721,16,16,3966,0.0794058,55,22,11,0.785714
0.0721,16,17,3935,0.078997,48,15,18,0.648649
0.0721,16,18,4088,0.0820851,76,29,18,0.76
0.0721,16,19,4287,0.085249,107,48,11,0.862903
0.0721,16,20,4105,0.0815617,73,31,11,0.829545
0.0721,16,21,4126,0.081648,74,30,14,0.787234
0.0721,16,22,3978,0.078598,87,35,17,0.763158
0.0721,16,23,4051,0.0802274,69,26,17,0.71875
0.0721,16,24,4136,0.0822757,75,32,11,0.75
0.0721,16,25,3960,0.0797487,59,23,13,0.702381
0.0721,16,26,3958,0.0796763,64,30,4,0.8
0.0721,16,27,3966,0.0796738,42,16,10,0.7
0.0721,16,28,3918,0.0788584,87,34,19,0.790909
0.0721,16,29,4096,0.0818643,77,30,17,0.77
0.0721,16,30,4108,0.0824635,54,18,18,0.675
0.0721,16,31,4335,0.0872093,62,24,14,0.756098
0.0721,16,32,4551,0.0897881,87,34,19,0.805556
0.0721,16,33,4418,0.0888183,60,20,20,0.714286
0.0721,16,34,4375,0.0870543,55,23,9,0.743243
0.0721,16,35,4596,0.0897551,59,23,13,0.776316
0.0721,16,36,4610,0.0906873,98,40,18,0.830508
0.0721,16,37,4503,0.0890062,90,40,10,0.818182
0.0721,16,38,4429,0.0868431,66,28,10,0.785714
0.0721,16,39,4586,0.0897843,95,38,19,0.805085
0.0721,16,40,4658,0.0913799,63,21,21,0.715909
0.0721,16,41,4612,0.0932282,62,24,14,0.794872
0.0721,16,42,4607,0.0926626,92,36,20,0.754098
0.0721,16,43,5006,0.0996695,108,44,20,0.771429
0.0721,16,44,4901,0.0982243,76,25,26,0.730769
0.0721,16,45,4928,0.0982574,69,27,15,0.71875
0.0721,16,46,5165,0.101326,82,33,16,0.759259
0.0721,16,47,5110,0.100793,85,36,13,0.787037
0.0721,16,48,5226,0.102286,116,44,28,0.763158
0.0721,16,49,5519,0.108488,121,50,21,0.828767
0.0721,16,50,5376,0.106569,79,35,9,0.858696
0.0721,16,51,5289,0.103816,94,41,12,0.886792
0.0721,16,52,5577,0.10916,110,51,8,0.932203
0.0721,16,53,5628,0.109965,73,34,5,0.935897
0.0721,16,54,5629,0.110602,133,62,9,0.93662
0.0721,16,55,5837,0.114734,71,29,13,0.825581
0.0721,16,56,5742,0.11321,90,38,14,0.865385
0.0721,16,57,5970,0.117803,123,56,11,0.904412
0.0721,16,58,5917,0.1177,158,70,18,0.877778
0.0721,16,59,6334,0.123943,94,43,8,0.921569
0.0721,16,60,6137,0.12275,137,68,1,0.992754
0.0721,16,61,6283,0.124747,75,34,7,0.914634
0.0721,16,62,6588,0.128717,82,37,8,0.911111
0.0721,16,63,7005,0.135106,79,36,7,0.918605
0.0721,16,64,6867,0.132716,109,51,7,0.939655
0.0721,16,65,6804,0.133642,113,53,7,0.941667
0.0721,16,66,6790,0.136099,155,75,5,0.95679
0.0721,16,67,7125,0.139821,59,22,15,0.797297
0.0721,16,68,7215,0.13969,116,54,8,0.935484
0.0721,16,69,7222,0.140906,108,53,2,0.981818
0.0721,16,70,7260,0.14096,124,57,10,0.925373
0.0721,16,71,7262,0.142812,92,43,6,0.92
0.0721,16,72,7356,0.144241,70,31,8,0.897436
0.0721,16,73,7497,0.146891,94,43,8,0.921569
0.0721,16,74,7940,0.154878,63,31,1,0.984375
0.0721,16,75,8061,0.156312,97,46,5,0.95098
0.0721,16,76,8137,0.158542,108,51,6,0.947368
0.0721,16,77,8235,0.15926,139,67,5,0.965278
0.0721,16,78,8272,0.160759,73,35,3,0.960526
0.0721,16,79,8328,0.160754,79,38,3,0.963415
0.0721,16,80,8422,0.16375,119,58,3,0.97541
0.0721,16,81,8683,0.167283,120,58,4,0.967742
0.0721,16,82,9182,0.175343,97,48,1,0.989796
0.0721,16,83,8835,0.17331,103,50,3,0.971698
0.0721,16,84,9003,0.174761,127,63,1,0.992188
0.0721,16,85,9230,0.180782,113,53,7,0.941667
0.0721,16,86,9306,0.18487,123,59,5,0.960938
0.0721,16,87,8983,0.177179,125,59,7,0.94697
0.0721,16,88,9240,0.181027,143,71,1,0.993056
0.0721,16,89,9112,0.178975,114,54,6,0.95
0.0721,16,90,9257,0.183097,127,62,3,0.976923
0.0721,16,91,9334,0.184241,112,56,0,1.0
0.0721,16,92,9281,0.184799,114,56,2,0.982759
0.0721,16,93,9498,0.189218,126,62,2,0.984375
0.0721,16,94,9750,0.193092,120,59,2,0.983607
0.0721,16,95,10115,0.197381,94,46,2,0.979167
0.0721,16,96,10167,0.199478,139,69,1,0.992857
0.0721,16,97,9990,0.195928,148,71,6,0.961039
0.0721,16,98,10013,0.19762,104,51,2,0.981132
0.0721,16,99,10021,0.195761,103,51,1,0.990385
0.0721,16,100,10594,0.203895,149,74,1,0.993333
0.0721,17,0,3602,0.0711661,96,48,0,1.0
0.0721,17,1,3950,0.0769261,91,44,3,0.968085
0.0721,17,2,3769,0.0756706,102,50,2,0.980769
0.0721,17,3,3829,0.0767858,73,33,7,0.9125
0.0721,17,4,3816,0.0763505,91,42,7,0.928571
0.0721,17,5,3847,0.074052,78,35,8,0.906977
0.0721,17,6,3850,0.0757964,75,34,7,0.914634
0.0721,17,7,4052,0.0796071,74,31,12,0.840909
0.0721,17,8,4087,0.0801058,85,38,9,0.867347
0.0721,17,9,4055,0.0785214,78,33,12,0.847826
0.0721,17,10,4212,0.0810374,90,38,14,0.865385
0.0721,17,11,4236,0.0820294,77,32,13,0.77
0.0721,17,12,4218,0.0831231,86,38,10,0.826923
0.0721,17,13,4267,0.0842748,100,46,8,0.925926
0.0721,17,14,4210,0.0823456,66,26,14,0.825
0.0721,17,15,4287,0.0838713,78,33,12,0.847826
0.0721,17,16,4426,0.086523,53,21,11,0.80303
0.0721,17,17,4275,0.0838531,79,34,11,0.877778
0.0721,17,18,4319,0.0851571,112,45,22,0.835821
0.0721,17,19,4495,0.0880164,97,43,11,0.808333
0.0721,17,20,4386,0.0855938,127,56,15,0.881944
0.0721,17,21,4462,0.0882272,84,32,20,0.792453
0.0721,17,22,4666,0.0922791,81,28,25,0.75
0.0721,17,23,4623,0.0910326,69,25,19,0.75
0.0721,17,24,4826,0.0936215,59,24,11,0.670455
0.0721,17,25,4870,0.0958058,42,18,6,0.875
0.0721,17,26,4967,0.0968453,80,34,12,0.8
0.0721,17,27,4863,0.0958,80,34,12,0.851064
0.0721,17,28,4878,0.095021,66,23,20,0.702128
0.0721,17,29,4922,0.0967374,62,24,14,0.72093
0.0721,17,30,4850,0.0958157,53,20,13,0.779412
0.0721,17,31,4910,0.0955885,75,27,21,0.681818
0.0721,17,32,4892,0.0965006,36,14,8,0.782609
0.0721,17,33,4695,0.092662,74,30,14,0.822222
0.0721,17,34,4951,0.0968354,65,23,19,0.722222
0.0721,17,35,4951,0.0981095,94,37,20,0.79661
0.0721,17,36,5238,0.102289,51,19,13,0.796875
0.0721,17,37,5196,0.101679,94,41,12,0.854545
0.0721,17,38,5233,0.102636,55,22,11,0.833333
0.0721,17,39,5228,0.1031,86,38,10,0.877551
0.0721,17,40,5184,0.102963,55,20,15,0.785714
0.0721,17,41,5270,0.103135,73,30,13,0.848837
0.0721,17,42,5438,0.106037,55,20,15,0.785714
0.0721,17,43,5802,0.115247,106,51,4,0.963636
0.0721,17,44,6051,0.120442,78,35,8,0.906977
0.0721,17,45,6068,0.119765,111,48,15,0.853846
0.0721,17,46,5945,0.117171,96,42,12,0.842105
0.0721,17,47,6025,0.11893,131,57,17,0.885135
0.0721,17,48,5981,0.118661,121,54,13,0.902985
0.0721,17,49,5932,0.1162,110,49,12,0.901639
0.0721,17,50,6082,0.11829,86,34,18,0.811321
0.0721,17,51,6265,0.123477,102,43,16,0.85
0.0721,17,52,6367,0.12392,59,26,7,0.893939
0.0721,17,53,6165,0.122268,121,58,5,0.960317
0.0721,17,54,6184,0.122928,88,40,8,0.88
0.0721,17,55,6583,0.127786,99,44,11,0.9
0.0721,17,56,6460,0.126241,76,33,10,0.883721
0.0721,17,57,6479,0.127816,77,34,9,0.895349
0.0721,17,58,6756,0.13294,132,63,6,0.956522
0.0721,17,59,6833,0.135915,121,56,9,0.930769
0.0721,17,60,7187,0.140092,74,33,8,0.902439
0.0721,17,61,7198,0.140784,64,28,8,0.888889
0.0721,17,62,7342,0.144334,134,62,10,0.917808
0.0721,17,63,7315,0.143263,93,44,5,0.94898
0.0721,17,64,7405,0.147357,84,40,4,0.954545
0.0721,17,65,7667,0.14981,109,50,9,0.908333
0.0721,17,66,7751,0.151725,96,42,12,0.888889
0.0721,17,67,7567,0.148466,91,42,7,0.91
0.0721,17,68,7543,0.150848,86,40,6,0.934783
0.0721,17,69,7817,0.153721,116,50,16,0.878788
0.0721,17,70,7695,0.153789,89,40,9,0.908163
0.0721,17,71,7865,0.154276,102,46,10,0.894737
0.0721,17,72,8019,0.15667,101,44,13,0.87069
0.0721,17,73,8154,0.157962,102,47,8,0.927273
0.0721,17,74,8073,0.158861,91,43,5,0.91
0.0721,17,75,8339,0.164503,145,68,9,0.929487
0.0721,17,76,8544,0.170621,131,64,3,0.963235
0.0721,17,77,8840,0.175223,100,48,4,0.961538
0.0721,17,78,9098,0.179746,103,51,1,0.990385
0.0721,17,79,9312,0.181436,130,62,6,0.955882
0.0721,17,80,9678,0.190182,84,40,4,0.954545
0.0721,17,81,9706,0.190553,95,47,1,0.989583
0.0721,17,82,9688,0.192299,148,74,0,1.0
0.0721,17,83,9786,0.193506,122,58,6,0.953125
0.0721,17,84,9619,0.193106,73,34,5,0.935897
0.0721,17,85,9733,0.193607,74,35,4,0.948718
0.0721,17,86,9949,0.196233,145,70,5,0.966667
0.0721,17,87,10180,0.200008,120,58,4,0.967742
0.0721,17,88,10069,0.196814,103,51,1,0.990385
0.0721,17,89,10327,0.200493,115,57,1,0.991379
0.0721,17,90,10235,0.200734,119,58,3,0.97541
0.0721,17,91,10711,0.205152,120,59,2,0.983607
0.0721,17,92,10771,0.2082,116,56,4,0.966667
0.0721,17,93,10682,0.205313,81,40,1,0.987805
0.0721,17,94,11067,0.215353,92,46,0,1.0
0.0721,17,95,10957,0.213287,118,59,0,1.0
0.0721,17,96,11218,0.217546,132,66,0,1.0
0.0721,17,97,11225,0.21947,93,46,1,0.989362
0.0721,17,98,11093,0.216618,156,78,0,1.0
0.0721,17,99,11551,0.226082,122,61,0,1.0
0.0721,17,100,12103,0.234718,126,62,2,0.984375
0.0721,18,0,3400,0.0657259,74,37,0,1.0
0.0721,18,1,3551,0.0693907,158,79,0,1.0
0.0721,18,2,3562,0.0697065,54,24,6,0.9
0.0721,18,3,3492,0.069316,67,28,11,0.8375
0.0721,18,4,3619,0.0720256,74,34,6,0.880952
0.0721,18,5,3486,0.0690215,82,31,20,0.788462
0.0721,18,6,3521,0.0694532,54,19,16,0.75
0.0721,18,7,3606,0.0712592,61,25,11,0.824324
0.0721,18,8,3616,0.0706968,51,16,19,0.621951
0.0721,18,9,3547,0.0698009,88,39,10,0.897959
0.0721,18,10,3592,0.0720851,55,23,9,0.859375
0.0721,18,11,3645,0.0727342,64,22,20,0.680851
0.0721,18,12,3817,0.0761542,117,44,29,0.769737
0.0721,18,13,3832,0.076542,76,27,22,0.745098
0.0721,18,14,3914,0.0772602,74,24,26,0.649123
0.0721,18,15,3787,0.0743044,37,15,7,0.74
0.0721,18,16,3807,0.0752729,31,9,13,0.397436
0.0721,18,17,3712,0.0752117,59,15,29,0.641304
0.0721,18,18,3549,0.0708044,59,20,19,0.702381
0.0721,18,19,3665,0.0715234,44,11,22,0.594595
0.0721,18,20,3657,0.0722499,78,26,26,0.672414
0.0721,18,21,3597,0.0719803,56,20,16,0.636364
0.0721,18,22,3573,0.071543,55,19,17,0.611111
0.0721,18,23,3476,0.069816,34,14,6,0.772727
0.0721,18,24,3595,0.0716821,34,9,16,0.586207
0.0721,18,25,3490,0.0701169,58,21,16,0.604167
0.0721,18,26,3377,0.0679122,48,16,16,0.631579
0.0721,18,27,3252,0.0650322,43,13,17,0.511905
0.0721,18,28,3252,0.0650192,51,14,23,0.481132
0.0721,18,29,3198,0.064442,48,16,16,0.705882
0.0721,18,30,3215,0.0647976,17,3,11,0.314815
0.0721,18,31,3239,0.0655907,47,10,27,0.534091
0.0721,18,32,3079,0.0619044,39,13,13,0.573529
0.0721,18,33,3126,0.0631235,57,20,17,0.662791
0.0721,18,34,2990,0.0605533,56,18,20,0.538462
0.0721,18,35,2873,0.0584632,42,8,26,0.488372
0.0721,18,36,2744,0.0560709,57,17,23,0.606383
0.0721,18,37,2676,0.0540978,53,11,31,0.490741
0.0721,18,38,2675,0.0535086,25,5,15,0.367647
0.0721,18,39,2582,0.0512281,36,6,24,0.375
0.0721,18,40,2475,0.0494012,41,8,25,0.366071
0.0721,18,41,2488,0.0490652,38,14,10,0.5
0.0721,18,42,2257,0.0453869,21,3,15,0.35
0.0721,18,43,2169,0.0432192,23,5,13,0.359375
0.0721,18,44,2135,0.042346,24,3,18,0.375
0.0721,18,45,2050,0.0409312,21,4,13,0.201923
0.0721,18,46,1994,0.0395572,36,7,22,0.367347
0.0721,18,47,1730,0.0346985,29,5,19,0.353659
0.0721,18,48,1536,0.0311246,20,1,18,0.238095
0.0721,18,49,1422,0.0285577,48,11,26,0.324324
0.0721,18,50,1330,0.0265088,17,3,11,0.236111
0.0721,18,51,1137,0.0227055,7,0,7,0.0897436
0.0721,18,52,1057,0.0210591,11,0,11,0.11
0.0721,18,53,993,0.0197298,13,0,13,0.191176
0.0721,18,54,836,0.016584,8,0,8,0.0930233
0.0721,18,55,769,0.0151892,7,0,7,0.0972222
0.0721,18,56,674,0.0131098,9,1,7,0.125
0.0721,18,57,644,0.0126072,3,0,3,0.0454545
0.0721,18,58,543,0.010452,11,0,11,0.0948276
0.0721,18,59,470,0.00930361,3,0,3,0.0211268
0.0721,18,60,423,0.00840219,5,0,5,0.0694444
0.0721,18,61,373,0.00735265,7,1,5,0.0833333
0.0721,18,62,339,0.00672219,0,0,0,0.0
0.0721,18,63,296,0.00583113,2,0,2,0.0166667
0.0721,18,64,259,0.00507823,2,0,2,0.0188679
0.0721,18,65,274,0.00545469,0,0,0,0.0
0.0721,18,66,227,0.00446393,2,0,2,0.0188679
0.0721,18,67,201,0.00395156,2,0,2,0.02
0.0721,18,68,195,0.0038336,0,0,0,0.0
0.0721,18,69,155,0.00308826,0,0,0,0.0
0.0721,18,70,117,0.00230034,0,0,0,0.0
0.0721,18,71,89,0.00176189,0,0,0,0.0
0.0721,18,72,70,0.00136298,2,0,2,0.015625
0.0721,18,73,70,0.00135754,0,0,0,0.0
0.0721,18,74,43,0.000828229,0,0,0,0.0
0.0721,18,75,33,0.000632111,1,0,1,0.00757576
0.0721,18,76,25,0.000478817,0,0,0,0.0
0.0721,18,77,20,0.000385401,0,0,0,0.0
0.0721,18,78,10,0.000193821,0,0,0,0.0
0.0721,18,79,7,0.000135402,0,0,0,0.0
0.0721,18,80,8,0.000156544,0,0,0,0.0
0.0721,18,81,8,0.000155153,0,0,0,0.0
0.0721,18,82,4,7.85207e-05,3,0,3,0.03
0.0721,18,83,5,9.73141e-05,0,0,0,0.0
0.0721,18,84,3,5.80293e-05,0,0,0,0.0
0.0721,18,85,4,7.73395e-05,0,0,0,0.0
0.0721,18,86,3,5.77278e-05,0,0,0,0.0
0.0721,18,87,1,1.94651e-05,0,0,0,0.0
0.0721,18,88,2,3.86354e-05,0,0,0,0.0
0.0721,18,89,3,5.78547e-05,0,0,0,0.0
0.0721,18,90,1,1.91755e-05,0,0,0,0.0
0.0721,18,91,1,1.91703e-05,0,0,0,0.0
0.0721,18,92,1,1.92515e-05,0,0,0,0.0
0.0721,18,93,2,3.87537e-05,0,0,0,0.0
0.0721,18,94,1,1.93349e-05,0,0,0,0.0
0.0721,18,95,0,0.0,0,0,0,0.0
0.0721,19,0,3692,0.0722844,108,54,0,1.0
0.0721,19,1,3854,0.0751267,106,53,0,1.0
0.0721,19,2,3811,0.0745588,112,55,2,0.982456
0.0721,19,3,3892,0.0753913,97,42,13,0.881818
0.0721,19,4,4118,0.079695,94,43,8,0.903846
0.0721,19,5,4085,0.0799789,145,66,13,0.917722
0.0721,19,6,3957,0.0788184,89,34,21,0.780702
0.0721,19,7,4083,0.0815817,73,31,11,0.829545
0.0721,19,8,4106,0.0816952,108,48,12,0.9
0.0721,19,9,4049,0.0805547,98,44,10,0.907407
0.0721,19,10,4238,0.0842176,97,42,13,0.808333
0.0721,19,11,4273,0.0841606,109,50,9,0.893443
0.0721,19,12,4363,0.0849428,76,31,14,0.826087
0.0721,19,13,4280,0.0838328,107,45,17,0.849206
0.0721,19,14,4534,0.0881964,91,37,17,0.827273
0.0721,19,15,4475,0.0886525,99,41,17,0.825
0.0721,19,16,4086,0.0820845,100,39,22,0.78125
0.0721,19,17,4096,0.0808081,73,27,19,0.688679
0.0721,19,18,4363,0.0855021,59,24,11,0.776316
0.0721,19,19,4393,0.0868388,57,21,15,0.75
0.0721,19,20,4272,0.0844369,92,41,10,0.901961
0.0721,19,21,4392,0.0865385,77,26,25,0.740385
0.0721,19,22,4507,0.0891064,65,26,13,0.8125
0.0721,19,23,4512,0.0903701,68,25,18,0.73913
0.0721,19,24,4350,0.0880709,88,40,8,0.897959
0.0721,19,25,4409,0.0885733,67,29,9,0.8375
0.0721,19,26,4474,0.0890455,83,36,11,0.864583
0.0721,19,27,4305,0.0859247,61,25,11,0.802632
0.0721,19,28,4495,0.0896776,70,30,10,0.795455
0.0721,19,29,4370,0.0875541,118,42,34,0.75641
0.0721,19,30,4486,0.0897092,91,36,19,0.758333
0.0721,19,31,4672,0.0928052,74,30,14,0.840909
0.0721,19,32,4539,0.091108,80,32,16,0.816327
0.0721,19,33,4497,0.0912541,103,43,17,0.844262
0.0721,19,34,4714,0.0952362,104,46,12,0.852459
0.0721,19,35,4774,0.0960293,105,46,13,0.875
0.0721,19,36,4904,0.097736,93,37,19,0.788136
0.0721,19,37,4928,0.0971532,157,70,17,0.892045
0.0721,19,38,4640,0.0924634,145,64,17,0.884146
0.0721,19,39,4889,0.0966473,88,34,20,0.77193
0.0721,19,40,4701,0.0937052,63,25,13,0.768293
0.0721,19,41,4732,0.0938442,86,35,16,0.811321
0.0721,19,42,4854,0.0970722,111,49,13,0.895161
0.0721,19,43,4818,0.0959493,59,27,5,0.921875
0.0721,19,44,4944,0.0983724,70,28,14,0.795455
0.0721,19,45,5175,0.103645,107,45,17,0.823077
0.0721,19,46,5108,0.101591,81,33,15,0.826531
0.0721,19,47,5182,0.104102,66,27,12,0.825
0.0721,19,48,5144,0.103747,90,39,12,0.882353
0.0721,19,49,5377,0.106059,70,26,18,0.76087
0.0721,19,50,5610,0.110568,112,47,18,0.848485
0.0721,19,51,5610,0.111094,128,60,8,0.941176
0.0721,19,52,5719,0.11372,75,31,13,0.833333
0.0721,19,53,5807,0.113765,104,49,6,0.912281
0.0721,19,54,6008,0.119183,89,38,13,0.872549
0.0721,19,55,6168,0.119216,91,42,7,0.91
0.0721,19,56,6298,0.124147,67,30,7,0.905405
0.0721,19,57,6420,0.127832,147,66,15,0.907407
0.0721,19,58,6277,0.124603,85,40,5,0.923913
0.0721,19,59,6681,0.131952,97,43,11,0.850877
0.0721,19,60,6654,0.131502,71,33,5,0.934211
0.0721,19,61,6630,0.130769,106,50,6,0.929825
0.0721,19,62,6589,0.130755,85,40,5,0.904255
0.0721,19,63,6862,0.134866,84,39,6,0.913043
0.0721,19,64,6880,0.136232,125,61,3,0.961538
0.0721,19,65,6882,0.136072,49,22,5,0.907407
0.0721,19,66,7034,0.138127,129,61,7,0.948529
0.0721,19,67,7238,0.141136,111,48,15,0.853846
0.0721,19,68,7461,0.145246,100,47,6,0.943396
0.0721,19,69,7321,0.145408,105,46,13,0.860656
0.0721,19,70,7659,0.151071,103,46,11,0.872881
0.0721,19,71,7888,0.152815,119,57,5,0.959677
0.0721,19,72,7973,0.154032,115,53,9,0.927419
0.0721,19,73,8214,0.15965,109,52,5,0.95614
0.0721,19,74,8397,0.15976,125,61,3,0.94697
0.0721,19,75,8692,0.163697,105,46,13,0.889831
0.0721,19,76,8651,0.164224,114,52,10,0.919355
0.0721,19,77,8723,0.16689,124,60,4,0.96875
0.0721,19,78,8969,0.171459,131,65,1,0.992424
0.0721,19,79,8968,0.170761,94,43,8,0.903846
0.0721,19,80,8945,0.175358,87,42,3,0.966667
0.0721,19,81,9272,0.180179,114,55,4,0.966102
0.0721,19,82,9211,0.180106,121,60,1,0.991803
0.0721,19,83,9226,0.1812,105,52,1,0.990566
0.0721,19,84,9615,0.186373,125,62,1,0.992063
0.0721,19,85,9353,0.183767,63,31,1,0.984375
0.0721,19,86,9510,0.186376,112,55,2,0.982456
0.0721,19,87,9813,0.19336,108,53,2,0.981818
0.0721,19,88,10087,0.19675,90,45,0,1.0
0.0721,19,89,10325,0.201267,132,62,8,0.942857
0.0721,19,90,10281,0.199647,93,43,7,0.93
0.0721,19,91,10561,0.205259,109,54,1,0.990909
0.0721,19,92,10852,0.210669,125,62,1,0.992063
0.0721,19,93,10605,0.208678,126,62,2,0.984375
0.0721,19,94,10996,0.215836,182,89,4,0.978495
0.0721,19,95,11475,0.223423,122,61,0,1.0
0.0721,19,96,11495,0.221945,133,65,3,0.977941
0.0721,19,97,11348,0.221165,108,53,2,0.981818
0.0721,19,98,11493,0.225459,107,52,3,0.972727
0.0721,19,99,11858,0.230691,88,44,0,1.0
0.0721,19,100,12284,0.23965,128,64,0,1.0
